
--- WBC DEBUG STEP ---
num_envs: 1
navigate_cmd (vel_x, vel_y, yaw): [ 0.          0.00209151 -0.01328125]
base_height_cmd (height): [0.73359376]
torso_orientation_rpy_cmd: [0. 0. 0.]
wbc_obs q (first 5): [-0.1         0.          0.          0.30000001 -0.2       ]
wbc_action q (first 5): [-0.12222131  0.02889257 -0.01281834  0.4115541  -0.17426696]
arm joint targets: {'left_shoulder_roll_joint': -0.07204271852970123, 'right_shoulder_roll_joint': 0.0, 'left_elbow_joint': 0.0, 'right_elbow_joint': 0.0}

--- WBC DEBUG STEP ---
num_envs: 1
navigate_cmd (vel_x, vel_y, yaw): [ 0.          0.00237007 -0.01328125]
base_height_cmd (height): [0.73710936]
torso_orientation_rpy_cmd: [0. 0. 0.]
wbc_obs q (first 5): [-2.42588878e-01  8.04923067e-04 -4.13701520e-04  6.05705261e-01
 -3.58001173e-01]
wbc_action q (first 5): [-0.22354379  0.00343505 -0.00160114  0.59274042  0.04771049]
arm joint targets: {'left_shoulder_roll_joint': -0.07530424743890762, 'right_shoulder_roll_joint': 0.0, 'left_elbow_joint': 0.0, 'right_elbow_joint': 0.0}

--- WBC DEBUG STEP ---
num_envs: 1
navigate_cmd (vel_x, vel_y, yaw): [ 0.          0.00097724 -0.00742187]
base_height_cmd (height): [0.7391602]
torso_orientation_rpy_cmd: [0. 0. 0.]
wbc_obs q (first 5): [-2.97374547e-01 -4.17761621e-05 -5.33861567e-05  7.25633264e-01
 -4.28281099e-01]
wbc_action q (first 5): [-0.27092773  0.00154576 -0.00483823  0.70593649  0.15933008]
arm joint targets: {'left_shoulder_roll_joint': -0.08943755179643631, 'right_shoulder_roll_joint': 0.0, 'left_elbow_joint': 0.0, 'right_elbow_joint': 0.0}

--- WBC DEBUG STEP ---
num_envs: 1
navigate_cmd (vel_x, vel_y, yaw): [ 0.          0.00076831 -0.00546875]
base_height_cmd (height): [0.74003905]
torso_orientation_rpy_cmd: [0. 0. 0.]
wbc_obs q (first 5): [-2.97368407e-01 -1.62556498e-05  2.95291215e-06  7.25608051e-01
 -4.28239852e-01]
wbc_action q (first 5): [-0.28917164  0.00983658 -0.00751812  0.73769456  0.16463082]
arm joint targets: {'left_shoulder_roll_joint': -0.07747860252857208, 'right_shoulder_roll_joint': 0.0, 'left_elbow_joint': 0.0, 'right_elbow_joint': 0.0}

--- WBC DEBUG STEP ---
num_envs: 1
navigate_cmd (vel_x, vel_y, yaw): [ 0.          0.00292721 -0.00351563]
base_height_cmd (height): [0.74003905]
torso_orientation_rpy_cmd: [0. 0. 0.]
wbc_obs q (first 5): [-3.04501861e-01  3.56433952e-06  5.41963091e-05  7.38760829e-01
 -4.22003537e-01]
wbc_action q (first 5): [-0.3006753   0.01241478 -0.00736     0.74797225  0.13320534]
arm joint targets: {'left_shoulder_roll_joint': -0.07965295761823654, 'right_shoulder_roll_joint': 0.0, 'left_elbow_joint': 0.0, 'right_elbow_joint': 0.0}

--- WBC DEBUG STEP ---
num_envs: 1
navigate_cmd (vel_x, vel_y, yaw): [ 0.          0.00139509 -0.00351563]
base_height_cmd (height): [0.73769534]
torso_orientation_rpy_cmd: [0. 0. 0.]
wbc_obs q (first 5): [-3.16579908e-01 -5.55318984e-05 -7.34260830e-05  7.60782719e-01
 -4.10809994e-01]
wbc_action q (first 5): [-0.31096506  0.01479578 -0.00510185  0.74913013  0.09123392]
arm joint targets: {'left_shoulder_roll_joint': -0.07747860252857208, 'right_shoulder_roll_joint': 0.0, 'left_elbow_joint': 0.0, 'right_elbow_joint': 0.0}

--- WBC DEBUG STEP ---
num_envs: 1
navigate_cmd (vel_x, vel_y, yaw): [ 0.         -0.00013703 -0.00351563]
base_height_cmd (height): [0.74003905]
torso_orientation_rpy_cmd: [0. 0. 0.]
wbc_obs q (first 5): [-3.25244576e-01 -7.56584413e-05 -1.27462947e-04  7.76400208e-01
 -4.02320057e-01]
wbc_action q (first 5): [-0.30725673  0.02124608 -0.00420786  0.73743445  0.04593973]
arm joint targets: {'left_shoulder_roll_joint': -0.07530424743890762, 'right_shoulder_roll_joint': 0.0, 'left_elbow_joint': 0.0, 'right_elbow_joint': 0.0}

--- WBC DEBUG STEP ---
num_envs: 1
navigate_cmd (vel_x, vel_y, yaw): [ 0.          0.00097724 -0.00351563]
base_height_cmd (height): [0.740625]
torso_orientation_rpy_cmd: [0. 0. 0.]
wbc_obs q (first 5): [-3.24072838e-01 -7.33622210e-06  4.13376438e-05  7.74283767e-01
 -4.03504640e-01]
wbc_action q (first 5): [-0.29716721  0.02224581 -0.00384373  0.7300812   0.0279187 ]
arm joint targets: {'left_shoulder_roll_joint': -0.07421707361936569, 'right_shoulder_roll_joint': 0.0, 'left_elbow_joint': 0.0, 'right_elbow_joint': 0.0}

--- WBC DEBUG STEP ---
num_envs: 1
navigate_cmd (vel_x, vel_y, yaw): [ 0.         -0.0004156  -0.00058594]
base_height_cmd (height): [0.740332]
torso_orientation_rpy_cmd: [0. 0. 0.]
wbc_obs q (first 5): [-3.14792573e-01  1.60128184e-05  9.89526379e-05  7.57517993e-01
 -4.12529886e-01]
wbc_action q (first 5): [-0.28421575  0.0221081  -0.00434434  0.72536182  0.04117024]
arm joint targets: {'left_shoulder_roll_joint': -0.07530424743890762, 'right_shoulder_roll_joint': 0.0, 'left_elbow_joint': 0.0, 'right_elbow_joint': 0.0}

--- WBC DEBUG STEP ---
num_envs: 1
navigate_cmd (vel_x, vel_y, yaw): [0.         0.0012558  0.00039063]
base_height_cmd (height): [0.74179685]
torso_orientation_rpy_cmd: [0. 0. 0.]
wbc_obs q (first 5): [-3.04319412e-01  4.96354824e-06  8.43381786e-05  7.38390088e-01
 -4.22156960e-01]
wbc_action q (first 5): [-0.27325499  0.02020097 -0.00536368  0.71971953  0.07112198]
arm joint targets: {'left_shoulder_roll_joint': -0.07639142870903015, 'right_shoulder_roll_joint': 0.0, 'left_elbow_joint': 0.0, 'right_elbow_joint': 0.0}

--- WBC DEBUG STEP ---
num_envs: 1
navigate_cmd (vel_x, vel_y, yaw): [ 0.          0.00028082 -0.00058594]
base_height_cmd (height): [0.74179685]
torso_orientation_rpy_cmd: [0. 0. 0.]
wbc_obs q (first 5): [-2.97524452e-01  5.56667919e-06  8.58808125e-05  7.25862741e-01
 -4.28103954e-01]
wbc_action q (first 5): [-0.26538417  0.01980566 -0.00490465  0.71670151  0.09687789]
arm joint targets: {'left_shoulder_roll_joint': -0.07747860252857208, 'right_shoulder_roll_joint': 0.0, 'left_elbow_joint': 0.0, 'right_elbow_joint': 0.0}

--- WBC DEBUG STEP ---
num_envs: 1
navigate_cmd (vel_x, vel_y, yaw): [ 0.         -0.00152987 -0.0015625 ]
base_height_cmd (height): [0.74179685]
torso_orientation_rpy_cmd: [0. 0. 0.]
wbc_obs q (first 5): [-2.97754586e-01 -2.62924277e-05  1.11776490e-05  7.26291478e-01
 -4.27911103e-01]
wbc_action q (first 5): [-0.26167414  0.01899853 -0.0058704   0.71750104  0.10829215]
arm joint targets: {'left_shoulder_roll_joint': -0.07747860252857208, 'right_shoulder_roll_joint': 0.0, 'left_elbow_joint': 0.0, 'right_elbow_joint': 0.0}

--- WBC DEBUG STEP ---
num_envs: 1
navigate_cmd (vel_x, vel_y, yaw): [ 0.         -0.00152987  0.00136719]
base_height_cmd (height): [0.7423828]
torso_orientation_rpy_cmd: [0. 0. 0.]
wbc_obs q (first 5): [-2.98624843e-01 -5.32631657e-06  6.60806108e-05  7.27899313e-01
 -4.27164704e-01]
wbc_action q (first 5): [-0.26041576  0.01888234 -0.00570425  0.71829849  0.11627533]
arm joint targets: {'left_shoulder_roll_joint': -0.07530424743890762, 'right_shoulder_roll_joint': 0.0, 'left_elbow_joint': 0.0, 'right_elbow_joint': 0.0}

--- WBC DEBUG STEP ---
num_envs: 1
navigate_cmd (vel_x, vel_y, yaw): [0.         0.0004201  0.00039063]
base_height_cmd (height): [0.7423828]
torso_orientation_rpy_cmd: [0. 0. 0.]
wbc_obs q (first 5): [-2.99473852e-01 -7.51796051e-06  5.80324049e-05  7.29468107e-01
 -4.26435143e-01]
wbc_action q (first 5): [-0.26008061  0.01854791 -0.00551645  0.71900249  0.11956863]
arm joint targets: {'left_shoulder_roll_joint': -0.081827312707901, 'right_shoulder_roll_joint': 0.0, 'left_elbow_joint': 0.0, 'right_elbow_joint': 0.0}

--- WBC DEBUG STEP ---
num_envs: 1
navigate_cmd (vel_x, vel_y, yaw): [ 0.         -0.00111202  0.00136719]
base_height_cmd (height): [0.74208987]
torso_orientation_rpy_cmd: [0. 0. 0.]
wbc_obs q (first 5): [-3.00065547e-01 -8.16808733e-06  5.56578379e-05  7.30561137e-01
 -4.25922006e-01]
wbc_action q (first 5): [-0.26020446  0.01860402 -0.00567293  0.71940935  0.11995257]
arm joint targets: {'left_shoulder_roll_joint': -0.07856578379869461, 'right_shoulder_roll_joint': 0.0, 'left_elbow_joint': 0.0, 'right_elbow_joint': 0.0}

--- WBC DEBUG STEP ---
num_envs: 1
navigate_cmd (vel_x, vel_y, yaw): [0.         0.0012558  0.00039063]
base_height_cmd (height): [0.7423828]
torso_orientation_rpy_cmd: [0. 0. 0.]
wbc_obs q (first 5): [-3.00351948e-01 -1.24785238e-05  4.43630561e-05  7.31089354e-01
 -4.25673515e-01]
wbc_action q (first 5): [-0.2604751   0.01810023 -0.00551012  0.71916747  0.11969332]
arm joint targets: {'left_shoulder_roll_joint': -0.08291449397802353, 'right_shoulder_roll_joint': 0.0, 'left_elbow_joint': 0.0, 'right_elbow_joint': 0.0}

--- WBC DEBUG STEP ---
num_envs: 1
navigate_cmd (vel_x, vel_y, yaw): [0.         0.00028082 0.00136719]
base_height_cmd (height): [0.74296874]
torso_orientation_rpy_cmd: [0. 0. 0.]
wbc_obs q (first 5): [-3.00324440e-01 -6.53251800e-06  6.16174293e-05  7.31038392e-01
 -4.25697088e-01]
wbc_action q (first 5): [-0.26096562  0.01802535 -0.00552389  0.71826375  0.11926191]
arm joint targets: {'left_shoulder_roll_joint': -0.08291449397802353, 'right_shoulder_roll_joint': 0.0, 'left_elbow_joint': 0.0, 'right_elbow_joint': 0.0}

--- WBC DEBUG STEP ---
num_envs: 1
navigate_cmd (vel_x, vel_y, yaw): [0.         0.00014153 0.00136719]
base_height_cmd (height): [0.7432617]
torso_orientation_rpy_cmd: [0. 0. 0.]
wbc_obs q (first 5): [-2.99976468e-01 -2.25785061e-05  2.21487007e-05  7.30397284e-01
 -4.25994992e-01]
wbc_action q (first 5): [-0.26124048  0.01782158 -0.00578324  0.71728635  0.11882098]
arm joint targets: {'left_shoulder_roll_joint': -0.08617602288722992, 'right_shoulder_roll_joint': 0.0, 'left_elbow_joint': 0.0, 'right_elbow_joint': 0.0}

--- WBC DEBUG STEP ---
num_envs: 1
navigate_cmd (vel_x, vel_y, yaw): [ 0.0000000e+00 -6.7391346e-05  3.9062501e-04]
base_height_cmd (height): [0.74296874]
torso_orientation_rpy_cmd: [0. 0. 0.]
wbc_obs q (first 5): [-2.99412966e-01 -1.56515143e-05  4.12826812e-05  7.29356170e-01
 -4.26483810e-01]
wbc_action q (first 5): [-0.26176834  0.01798302 -0.00576954  0.71676415  0.11805595]
arm joint targets: {'left_shoulder_roll_joint': -0.08508884906768799, 'right_shoulder_roll_joint': 0.0, 'left_elbow_joint': 0.0, 'right_elbow_joint': 0.0}

--- WBC DEBUG STEP ---
num_envs: 1
navigate_cmd (vel_x, vel_y, yaw): [0.         0.0004201  0.00039063]
base_height_cmd (height): [0.7432617]
torso_orientation_rpy_cmd: [0. 0. 0.]
wbc_obs q (first 5): [-2.98903644e-01 -1.68075239e-05  3.69090631e-05  7.28415906e-01
 -4.26922470e-01]
wbc_action q (first 5): [-0.26222059  0.01788851 -0.00592466  0.71571994  0.11716433]
arm joint targets: {'left_shoulder_roll_joint': -0.0926990881562233, 'right_shoulder_roll_joint': 0.0, 'left_elbow_joint': 0.0, 'right_elbow_joint': 0.0}

--- WBC DEBUG STEP ---
num_envs: 1
navigate_cmd (vel_x, vel_y, yaw): [0.         0.00014153 0.00039063]
base_height_cmd (height): [0.7426758]
torso_orientation_rpy_cmd: [0. 0. 0.]
wbc_obs q (first 5): [-2.98485279e-01 -1.43872894e-05  4.33626119e-05  7.27642357e-01
 -4.27284122e-01]
wbc_action q (first 5): [-0.26282617  0.01809386 -0.0058362   0.71537167  0.115317  ]
arm joint targets: {'left_shoulder_roll_joint': -0.09487344324588776, 'right_shoulder_roll_joint': 0.0, 'left_elbow_joint': 0.0, 'right_elbow_joint': 0.0}

--- WBC DEBUG STEP ---
num_envs: 1
navigate_cmd (vel_x, vel_y, yaw): [ 0.         -0.00111202  0.00332031]
base_height_cmd (height): [0.7432617]
torso_orientation_rpy_cmd: [0. 0. 0.]
wbc_obs q (first 5): [-2.98207015e-01 -1.20063287e-05  5.06953947e-05  7.27127075e-01
 -4.27522182e-01]
wbc_action q (first 5): [-0.26338246  0.01828185 -0.00609912  0.71403891  0.11358888]
arm joint targets: {'left_shoulder_roll_joint': -0.09922215342521667, 'right_shoulder_roll_joint': 0.0, 'left_elbow_joint': 0.0, 'right_elbow_joint': 0.0}

--- WBC DEBUG STEP ---
num_envs: 1
navigate_cmd (vel_x, vel_y, yaw): [ 0.         -0.002087   -0.00058594]
base_height_cmd (height): [0.7435547]
torso_orientation_rpy_cmd: [0. 0. 0.]
wbc_obs q (first 5): [-2.97867656e-01 -2.68841959e-05  9.73901024e-06  7.26500750e-01
 -4.27814633e-01]
wbc_action q (first 5): [-0.26312825  0.01847259 -0.00639801  0.71277159  0.11220573]
arm joint targets: {'left_shoulder_roll_joint': -0.09704779833555222, 'right_shoulder_roll_joint': 0.0, 'left_elbow_joint': 0.0, 'right_elbow_joint': 0.0}

--- WBC DEBUG STEP ---
num_envs: 1
navigate_cmd (vel_x, vel_y, yaw): [ 0.         -0.00069417  0.00136719]
base_height_cmd (height): [0.7435547]
torso_orientation_rpy_cmd: [0. 0. 0.]
wbc_obs q (first 5): [-2.97388822e-01 -8.00247562e-06  6.07231887e-05  7.25612581e-01
 -4.28222924e-01]
wbc_action q (first 5): [-0.26341757  0.01828743 -0.00634329  0.71199024  0.11086766]
arm joint targets: {'left_shoulder_roll_joint': -0.09813497215509415, 'right_shoulder_roll_joint': 0.0, 'left_elbow_joint': 0.0, 'right_elbow_joint': 0.0}

--- WBC DEBUG STEP ---
num_envs: 1
navigate_cmd (vel_x, vel_y, yaw): [ 0.0015625  -0.00034596  0.00429688]
base_height_cmd (height): [0.74501956]
torso_orientation_rpy_cmd: [0. 0. 0.]
wbc_obs q (first 5): [-2.97388762e-01 -1.14918194e-05  5.27561970e-05  7.25613058e-01
 -4.28223312e-01]
wbc_action q (first 5): [-0.26303828  0.01822515 -0.00630719  0.71008098  0.10967423]
arm joint targets: {'left_shoulder_roll_joint': -0.09704779833555222, 'right_shoulder_roll_joint': 0.0, 'left_elbow_joint': 0.0, 'right_elbow_joint': 0.0}

--- WBC DEBUG STEP ---
num_envs: 1
navigate_cmd (vel_x, vel_y, yaw): [0.         0.00014153 0.00234375]
base_height_cmd (height): [0.74384767]
torso_orientation_rpy_cmd: [0. 0. 0.]
wbc_obs q (first 5): [-2.97388852e-01 -1.20191962e-05  5.23884082e-05  7.25612700e-01
 -4.28223282e-01]
wbc_action q (first 5): [-0.26309186  0.0181507  -0.00614324  0.71067691  0.10827728]
arm joint targets: {'left_shoulder_roll_joint': -0.09976574033498764, 'right_shoulder_roll_joint': 0.0, 'left_elbow_joint': 0.0, 'right_elbow_joint': 0.0}

--- WBC DEBUG STEP ---
num_envs: 1
navigate_cmd (vel_x, vel_y, yaw): [ 0.0015625  -0.0004156   0.00429688]
base_height_cmd (height): [0.7423828]
torso_orientation_rpy_cmd: [0. 0. 0.]
wbc_obs q (first 5): [-2.97389269e-01 -1.35880209e-05  4.87041107e-05  7.25613475e-01
 -4.28223431e-01]
wbc_action q (first 5): [-0.26374793  0.01814797 -0.00612621  0.71181005  0.10538279]
arm joint targets: {'left_shoulder_roll_joint': -0.09922215342521667, 'right_shoulder_roll_joint': 0.0, 'left_elbow_joint': 0.0, 'right_elbow_joint': 0.0}

--- WBC DEBUG STEP ---
num_envs: 1
navigate_cmd (vel_x, vel_y, yaw): [ 0.         -0.00069417  0.00429688]
base_height_cmd (height): [0.7432617]
torso_orientation_rpy_cmd: [0. 0. 0.]
wbc_obs q (first 5): [-2.97388762e-01 -1.44239848e-05  4.37965173e-05  7.25612879e-01
 -4.28223640e-01]
wbc_action q (first 5): [-0.2643007   0.0183913  -0.00602992  0.71108812  0.10457937]
arm joint targets: {'left_shoulder_roll_joint': -0.10302726924419403, 'right_shoulder_roll_joint': 0.0, 'left_elbow_joint': 0.0, 'right_elbow_joint': 0.0}

--- WBC DEBUG STEP ---
num_envs: 1
navigate_cmd (vel_x, vel_y, yaw): [ 0.         -0.00055488  0.00039063]
base_height_cmd (height): [0.7423828]
torso_orientation_rpy_cmd: [0. 0. 0.]
wbc_obs q (first 5): [-2.97389269e-01 -1.30319004e-05  5.09340753e-05  7.25613356e-01
 -4.28223282e-01]
wbc_action q (first 5): [-0.26446909  0.01859218 -0.00570704  0.71170437  0.10292353]
arm joint targets: {'left_shoulder_roll_joint': -0.103570856153965, 'right_shoulder_roll_joint': 0.0, 'left_elbow_joint': 0.0, 'right_elbow_joint': 0.0}

--- WBC DEBUG STEP ---
num_envs: 1
navigate_cmd (vel_x, vel_y, yaw): [ 0.00078125 -0.00097274  0.00332031]
base_height_cmd (height): [0.7432617]
torso_orientation_rpy_cmd: [0. 0. 0.]
wbc_obs q (first 5): [-2.97390223e-01 -9.66057360e-06  5.52376077e-05  7.25616693e-01
 -4.28225875e-01]
wbc_action q (first 5): [-0.26463306  0.01879187 -0.005684    0.71088064  0.10223128]
arm joint targets: {'left_shoulder_roll_joint': -0.10248368233442307, 'right_shoulder_roll_joint': 0.0, 'left_elbow_joint': 0.0, 'right_elbow_joint': 0.0}

--- WBC DEBUG STEP ---
num_envs: 1
navigate_cmd (vel_x, vel_y, yaw): [ 0.         -0.00152987  0.00136719]
base_height_cmd (height): [0.7435547]
torso_orientation_rpy_cmd: [0. 0. 0.]
wbc_obs q (first 5): [-2.97388554e-01 -1.61366079e-05  4.23673446e-05  7.25613058e-01
 -4.28222924e-01]
wbc_action q (first 5): [-0.2642628   0.01895545 -0.0056103   0.71046025  0.10195918]
arm joint targets: {'left_shoulder_roll_joint': -0.1003093272447586, 'right_shoulder_roll_joint': 0.0, 'left_elbow_joint': 0.0, 'right_elbow_joint': 0.0}

--- WBC DEBUG STEP ---
num_envs: 1
navigate_cmd (vel_x, vel_y, yaw): [ 0.003125   -0.00013703  0.00234375]
base_height_cmd (height): [0.7426758]
torso_orientation_rpy_cmd: [0. 0. 0.]
wbc_obs q (first 5): [-2.97388762e-01 -1.38712903e-05  4.82394171e-05  7.25612462e-01
 -4.28222954e-01]
wbc_action q (first 5): [-0.26400188  0.0187384  -0.00554472  0.71108723  0.10055353]
arm joint targets: {'left_shoulder_roll_joint': -0.0926990881562233, 'right_shoulder_roll_joint': 0.0, 'left_elbow_joint': 0.0, 'right_elbow_joint': 0.0}

--- WBC DEBUG STEP ---
num_envs: 1
navigate_cmd (vel_x, vel_y, yaw): [ 0.00078125 -0.00097274  0.00332031]
base_height_cmd (height): [0.74296874]
torso_orientation_rpy_cmd: [0. 0. 0.]
wbc_obs q (first 5): [-2.97389746e-01 -1.14304121e-05  5.04885102e-05  7.25614607e-01
 -4.28224623e-01]
wbc_action q (first 5): [-0.26427734  0.01896046 -0.00551083  0.71101725  0.10113178]
arm joint targets: {'left_shoulder_roll_joint': -0.10465803742408752, 'right_shoulder_roll_joint': 0.0, 'left_elbow_joint': 0.0, 'right_elbow_joint': 0.0}

--- WBC DEBUG STEP ---
num_envs: 1
navigate_cmd (vel_x, vel_y, yaw): [ 0.0000000e+00  2.2504828e-06 -5.8593752e-04]
base_height_cmd (height): [0.74296874]
torso_orientation_rpy_cmd: [0. 0. 0.]
wbc_obs q (first 5): [-2.97388077e-01 -1.59748397e-05  4.29637948e-05  7.25611866e-01
 -4.28222895e-01]
wbc_action q (first 5): [-0.26421669  0.01891164 -0.00532514  0.71123672  0.10084642]
arm joint targets: {'left_shoulder_roll_joint': -0.10085291415452957, 'right_shoulder_roll_joint': 0.0, 'left_elbow_joint': 0.0, 'right_elbow_joint': 0.0}

--- WBC DEBUG STEP ---
num_envs: 1
navigate_cmd (vel_x, vel_y, yaw): [ 0.00078125 -0.00180844  0.00234375]
base_height_cmd (height): [0.7415039]
torso_orientation_rpy_cmd: [0. 0. 0.]
wbc_obs q (first 5): [-2.97390193e-01 -1.04252986e-05  5.36500411e-05  7.25616157e-01
 -4.28225666e-01]
wbc_action q (first 5): [-0.26467359  0.01902148 -0.00559657  0.71236753  0.09990378]
arm joint targets: {'left_shoulder_roll_joint': -0.10302726924419403, 'right_shoulder_roll_joint': 0.0, 'left_elbow_joint': 0.0, 'right_elbow_joint': 0.0}

--- WBC DEBUG STEP ---
num_envs: 1
navigate_cmd (vel_x, vel_y, yaw): [ 0.         -0.00152987  0.00234375]
base_height_cmd (height): [0.74208987]
torso_orientation_rpy_cmd: [0. 0. 0.]
wbc_obs q (first 5): [-2.97388434e-01 -1.63705172e-05  3.96378600e-05  7.25613356e-01
 -4.28223819e-01]
wbc_action q (first 5): [-0.26493734  0.01904078 -0.00557016  0.71227503  0.10015447]
arm joint targets: {'left_shoulder_roll_joint': -0.1003093272447586, 'right_shoulder_roll_joint': 0.0, 'left_elbow_joint': 0.0, 'right_elbow_joint': 0.0}

--- WBC DEBUG STEP ---
num_envs: 1
navigate_cmd (vel_x, vel_y, yaw): [ 0.0015625  -0.00097274  0.00332031]
base_height_cmd (height): [0.74208987]
torso_orientation_rpy_cmd: [0. 0. 0.]
wbc_obs q (first 5): [-2.97389597e-01 -1.03824577e-05  5.62648747e-05  7.25614786e-01
 -4.28224295e-01]
wbc_action q (first 5): [-0.26482984  0.01900689 -0.00546591  0.71229523  0.10015516]
arm joint targets: {'left_shoulder_roll_joint': -0.10085291415452957, 'right_shoulder_roll_joint': 0.0, 'left_elbow_joint': 0.0, 'right_elbow_joint': 0.0}

--- WBC DEBUG STEP ---
num_envs: 1
navigate_cmd (vel_x, vel_y, yaw): [ 0.00078125 -0.00118166  0.00332031]
base_height_cmd (height): [0.740625]
torso_orientation_rpy_cmd: [0. 0. 0.]
wbc_obs q (first 5): [-2.97387600e-01 -2.00683226e-05  3.06444745e-05  7.25612402e-01
 -4.28223968e-01]
wbc_action q (first 5): [-0.26519993  0.01885672 -0.00557627  0.71369159  0.09943114]
arm joint targets: {'left_shoulder_roll_joint': -0.09596061706542969, 'right_shoulder_roll_joint': 0.0, 'left_elbow_joint': 0.0, 'right_elbow_joint': 0.0}

--- WBC DEBUG STEP ---
num_envs: 1
navigate_cmd (vel_x, vel_y, yaw): [ 0.00078125 -0.0012513   0.00234375]
base_height_cmd (height): [0.740332]
torso_orientation_rpy_cmd: [0. 0. 0.]
wbc_obs q (first 5): [-2.97433197e-01 -2.41981706e-05  1.65359306e-05  7.25696385e-01
 -4.28186744e-01]
wbc_action q (first 5): [-0.26525378  0.01891975 -0.0055397   0.7143594   0.09915023]
arm joint targets: {'left_shoulder_roll_joint': -0.1019400954246521, 'right_shoulder_roll_joint': 0.0, 'left_elbow_joint': 0.0, 'right_elbow_joint': 0.0}

--- WBC DEBUG STEP ---
num_envs: 1
navigate_cmd (vel_x, vel_y, yaw): [ 0.         -0.0012513   0.00429688]
base_height_cmd (height): [0.7385742]
torso_orientation_rpy_cmd: [0. 0. 0.]
wbc_obs q (first 5): [-2.97486901e-01 -2.13423846e-05  2.42005426e-05  7.25795805e-01
 -4.28140610e-01]
wbc_action q (first 5): [-0.26619095  0.01877704 -0.00562774  0.71619368  0.09792165]
arm joint targets: {'left_shoulder_roll_joint': -0.11226827651262283, 'right_shoulder_roll_joint': 0.0, 'left_elbow_joint': 0.0, 'right_elbow_joint': 0.0}

--- WBC DEBUG STEP ---
num_envs: 1
navigate_cmd (vel_x, vel_y, yaw): [ 0.0015625  -0.00166915  0.00136719]
base_height_cmd (height): [0.73945314]
torso_orientation_rpy_cmd: [0. 0. 0.]
wbc_obs q (first 5): [-2.98015624e-01 -1.97086301e-05  2.84540547e-05  7.26773739e-01
 -4.27688271e-01]
wbc_action q (first 5): [-0.26688612  0.01904418 -0.00589349  0.71581322  0.09572981]
arm joint targets: {'left_shoulder_roll_joint': -0.10085291415452957, 'right_shoulder_roll_joint': 0.0, 'left_elbow_joint': 0.0, 'right_elbow_joint': 0.0}

--- WBC DEBUG STEP ---
num_envs: 1
navigate_cmd (vel_x, vel_y, yaw): [ 0.0015625  -0.002087    0.00429688]
base_height_cmd (height): [0.7385742]
torso_orientation_rpy_cmd: [0. 0. 0.]
wbc_obs q (first 5): [-2.98585236e-01 -2.21795945e-05  2.21125283e-05  7.27826953e-01
 -4.27198321e-01]
wbc_action q (first 5): [-0.26770684  0.01894468 -0.00620353  0.71667135  0.09436141]
arm joint targets: {'left_shoulder_roll_joint': -0.10248368233442307, 'right_shoulder_roll_joint': 0.0, 'left_elbow_joint': 0.0, 'right_elbow_joint': 0.0}

--- WBC DEBUG STEP ---
num_envs: 1
navigate_cmd (vel_x, vel_y, yaw): [ 0.00078125 -0.00013703  0.00136719]
base_height_cmd (height): [0.73710936]
torso_orientation_rpy_cmd: [0. 0. 0.]
wbc_obs q (first 5): [-2.99000502e-01 -2.15271430e-05  2.31894464e-05  7.28594601e-01
 -4.26839590e-01]
wbc_action q (first 5): [-0.26888484  0.01879188 -0.00588411  0.71866214  0.09249379]
arm joint targets: {'left_shoulder_roll_joint': -0.09704779833555222, 'right_shoulder_roll_joint': 0.0, 'left_elbow_joint': 0.0, 'right_elbow_joint': 0.0}

--- WBC DEBUG STEP ---
num_envs: 1
navigate_cmd (vel_x, vel_y, yaw): [ 0.00390625 -0.00118166  0.00332031]
base_height_cmd (height): [0.73769534]
torso_orientation_rpy_cmd: [0. 0. 0.]
wbc_obs q (first 5): [-2.99643964e-01 -1.59421797e-05  3.78717741e-05  7.29782462e-01
 -4.26285088e-01]
wbc_action q (first 5): [-0.26955652  0.01916714 -0.00578074  0.71843171  0.08955787]
arm joint targets: {'left_shoulder_roll_joint': -0.1003093272447586, 'right_shoulder_roll_joint': 0.0, 'left_elbow_joint': 0.0, 'right_elbow_joint': 0.0}

--- WBC DEBUG STEP ---
num_envs: 1
navigate_cmd (vel_x, vel_y, yaw): [ 0.0015625  -0.00027632  0.00332031]
base_height_cmd (height): [0.73652345]
torso_orientation_rpy_cmd: [0. 0. 0.]
wbc_obs q (first 5): [-3.00173789e-01 -1.24139369e-05  4.74976950e-05  7.30760217e-01
 -4.25825775e-01]
wbc_action q (first 5): [-0.27062023  0.01909955 -0.00553921  0.71998739  0.08760123]
arm joint targets: {'left_shoulder_roll_joint': -0.09704779833555222, 'right_shoulder_roll_joint': 0.0, 'left_elbow_joint': 0.0, 'right_elbow_joint': 0.0}

--- WBC DEBUG STEP ---
num_envs: 1
navigate_cmd (vel_x, vel_y, yaw): [0.0015625  0.00028082 0.00136719]
base_height_cmd (height): [0.7359375]
torso_orientation_rpy_cmd: [0. 0. 0.]
wbc_obs q (first 5): [-3.00657511e-01 -1.84053697e-05  3.24351204e-05  7.31652737e-01
 -4.25403178e-01]
wbc_action q (first 5): [-0.27177086  0.01905754 -0.00547546  0.72097045  0.0849434 ]
arm joint targets: {'left_shoulder_roll_joint': -0.09596061706542969, 'right_shoulder_roll_joint': 0.0, 'left_elbow_joint': 0.0, 'right_elbow_joint': 0.0}

--- WBC DEBUG STEP ---
num_envs: 1
navigate_cmd (vel_x, vel_y, yaw): [ 0.00078125 -0.00013703  0.00039063]
base_height_cmd (height): [0.7338867]
torso_orientation_rpy_cmd: [0. 0. 0.]
wbc_obs q (first 5): [-3.01232278e-01 -2.10779217e-05  2.40571262e-05  7.32712746e-01
 -4.24899966e-01]
wbc_action q (first 5): [-0.27303806  0.01928627 -0.00523691  0.7232967   0.0814345 ]
arm joint targets: {'left_shoulder_roll_joint': -0.10139650106430054, 'right_shoulder_roll_joint': 0.0, 'left_elbow_joint': 0.0, 'right_elbow_joint': 0.0}

--- WBC DEBUG STEP ---
num_envs: 1
navigate_cmd (vel_x, vel_y, yaw): [ 0.0015625  -0.00027632  0.00234375]
base_height_cmd (height): [0.7324219]
torso_orientation_rpy_cmd: [0. 0. 0.]
wbc_obs q (first 5): [-3.02120984e-01 -1.11962429e-07  8.03793664e-05  7.34349072e-01
 -4.24119800e-01]
wbc_action q (first 5): [-0.27550647  0.0195969  -0.00498912  0.72527659  0.07653631]
arm joint targets: {'left_shoulder_roll_joint': -0.09704779833555222, 'right_shoulder_roll_joint': 0.0, 'left_elbow_joint': 0.0, 'right_elbow_joint': 0.0}

--- WBC DEBUG STEP ---
num_envs: 1
navigate_cmd (vel_x, vel_y, yaw): [ 0.00234375 -0.00027632  0.00234375]
base_height_cmd (height): [0.7324219]
torso_orientation_rpy_cmd: [0. 0. 0.]
wbc_obs q (first 5): [-3.03345442e-01 -7.62559421e-06  5.96059072e-05  7.36602008e-01
 -4.23038274e-01]
wbc_action q (first 5): [-0.27724424  0.01978872 -0.00495644  0.72603476  0.07150652]
arm joint targets: {'left_shoulder_roll_joint': -0.10248368233442307, 'right_shoulder_roll_joint': 0.0, 'left_elbow_joint': 0.0, 'right_elbow_joint': 0.0}

--- WBC DEBUG STEP ---
num_envs: 1
navigate_cmd (vel_x, vel_y, yaw): [0.         0.00097724 0.00234375]
base_height_cmd (height): [0.7321289]
torso_orientation_rpy_cmd: [0. 0. 0.]
wbc_obs q (first 5): [-3.04412156e-01  2.42704646e-05  1.38584204e-04  7.38558054e-01
 -4.22095656e-01]
wbc_action q (first 5): [-0.27856195  0.0202361  -0.0040532   0.72727388  0.06772946]
arm joint targets: {'left_shoulder_roll_joint': -0.10737597942352295, 'right_shoulder_roll_joint': 0.0, 'left_elbow_joint': 0.0, 'right_elbow_joint': 0.0}

--- WBC DEBUG STEP ---
num_envs: 1
navigate_cmd (vel_x, vel_y, yaw): [0.         0.00250936 0.00136719]
base_height_cmd (height): [0.75]
torso_orientation_rpy_cmd: [0. 0. 0.]
wbc_obs q (first 5): [-3.05121005e-01  4.83556342e-08  7.74110886e-05  7.39860535e-01
 -4.21457201e-01]
wbc_action q (first 5): [-0.27327645  0.02135153 -0.00402184  0.71061689  0.07468824]
arm joint targets: {'left_shoulder_roll_joint': -0.05029917508363724, 'right_shoulder_roll_joint': 0.0, 'left_elbow_joint': 0.0, 'right_elbow_joint': 0.0}

--- WBC DEBUG STEP ---
num_envs: 1
navigate_cmd (vel_x, vel_y, yaw): [0.         0.00376291 0.00625   ]
base_height_cmd (height): [0.75]
torso_orientation_rpy_cmd: [0. 0. 0.]
wbc_obs q (first 5): [-3.01720500e-01  5.58113534e-05  2.28347111e-04  7.33596802e-01
 -4.24471259e-01]
wbc_action q (first 5): [-0.26718903  0.019456   -0.00523063  0.70645541  0.09400205]
arm joint targets: {'left_shoulder_roll_joint': -0.05573505908250809, 'right_shoulder_roll_joint': 0.0, 'left_elbow_joint': 0.0, 'right_elbow_joint': 0.0}

--- WBC DEBUG STEP ---
num_envs: 1
navigate_cmd (vel_x, vel_y, yaw): [0.         0.00320577 0.00039063]
base_height_cmd (height): [0.75]
torso_orientation_rpy_cmd: [0. 0. 0.]
wbc_obs q (first 5): [-2.97397941e-01  4.92844447e-05  2.09141886e-04  7.25614905e-01
 -4.28217113e-01]
wbc_action q (first 5): [-0.26147071  0.01971082 -0.00481897  0.70405853  0.10296385]
arm joint targets: {'left_shoulder_roll_joint': -0.05029917508363724, 'right_shoulder_roll_joint': 0.0, 'left_elbow_joint': 0.0, 'right_elbow_joint': 0.0}

--- WBC DEBUG STEP ---
num_envs: 1
navigate_cmd (vel_x, vel_y, yaw): [0.       0.002579 0.00625 ]
base_height_cmd (height): [0.75]
torso_orientation_rpy_cmd: [0. 0. 0.]
wbc_obs q (first 5): [-2.97398448e-01  5.12794686e-05  2.14356827e-04  7.25615799e-01
 -4.28217024e-01]
wbc_action q (first 5): [-0.25949249  0.01917985 -0.00500912  0.70373029  0.10892241]
arm joint targets: {'left_shoulder_roll_joint': -0.05138635262846947, 'right_shoulder_roll_joint': 0.0, 'left_elbow_joint': 0.0, 'right_elbow_joint': 0.0}

--- WBC DEBUG STEP ---
num_envs: 1
navigate_cmd (vel_x, vel_y, yaw): [0.         0.00209151 0.00625   ]
base_height_cmd (height): [0.75]
torso_orientation_rpy_cmd: [0. 0. 0.]
wbc_obs q (first 5): [-2.97398329e-01  5.19186033e-05  2.15799882e-04  7.25615859e-01
 -4.28216845e-01]
wbc_action q (first 5): [-0.25870159  0.01909578 -0.00521098  0.70343101  0.11193793]
arm joint targets: {'left_shoulder_roll_joint': -0.03942740336060524, 'right_shoulder_roll_joint': 0.0, 'left_elbow_joint': 0.0, 'right_elbow_joint': 0.0}

--- WBC DEBUG STEP ---
num_envs: 1
navigate_cmd (vel_x, vel_y, yaw): [0.         0.00097724 0.00820313]
base_height_cmd (height): [0.75]
torso_orientation_rpy_cmd: [0. 0. 0.]
wbc_obs q (first 5): [-2.97398359e-01  5.23881827e-05  2.16904475e-04  7.25615561e-01
 -4.28217024e-01]
wbc_action q (first 5): [-0.25810409  0.01912662 -0.00555705  0.70292658  0.11442991]
arm joint targets: {'left_shoulder_roll_joint': -0.04486328735947609, 'right_shoulder_roll_joint': 0.0, 'left_elbow_joint': 0.0, 'right_elbow_joint': 0.0}

--- WBC DEBUG STEP ---
num_envs: 1
navigate_cmd (vel_x, vel_y, yaw): [0.         0.00153437 0.00917969]
base_height_cmd (height): [0.75]
torso_orientation_rpy_cmd: [0. 0. 0.]
wbc_obs q (first 5): [-2.97398388e-01  5.23533818e-05  2.17747714e-04  7.25615859e-01
 -4.28217113e-01]
wbc_action q (first 5): [-0.25772902  0.01875995 -0.005855    0.70262337  0.11596976]
arm joint targets: {'left_shoulder_roll_joint': -0.05138635262846947, 'right_shoulder_roll_joint': 0.0, 'left_elbow_joint': 0.0, 'right_elbow_joint': 0.0}

--- WBC DEBUG STEP ---
num_envs: 1
navigate_cmd (vel_x, vel_y, yaw): [0.         0.00146473 0.00820313]
base_height_cmd (height): [0.75]
torso_orientation_rpy_cmd: [0. 0. 0.]
wbc_obs q (first 5): [-2.97398090e-01  5.23075796e-05  2.17089852e-04  7.25614727e-01
 -4.28216755e-01]
wbc_action q (first 5): [-0.25714344  0.01843865 -0.00594167  0.7024101   0.11597697]
arm joint targets: {'left_shoulder_roll_joint': -0.04486328735947609, 'right_shoulder_roll_joint': 0.0, 'left_elbow_joint': 0.0, 'right_elbow_joint': 0.0}

--- WBC DEBUG STEP ---
num_envs: 1
navigate_cmd (vel_x, vel_y, yaw): [0.         0.00292721 0.00917969]
base_height_cmd (height): [0.75]
torso_orientation_rpy_cmd: [0. 0. 0.]
wbc_obs q (first 5): [-2.97398090e-01  5.25965625e-05  2.17963505e-04  7.25614607e-01
 -4.28216130e-01]
wbc_action q (first 5): [-0.25694934  0.01789767 -0.00590066  0.70232064  0.11644645]
arm joint targets: {'left_shoulder_roll_joint': -0.03181716054677963, 'right_shoulder_roll_joint': 0.0, 'left_elbow_joint': 0.0, 'right_elbow_joint': 0.0}

--- WBC DEBUG STEP ---
num_envs: 1
navigate_cmd (vel_x, vel_y, yaw): [0.         0.00014153 0.00917969]
base_height_cmd (height): [0.75]
torso_orientation_rpy_cmd: [0. 0. 0.]
wbc_obs q (first 5): [-2.97398031e-01  5.21501970e-05  2.16809829e-04  7.25614965e-01
 -4.28216904e-01]
wbc_action q (first 5): [-0.25707221  0.01809711 -0.00592946  0.70212507  0.11742134]
arm joint targets: {'left_shoulder_roll_joint': -0.03942740336060524, 'right_shoulder_roll_joint': 0.0, 'left_elbow_joint': 0.0, 'right_elbow_joint': 0.0}

--- WBC DEBUG STEP ---
num_envs: 1
navigate_cmd (vel_x, vel_y, yaw): [0.         0.002579   0.00820313]
base_height_cmd (height): [0.75]
torso_orientation_rpy_cmd: [0. 0. 0.]
wbc_obs q (first 5): [-2.97398388e-01  5.30403959e-05  2.17634501e-04  7.25615263e-01
 -4.28216457e-01]
wbc_action q (first 5): [-0.25702545  0.0177324  -0.00557009  0.70244658  0.11774148]
arm joint targets: {'left_shoulder_roll_joint': -0.04486328735947609, 'right_shoulder_roll_joint': 0.0, 'left_elbow_joint': 0.0, 'right_elbow_joint': 0.0}

--- WBC DEBUG STEP ---
num_envs: 1
navigate_cmd (vel_x, vel_y, yaw): [0.         0.00153437 0.00625   ]
base_height_cmd (height): [0.75]
torso_orientation_rpy_cmd: [0. 0. 0.]
wbc_obs q (first 5): [-2.97397792e-01  5.18412999e-05  2.17135996e-04  7.25614190e-01
 -4.28216696e-01]
wbc_action q (first 5): [-0.25691181  0.01786637 -0.00554743  0.70255107  0.11749054]
arm joint targets: {'left_shoulder_roll_joint': -0.04377610981464386, 'right_shoulder_roll_joint': 0.0, 'left_elbow_joint': 0.0, 'right_elbow_joint': 0.0}

--- WBC DEBUG STEP ---
num_envs: 1
navigate_cmd (vel_x, vel_y, yaw): [0.         0.00097724 0.00625   ]
base_height_cmd (height): [0.75]
torso_orientation_rpy_cmd: [0. 0. 0.]
wbc_obs q (first 5): [-2.97398120e-01  5.20950816e-05  2.17072433e-04  7.25615025e-01
 -4.28216904e-01]
wbc_action q (first 5): [-0.2571179   0.01788506 -0.00567876  0.70244598  0.11774485]
arm joint targets: {'left_shoulder_roll_joint': -0.04377610981464386, 'right_shoulder_roll_joint': 0.0, 'left_elbow_joint': 0.0, 'right_elbow_joint': 0.0}

--- WBC DEBUG STEP ---
num_envs: 1
navigate_cmd (vel_x, vel_y, yaw): [0.         0.00230043 0.01015625]
base_height_cmd (height): [0.75]
torso_orientation_rpy_cmd: [0. 0. 0.]
wbc_obs q (first 5): [-2.97397703e-01  5.21818693e-05  2.17539593e-04  7.25613713e-01
 -4.28216249e-01]
wbc_action q (first 5): [-0.25718406  0.01764173 -0.00566361  0.70252097  0.11811553]
arm joint targets: {'left_shoulder_roll_joint': -0.03616587072610855, 'right_shoulder_roll_joint': 0.0, 'left_elbow_joint': 0.0, 'right_elbow_joint': 0.0}

--- WBC DEBUG STEP ---
num_envs: 1
navigate_cmd (vel_x, vel_y, yaw): [0.         0.0012558  0.00820313]
base_height_cmd (height): [0.75]
torso_orientation_rpy_cmd: [0. 0. 0.]
wbc_obs q (first 5): [-2.97398478e-01  5.19963760e-05  2.17016190e-04  7.25615144e-01
 -4.28217053e-01]
wbc_action q (first 5): [-0.25725591  0.01780305 -0.005556    0.7025032   0.11861672]
arm joint targets: {'left_shoulder_roll_joint': -0.04703764244914055, 'right_shoulder_roll_joint': 0.0, 'left_elbow_joint': 0.0, 'right_elbow_joint': 0.0}

--- WBC DEBUG STEP ---
num_envs: 1
navigate_cmd (vel_x, vel_y, yaw): [0.         0.00048974 0.01113281]
base_height_cmd (height): [0.75]
torso_orientation_rpy_cmd: [0. 0. 0.]
wbc_obs q (first 5): [-2.97398269e-01  5.19105051e-05  2.17173379e-04  7.25614667e-01
 -4.28216398e-01]
wbc_action q (first 5): [-0.25737721  0.01787397 -0.00562963  0.70254016  0.11852972]
arm joint targets: {'left_shoulder_roll_joint': -0.04377610981464386, 'right_shoulder_roll_joint': 0.0, 'left_elbow_joint': 0.0, 'right_elbow_joint': 0.0}

--- WBC DEBUG STEP ---
num_envs: 1
navigate_cmd (vel_x, vel_y, yaw): [0.        0.0004201 0.00625  ]
base_height_cmd (height): [0.75]
torso_orientation_rpy_cmd: [0. 0. 0.]
wbc_obs q (first 5): [-2.97397584e-01  5.27824413e-05  2.17912209e-04  7.25613773e-01
 -4.28215533e-01]
wbc_action q (first 5): [-0.25745031  0.01807394 -0.00541269  0.70253223  0.11850841]
arm joint targets: {'left_shoulder_roll_joint': -0.03834022581577301, 'right_shoulder_roll_joint': 0.0, 'left_elbow_joint': 0.0, 'right_elbow_joint': 0.0}

--- WBC DEBUG STEP ---
num_envs: 1
navigate_cmd (vel_x, vel_y, yaw): [0.         0.00062903 0.00820313]
base_height_cmd (height): [0.75]
torso_orientation_rpy_cmd: [0. 0. 0.]
wbc_obs q (first 5): [-2.97398180e-01  5.26193653e-05  2.17384440e-04  7.25614667e-01
 -4.28216487e-01]
wbc_action q (first 5): [-0.25762805  0.01804057 -0.00539627  0.70242345  0.11850019]
arm joint targets: {'left_shoulder_roll_joint': -0.04051458090543747, 'right_shoulder_roll_joint': 0.0, 'left_elbow_joint': 0.0, 'right_elbow_joint': 0.0}

--- WBC DEBUG STEP ---
num_envs: 1
navigate_cmd (vel_x, vel_y, yaw): [0.         0.00014153 0.00820313]
base_height_cmd (height): [0.75]
torso_orientation_rpy_cmd: [0. 0. 0.]
wbc_obs q (first 5): [-2.97398925e-01  5.26413460e-05  2.17865032e-04  7.25616217e-01
 -4.28217053e-01]
wbc_action q (first 5): [-0.25768083  0.01818624 -0.00535253  0.70234442  0.11814193]
arm joint targets: {'left_shoulder_roll_joint': -0.04921199753880501, 'right_shoulder_roll_joint': 0.0, 'left_elbow_joint': 0.0, 'right_elbow_joint': 0.0}

--- WBC DEBUG STEP ---
num_envs: 1
navigate_cmd (vel_x, vel_y, yaw): [0.         0.0004201  0.01015625]
base_height_cmd (height): [0.75]
torso_orientation_rpy_cmd: [0. 0. 0.]
wbc_obs q (first 5): [-2.97398210e-01  5.24082861e-05  2.18491958e-04  7.25615084e-01
 -4.28216696e-01]
wbc_action q (first 5): [-0.25772971  0.01807185 -0.00541611  0.70231831  0.11735909]
arm joint targets: {'left_shoulder_roll_joint': -0.04703764244914055, 'right_shoulder_roll_joint': 0.0, 'left_elbow_joint': 0.0, 'right_elbow_joint': 0.0}

--- WBC DEBUG STEP ---
num_envs: 1
navigate_cmd (vel_x, vel_y, yaw): [0.         0.00097724 0.00722656]
base_height_cmd (height): [0.75]
torso_orientation_rpy_cmd: [0. 0. 0.]
wbc_obs q (first 5): [-2.97398299e-01  5.33213279e-05  2.20152608e-04  7.25615859e-01
 -4.28217381e-01]
wbc_action q (first 5): [-0.25798705  0.01814424 -0.00518423  0.70220006  0.11653076]
arm joint targets: {'left_shoulder_roll_joint': -0.053560707718133926, 'right_shoulder_roll_joint': 0.0, 'left_elbow_joint': 0.0, 'right_elbow_joint': 0.0}

--- WBC DEBUG STEP ---
num_envs: 1
navigate_cmd (vel_x, vel_y, yaw): [ 0.         -0.00152987  0.01015625]
base_height_cmd (height): [0.75]
torso_orientation_rpy_cmd: [0. 0. 0.]
wbc_obs q (first 5): [-2.97398567e-01  5.38675777e-05  2.20584086e-04  7.25616217e-01
 -4.28217262e-01]
wbc_action q (first 5): [-0.25802931  0.01848292 -0.00539674  0.70197248  0.11564063]
arm joint targets: {'left_shoulder_roll_joint': -0.06551965326070786, 'right_shoulder_roll_joint': 0.0, 'left_elbow_joint': 0.0, 'right_elbow_joint': 0.0}

--- WBC DEBUG STEP ---
num_envs: 1
navigate_cmd (vel_x, vel_y, yaw): [0.         0.00055939 0.00625   ]
base_height_cmd (height): [0.75]
torso_orientation_rpy_cmd: [0. 0. 0.]
wbc_obs q (first 5): [-2.97397971e-01  5.34816354e-05  2.20523158e-04  7.25615084e-01
 -4.28217143e-01]
wbc_action q (first 5): [-0.25825566  0.01826462 -0.00524456  0.70193768  0.11469041]
arm joint targets: {'left_shoulder_roll_joint': -0.061170946806669235, 'right_shoulder_roll_joint': 0.0, 'left_elbow_joint': 0.0, 'right_elbow_joint': 0.0}

--- WBC DEBUG STEP ---
num_envs: 1
navigate_cmd (vel_x, vel_y, yaw): [ 0.         -0.00069417  0.00917969]
base_height_cmd (height): [0.7488281]
torso_orientation_rpy_cmd: [0. 0. 0.]
wbc_obs q (first 5): [-2.97398627e-01  5.43651404e-05  2.21270486e-04  7.25615859e-01
 -4.28217351e-01]
wbc_action q (first 5): [-0.25891271  0.01819036 -0.00543023  0.70280445  0.11336182]
arm joint targets: {'left_shoulder_roll_joint': -0.06660683453083038, 'right_shoulder_roll_joint': 0.0, 'left_elbow_joint': 0.0, 'right_elbow_joint': 0.0}

--- WBC DEBUG STEP ---
num_envs: 1
navigate_cmd (vel_x, vel_y, yaw): [ 0.         -0.00069417  0.00429688]
base_height_cmd (height): [0.75]
torso_orientation_rpy_cmd: [0. 0. 0.]
wbc_obs q (first 5): [-2.97398716e-01  5.39344946e-05  2.20498085e-04  7.25616395e-01
 -4.28217620e-01]
wbc_action q (first 5): [-0.2589612   0.01861435 -0.00497476  0.70195794  0.1129594 ]
arm joint targets: {'left_shoulder_roll_joint': -0.0633452981710434, 'right_shoulder_roll_joint': 0.0, 'left_elbow_joint': 0.0, 'right_elbow_joint': 0.0}

--- WBC DEBUG STEP ---
num_envs: 1
navigate_cmd (vel_x, vel_y, yaw): [ 0.         -0.0012513   0.01113281]
base_height_cmd (height): [0.74970704]
torso_orientation_rpy_cmd: [0. 0. 0.]
wbc_obs q (first 5): [-2.97398716e-01  5.40379078e-05  2.21065566e-04  7.25616276e-01
 -4.28217620e-01]
wbc_action q (first 5): [-0.25903729  0.01841861 -0.00523988  0.70186561  0.11254044]
arm joint targets: {'left_shoulder_roll_joint': -0.07421707361936569, 'right_shoulder_roll_joint': 0.0, 'left_elbow_joint': 0.0, 'right_elbow_joint': 0.0}

--- WBC DEBUG STEP ---
num_envs: 1
navigate_cmd (vel_x, vel_y, yaw): [ 0.0000000e+00 -6.7391346e-05  8.2031256e-03]
base_height_cmd (height): [0.7494141]
torso_orientation_rpy_cmd: [0. 0. 0.]
wbc_obs q (first 5): [-2.97397852e-01  5.34364844e-05  2.20223214e-04  7.25614429e-01
 -4.28216547e-01]
wbc_action q (first 5): [-0.25913501  0.01821349 -0.00513041  0.70228744  0.1115609 ]
arm joint targets: {'left_shoulder_roll_joint': -0.06878118962049484, 'right_shoulder_roll_joint': 0.0, 'left_elbow_joint': 0.0, 'right_elbow_joint': 0.0}

--- WBC DEBUG STEP ---
num_envs: 1
navigate_cmd (vel_x, vel_y, yaw): [0.         0.00055939 0.00722656]
base_height_cmd (height): [0.75]
torso_orientation_rpy_cmd: [0. 0. 0.]
wbc_obs q (first 5): [-2.97397733e-01  5.32814811e-05  2.20164598e-04  7.25614607e-01
 -4.28217053e-01]
wbc_action q (first 5): [-0.259332    0.0181775  -0.0051073   0.7015686   0.11142619]
arm joint targets: {'left_shoulder_roll_joint': -0.07639142870903015, 'right_shoulder_roll_joint': 0.0, 'left_elbow_joint': 0.0, 'right_elbow_joint': 0.0}

--- WBC DEBUG STEP ---
num_envs: 1
navigate_cmd (vel_x, vel_y, yaw): [ 0.         -0.00027632  0.00527344]
base_height_cmd (height): [0.74970704]
torso_orientation_rpy_cmd: [0. 0. 0.]
wbc_obs q (first 5): [-2.97398001e-01  5.32481936e-05  2.20649163e-04  7.25614846e-01
 -4.28216368e-01]
wbc_action q (first 5): [-0.25925419  0.01847133 -0.00490161  0.70170969  0.11061458]
arm joint targets: {'left_shoulder_roll_joint': -0.07312989979982376, 'right_shoulder_roll_joint': 0.0, 'left_elbow_joint': 0.0, 'right_elbow_joint': 0.0}

--- WBC DEBUG STEP ---
num_envs: 1
navigate_cmd (vel_x, vel_y, yaw): [ 0.         -0.00166915  0.01015625]
base_height_cmd (height): [0.7488281]
torso_orientation_rpy_cmd: [0. 0. 0.]
wbc_obs q (first 5): [-2.97397524e-01  5.37533742e-05  2.21053546e-04  7.25613654e-01
 -4.28215623e-01]
wbc_action q (first 5): [-0.25975227  0.01851089 -0.00503571  0.7024641   0.10979821]
arm joint targets: {'left_shoulder_roll_joint': -0.07747860252857208, 'right_shoulder_roll_joint': 0.0, 'left_elbow_joint': 0.0, 'right_elbow_joint': 0.0}

--- WBC DEBUG STEP ---
num_envs: 1
navigate_cmd (vel_x, vel_y, yaw): [0.         0.00069867 0.00820313]
base_height_cmd (height): [0.75]
torso_orientation_rpy_cmd: [0. 0. 0.]
wbc_obs q (first 5): [-2.97398031e-01  5.32245649e-05  2.19836700e-04  7.25615203e-01
 -4.28216547e-01]
wbc_action q (first 5): [-0.25967386  0.01840309 -0.0047563   0.70170122  0.10999061]
arm joint targets: {'left_shoulder_roll_joint': -0.08074013888835907, 'right_shoulder_roll_joint': 0.0, 'left_elbow_joint': 0.0, 'right_elbow_joint': 0.0}

--- WBC DEBUG STEP ---
num_envs: 1
navigate_cmd (vel_x, vel_y, yaw): [ 0.         -0.00083345  0.00820313]
base_height_cmd (height): [0.7488281]
torso_orientation_rpy_cmd: [0. 0. 0.]
wbc_obs q (first 5): [-2.97397882e-01  5.39969187e-05  2.20877613e-04  7.25614488e-01
 -4.28215981e-01]
wbc_action q (first 5): [-0.25987715  0.01853541 -0.00486468  0.70253992  0.10906513]
arm joint targets: {'left_shoulder_roll_joint': -0.08617602288722992, 'right_shoulder_roll_joint': 0.0, 'left_elbow_joint': 0.0, 'right_elbow_joint': 0.0}

--- WBC DEBUG STEP ---
num_envs: 1
navigate_cmd (vel_x, vel_y, yaw): [0.0000000e+00 2.2504828e-06 9.1796881e-03]
base_height_cmd (height): [0.75]
torso_orientation_rpy_cmd: [0. 0. 0.]
wbc_obs q (first 5): [-2.97398388e-01  5.40619076e-05  2.20761736e-04  7.25615740e-01
 -4.28217322e-01]
wbc_action q (first 5): [-0.25973091  0.018477   -0.00490898  0.70156431  0.10925855]
arm joint targets: {'left_shoulder_roll_joint': -0.08835037797689438, 'right_shoulder_roll_joint': 0.0, 'left_elbow_joint': 0.0, 'right_elbow_joint': 0.0}

--- WBC DEBUG STEP ---
num_envs: 1
navigate_cmd (vel_x, vel_y, yaw): [ 0.         -0.0004156   0.00820313]
base_height_cmd (height): [0.7494141]
torso_orientation_rpy_cmd: [0. 0. 0.]
wbc_obs q (first 5): [-2.97397971e-01  5.31523256e-05  2.20107569e-04  7.25615025e-01
 -4.28217024e-01]
wbc_action q (first 5): [-0.2596086   0.01835595 -0.00501219  0.70190215  0.10914128]
arm joint targets: {'left_shoulder_roll_joint': -0.08508884906768799, 'right_shoulder_roll_joint': 0.0, 'left_elbow_joint': 0.0, 'right_elbow_joint': 0.0}

--- WBC DEBUG STEP ---
num_envs: 1
navigate_cmd (vel_x, vel_y, yaw): [ 0.         -0.00264414  0.00625   ]
base_height_cmd (height): [0.75]
torso_orientation_rpy_cmd: [0. 0. 0.]
wbc_obs q (first 5): [-2.97398180e-01  5.34611063e-05  2.20608126e-04  7.25614667e-01
 -4.28216517e-01]
wbc_action q (first 5): [-0.2594164   0.01876891 -0.00506905  0.70126259  0.10985042]
arm joint targets: {'left_shoulder_roll_joint': -0.08400166779756546, 'right_shoulder_roll_joint': 0.0, 'left_elbow_joint': 0.0, 'right_elbow_joint': 0.0}

--- WBC DEBUG STEP ---
num_envs: 1
navigate_cmd (vel_x, vel_y, yaw): [ 0.         -0.00013703  0.00527344]
base_height_cmd (height): [0.74970704]
torso_orientation_rpy_cmd: [0. 0. 0.]
wbc_obs q (first 5): [-2.97398359e-01  5.34700957e-05  2.20246278e-04  7.25616038e-01
 -4.28217411e-01]
wbc_action q (first 5): [-0.2590625   0.01837771 -0.00484436  0.70157099  0.11029758]
arm joint targets: {'left_shoulder_roll_joint': -0.08726319670677185, 'right_shoulder_roll_joint': 0.0, 'left_elbow_joint': 0.0, 'right_elbow_joint': 0.0}

--- WBC DEBUG STEP ---
num_envs: 1
navigate_cmd (vel_x, vel_y, yaw): [0.         0.00014153 0.00527344]
base_height_cmd (height): [0.74853516]
torso_orientation_rpy_cmd: [0. 0. 0.]
wbc_obs q (first 5): [-2.97398448e-01  5.34363207e-05  2.20039030e-04  7.25616038e-01
 -4.28217322e-01]
wbc_action q (first 5): [-0.25963768  0.01827682 -0.00470011  0.70306408  0.10992078]
arm joint targets: {'left_shoulder_roll_joint': -0.09052473306655884, 'right_shoulder_roll_joint': 0.0, 'left_elbow_joint': 0.0, 'right_elbow_joint': 0.0}

--- WBC DEBUG STEP ---
num_envs: 1
navigate_cmd (vel_x, vel_y, yaw): [0.         0.00014153 0.00820313]
base_height_cmd (height): [0.74912107]
torso_orientation_rpy_cmd: [0. 0. 0.]
wbc_obs q (first 5): [-2.97397941e-01  5.41097324e-05  2.21645940e-04  7.25614488e-01
 -4.28216219e-01]
wbc_action q (first 5): [-0.25990552  0.01837856 -0.00464617  0.70287567  0.10988943]
arm joint targets: {'left_shoulder_roll_joint': -0.09813497215509415, 'right_shoulder_roll_joint': 0.0, 'left_elbow_joint': 0.0, 'right_elbow_joint': 0.0}

--- WBC DEBUG STEP ---
num_envs: 1
navigate_cmd (vel_x, vel_y, yaw): [ 0.         -0.00104238  0.00527344]
base_height_cmd (height): [0.7494141]
torso_orientation_rpy_cmd: [0. 0. 0.]
wbc_obs q (first 5): [-2.97397763e-01  5.37575761e-05  2.20955219e-04  7.25614786e-01
 -4.28216457e-01]
wbc_action q (first 5): [-0.25983238  0.01869701 -0.00470547  0.70243061  0.10990952]
arm joint targets: {'left_shoulder_roll_joint': -0.08400166779756546, 'right_shoulder_roll_joint': 0.0, 'left_elbow_joint': 0.0, 'right_elbow_joint': 0.0}

--- WBC DEBUG STEP ---
num_envs: 1
navigate_cmd (vel_x, vel_y, yaw): [ 0.         -0.00069417  0.00625   ]
base_height_cmd (height): [0.74794924]
torso_orientation_rpy_cmd: [0. 0. 0.]
wbc_obs q (first 5): [-2.97398090e-01  5.32564518e-05  2.20608723e-04  7.25614786e-01
 -4.28216457e-01]
wbc_action q (first 5): [-0.26025784  0.01851827 -0.00468181  0.70366216  0.10969631]
arm joint targets: {'left_shoulder_roll_joint': -0.08400166779756546, 'right_shoulder_roll_joint': 0.0, 'left_elbow_joint': 0.0, 'right_elbow_joint': 0.0}

--- WBC DEBUG STEP ---
num_envs: 1
navigate_cmd (vel_x, vel_y, yaw): [ 0.         -0.00236557  0.00429688]
base_height_cmd (height): [0.7482422]
torso_orientation_rpy_cmd: [0. 0. 0.]
wbc_obs q (first 5): [-2.97398210e-01  5.33271887e-05  2.20352260e-04  7.25615442e-01
 -4.28217113e-01]
wbc_action q (first 5): [-0.26030535  0.01891857 -0.00457348  0.70373297  0.10989358]
arm joint targets: {'left_shoulder_roll_joint': -0.081827312707901, 'right_shoulder_roll_joint': 0.0, 'left_elbow_joint': 0.0, 'right_elbow_joint': 0.0}

--- WBC DEBUG STEP ---
num_envs: 1
navigate_cmd (vel_x, vel_y, yaw): [ 0.         -0.00076381  0.00527344]
base_height_cmd (height): [0.74736327]
torso_orientation_rpy_cmd: [0. 0. 0.]
wbc_obs q (first 5): [-2.97397852e-01  5.37308151e-05  2.21041337e-04  7.25614846e-01
 -4.28216577e-01]
wbc_action q (first 5): [-0.26076514  0.01856117 -0.00445954  0.70475876  0.10944907]
arm joint targets: {'left_shoulder_roll_joint': -0.08835037797689438, 'right_shoulder_roll_joint': 0.0, 'left_elbow_joint': 0.0, 'right_elbow_joint': 0.0}

--- WBC DEBUG STEP ---
num_envs: 1
navigate_cmd (vel_x, vel_y, yaw): [0.         0.00069867 0.00722656]
base_height_cmd (height): [0.75]
torso_orientation_rpy_cmd: [0. 0. 0.]
wbc_obs q (first 5): [-2.97398239e-01  5.42401613e-05  2.22015224e-04  7.25614965e-01
 -4.28216428e-01]
wbc_action q (first 5): [-0.26029125  0.01857418 -0.00438923  0.70250726  0.11032848]
arm joint targets: {'left_shoulder_roll_joint': -0.08291449397802353, 'right_shoulder_roll_joint': 0.0, 'left_elbow_joint': 0.0, 'right_elbow_joint': 0.0}

--- WBC DEBUG STEP ---
num_envs: 1
navigate_cmd (vel_x, vel_y, yaw): [ 0.         -0.00069417  0.00625   ]
base_height_cmd (height): [0.74853516]
torso_orientation_rpy_cmd: [0. 0. 0.]
wbc_obs q (first 5): [-2.97398388e-01  5.46016308e-05  2.22273797e-04  7.25615501e-01
 -4.28217262e-01]
wbc_action q (first 5): [-0.25990462  0.01886705 -0.00432577  0.70343065  0.11001502]
arm joint targets: {'left_shoulder_roll_joint': -0.07965295761823654, 'right_shoulder_roll_joint': 0.0, 'left_elbow_joint': 0.0, 'right_elbow_joint': 0.0}

--- WBC DEBUG STEP ---
num_envs: 1
navigate_cmd (vel_x, vel_y, yaw): [ 0.         -0.0012513   0.00722656]
base_height_cmd (height): [0.7476562]
torso_orientation_rpy_cmd: [0. 0. 0.]
wbc_obs q (first 5): [-2.97398269e-01  5.45952644e-05  2.23227325e-04  7.25614309e-01
 -4.28215951e-01]
wbc_action q (first 5): [-0.26044288  0.01881557 -0.00453152  0.70437217  0.10955115]
arm joint targets: {'left_shoulder_roll_joint': -0.08726319670677185, 'right_shoulder_roll_joint': 0.0, 'left_elbow_joint': 0.0, 'right_elbow_joint': 0.0}

--- WBC DEBUG STEP ---
num_envs: 1
navigate_cmd (vel_x, vel_y, yaw): [0.         0.00069867 0.00429688]
base_height_cmd (height): [0.74736327]
torso_orientation_rpy_cmd: [0. 0. 0.]
wbc_obs q (first 5): [-2.97398090e-01  5.43110436e-05  2.22264978e-04  7.25614727e-01
 -4.28216547e-01]
wbc_action q (first 5): [-0.26090536  0.01856797 -0.00427368  0.70508635  0.1087812 ]
arm joint targets: {'left_shoulder_roll_joint': -0.08508884906768799, 'right_shoulder_roll_joint': 0.0, 'left_elbow_joint': 0.0, 'right_elbow_joint': 0.0}

--- WBC DEBUG STEP ---
num_envs: 1
navigate_cmd (vel_x, vel_y, yaw): [ 0.         -0.00111202  0.00429688]
base_height_cmd (height): [0.7461914]
torso_orientation_rpy_cmd: [0. 0. 0.]
wbc_obs q (first 5): [-2.97398031e-01  5.53473765e-05  2.24227857e-04  7.25614965e-01
 -4.28217024e-01]
wbc_action q (first 5): [-0.26160032  0.01886435 -0.00434059  0.70623398  0.10758258]
arm joint targets: {'left_shoulder_roll_joint': -0.09704779833555222, 'right_shoulder_roll_joint': 0.0, 'left_elbow_joint': 0.0, 'right_elbow_joint': 0.0}

--- WBC DEBUG STEP ---
num_envs: 1
navigate_cmd (vel_x, vel_y, yaw): [ 0.         -0.002087    0.00332031]
base_height_cmd (height): [0.7470703]
torso_orientation_rpy_cmd: [0. 0. 0.]
wbc_obs q (first 5): [-2.97398090e-01  5.57384701e-05  2.25339390e-04  7.25615025e-01
 -4.28216457e-01]
wbc_action q (first 5): [-0.26182801  0.01914167 -0.00449887  0.7054702   0.10719706]
arm joint targets: {'left_shoulder_roll_joint': -0.08835037797689438, 'right_shoulder_roll_joint': 0.0, 'left_elbow_joint': 0.0, 'right_elbow_joint': 0.0}

--- WBC DEBUG STEP ---
num_envs: 1
navigate_cmd (vel_x, vel_y, yaw): [ 0.         -0.0004156   0.00527344]
base_height_cmd (height): [0.7464844]
torso_orientation_rpy_cmd: [0. 0. 0.]
wbc_obs q (first 5): [-2.97398418e-01  5.59485488e-05  2.26185526e-04  7.25615859e-01
 -4.28217202e-01]
wbc_action q (first 5): [-0.26212594  0.01894181 -0.00428539  0.70603347  0.10683666]
arm joint targets: {'left_shoulder_roll_joint': -0.09052473306655884, 'right_shoulder_roll_joint': 0.0, 'left_elbow_joint': 0.0, 'right_elbow_joint': 0.0}

--- WBC DEBUG STEP ---
num_envs: 1
navigate_cmd (vel_x, vel_y, yaw): [ 0.         -0.00013703  0.00039063]
base_height_cmd (height): [0.74736327]
torso_orientation_rpy_cmd: [0. 0. 0.]
wbc_obs q (first 5): [-2.97398716e-01  5.66350500e-05  2.27422148e-04  7.25616276e-01
 -4.28217053e-01]
wbc_action q (first 5): [-0.26197618  0.01914081 -0.0040656   0.7053557   0.10675071]
arm joint targets: {'left_shoulder_roll_joint': -0.0926990881562233, 'right_shoulder_roll_joint': 0.0, 'left_elbow_joint': 0.0, 'right_elbow_joint': 0.0}

--- WBC DEBUG STEP ---
num_envs: 1
navigate_cmd (vel_x, vel_y, yaw): [0.         0.00097724 0.00136719]
base_height_cmd (height): [0.75]
torso_orientation_rpy_cmd: [0. 0. 0.]
wbc_obs q (first 5): [-2.97398388e-01  5.63991380e-05  2.27877390e-04  7.25615263e-01
 -4.28216845e-01]
wbc_action q (first 5): [-0.26086986  0.01922938 -0.0038755   0.70286381  0.10801964]
arm joint targets: {'left_shoulder_roll_joint': -0.03942740336060524, 'right_shoulder_roll_joint': 0.0, 'left_elbow_joint': 0.0, 'right_elbow_joint': 0.0}

--- WBC DEBUG STEP ---
num_envs: 1
navigate_cmd (vel_x, vel_y, yaw): [ 0.          0.00320577 -0.00058594]
base_height_cmd (height): [0.75]
torso_orientation_rpy_cmd: [0. 0. 0.]
wbc_obs q (first 5): [-2.97398031e-01  5.61312336e-05  2.28165154e-04  7.25614607e-01
 -4.28216636e-01]
wbc_action q (first 5): [-0.25920328  0.01940615 -0.00301531  0.70328093  0.11140139]
arm joint targets: {'left_shoulder_roll_joint': -0.03834022581577301, 'right_shoulder_roll_joint': 0.0, 'left_elbow_joint': 0.0, 'right_elbow_joint': 0.0}

--- WBC DEBUG STEP ---
num_envs: 1
navigate_cmd (vel_x, vel_y, yaw): [0.         0.00209151 0.00234375]
base_height_cmd (height): [0.75]
torso_orientation_rpy_cmd: [0. 0. 0.]
wbc_obs q (first 5): [-2.97398388e-01  5.63459471e-05  2.27905068e-04  7.25615144e-01
 -4.28216636e-01]
wbc_action q (first 5): [-0.25866914  0.01920315 -0.00337993  0.70349151  0.11348452]
arm joint targets: {'left_shoulder_roll_joint': -0.04921199753880501, 'right_shoulder_roll_joint': 0.0, 'left_elbow_joint': 0.0, 'right_elbow_joint': 0.0}

--- WBC DEBUG STEP ---
num_envs: 1
navigate_cmd (vel_x, vel_y, yaw): [0.         0.00237007 0.00429688]
base_height_cmd (height): [0.75]
torso_orientation_rpy_cmd: [0. 0. 0.]
wbc_obs q (first 5): [-2.97398150e-01  5.63877438e-05  2.27614437e-04  7.25615025e-01
 -4.28216875e-01]
wbc_action q (first 5): [-0.25840041  0.01901876 -0.00377114  0.70351362  0.11440729]
arm joint targets: {'left_shoulder_roll_joint': -0.04595046490430832, 'right_shoulder_roll_joint': 0.0, 'left_elbow_joint': 0.0, 'right_elbow_joint': 0.0}

--- WBC DEBUG STEP ---
num_envs: 1
navigate_cmd (vel_x, vel_y, yaw): [0.         0.00160401 0.00136719]
base_height_cmd (height): [0.75]
torso_orientation_rpy_cmd: [0. 0. 0.]
wbc_obs q (first 5): [-2.97398239e-01  5.56892519e-05  2.27400640e-04  7.25614905e-01
 -4.28216577e-01]
wbc_action q (first 5): [-0.25805041  0.01926057 -0.00391564  0.70325565  0.11499263]
arm joint targets: {'left_shoulder_roll_joint': -0.03942740336060524, 'right_shoulder_roll_joint': 0.0, 'left_elbow_joint': 0.0, 'right_elbow_joint': 0.0}

--- WBC DEBUG STEP ---
num_envs: 1
navigate_cmd (vel_x, vel_y, yaw): [0.         0.0004201  0.00429688]
base_height_cmd (height): [0.75]
torso_orientation_rpy_cmd: [0. 0. 0.]
wbc_obs q (first 5): [-2.97398418e-01  5.63969697e-05  2.28035497e-04  7.25615203e-01
 -4.28216636e-01]
wbc_action q (first 5): [-0.25797269  0.01921837 -0.00434676  0.70297813  0.1161658 ]
arm joint targets: {'left_shoulder_roll_joint': -0.03181716054677963, 'right_shoulder_roll_joint': 0.0, 'left_elbow_joint': 0.0, 'right_elbow_joint': 0.0}

--- WBC DEBUG STEP ---
num_envs: 1
navigate_cmd (vel_x, vel_y, yaw): [0.         0.00237007 0.00429688]
base_height_cmd (height): [0.75]
torso_orientation_rpy_cmd: [0. 0. 0.]
wbc_obs q (first 5): [-2.97398418e-01  5.65259179e-05  2.28270364e-04  7.25615501e-01
 -4.28217441e-01]
wbc_action q (first 5): [-0.25764146  0.0188497  -0.00438275  0.70292771  0.1172872 ]
arm joint targets: {'left_shoulder_roll_joint': -0.027468452230095863, 'right_shoulder_roll_joint': 0.0, 'left_elbow_joint': 0.0, 'right_elbow_joint': 0.0}

--- WBC DEBUG STEP ---
num_envs: 1
navigate_cmd (vel_x, vel_y, yaw): [0.         0.00028082 0.00527344]
base_height_cmd (height): [0.7494141]
torso_orientation_rpy_cmd: [0. 0. 0.]
wbc_obs q (first 5): [-2.97398627e-01  5.68561190e-05  2.28731049e-04  7.25615501e-01
 -4.28216368e-01]
wbc_action q (first 5): [-0.25777963  0.0187867  -0.0046877   0.70325482  0.11763991]
arm joint targets: {'left_shoulder_roll_joint': -0.03616587072610855, 'right_shoulder_roll_joint': 0.0, 'left_elbow_joint': 0.0, 'right_elbow_joint': 0.0}

--- WBC DEBUG STEP ---
num_envs: 1
navigate_cmd (vel_x, vel_y, yaw): [0.         0.00153437 0.00234375]
base_height_cmd (height): [0.7494141]
torso_orientation_rpy_cmd: [0. 0. 0.]
wbc_obs q (first 5): [-2.97398895e-01  5.66712552e-05  2.28281730e-04  7.25615859e-01
 -4.28217560e-01]
wbc_action q (first 5): [-0.25775486  0.01869107 -0.00451538  0.70341551  0.11737828]
arm joint targets: {'left_shoulder_roll_joint': -0.03399151563644409, 'right_shoulder_roll_joint': 0.0, 'left_elbow_joint': 0.0, 'right_elbow_joint': 0.0}

--- WBC DEBUG STEP ---
num_envs: 1
navigate_cmd (vel_x, vel_y, yaw): [0.         0.00153437 0.00429688]
base_height_cmd (height): [0.74970704]
torso_orientation_rpy_cmd: [0. 0. 0.]
wbc_obs q (first 5): [-2.97398269e-01  5.58203828e-05  2.27419980e-04  7.25614905e-01
 -4.28216964e-01]
wbc_action q (first 5): [-0.25780848  0.01856501 -0.00468018  0.70307314  0.11731197]
arm joint targets: {'left_shoulder_roll_joint': -0.028555629774928093, 'right_shoulder_roll_joint': 0.0, 'left_elbow_joint': 0.0, 'right_elbow_joint': 0.0}

--- WBC DEBUG STEP ---
num_envs: 1
navigate_cmd (vel_x, vel_y, yaw): [0.         0.00146473 0.00234375]
base_height_cmd (height): [0.7494141]
torso_orientation_rpy_cmd: [0. 0. 0.]
wbc_obs q (first 5): [-2.97398478e-01  5.67494208e-05  2.28100485e-04  7.25615561e-01
 -4.28217113e-01]
wbc_action q (first 5): [-0.25781155  0.0186448  -0.0045854   0.70326388  0.11723541]
arm joint targets: {'left_shoulder_roll_joint': -0.025294099003076553, 'right_shoulder_roll_joint': 0.0, 'left_elbow_joint': 0.0, 'right_elbow_joint': 0.0}

--- WBC DEBUG STEP ---
num_envs: 1
navigate_cmd (vel_x, vel_y, yaw): [0.         0.00278792 0.00234375]
base_height_cmd (height): [0.75]
torso_orientation_rpy_cmd: [0. 0. 0.]
wbc_obs q (first 5): [-2.97399014e-01  5.66297749e-05  2.28778881e-04  7.25616336e-01
 -4.28217053e-01]
wbc_action q (first 5): [-0.25775096  0.01845584 -0.00451688  0.70277965  0.1175897 ]
arm joint targets: {'left_shoulder_roll_joint': -0.020945388823747635, 'right_shoulder_roll_joint': 0.0, 'left_elbow_joint': 0.0, 'right_elbow_joint': 0.0}

--- WBC DEBUG STEP ---
num_envs: 1
navigate_cmd (vel_x, vel_y, yaw): [0.         0.00111652 0.00136719]
base_height_cmd (height): [0.75]
torso_orientation_rpy_cmd: [0. 0. 0.]
wbc_obs q (first 5): [-2.97397912e-01  5.65899754e-05  2.28055927e-04  7.25614429e-01
 -4.28216577e-01]
wbc_action q (first 5): [-0.25769663  0.01864558 -0.00455884  0.70257127  0.11770521]
arm joint targets: {'left_shoulder_roll_joint': -0.030729984864592552, 'right_shoulder_roll_joint': 0.0, 'left_elbow_joint': 0.0, 'right_elbow_joint': 0.0}

--- WBC DEBUG STEP ---
num_envs: 1
navigate_cmd (vel_x, vel_y, yaw): [0.         0.0012558  0.00429688]
base_height_cmd (height): [0.7494141]
torso_orientation_rpy_cmd: [0. 0. 0.]
wbc_obs q (first 5): [-2.97398299e-01  5.61307425e-05  2.28107616e-04  7.25615263e-01
 -4.28215802e-01]
wbc_action q (first 5): [-0.25784171  0.01856778 -0.00459228  0.70323461  0.11691962]
arm joint targets: {'left_shoulder_roll_joint': -0.03399151563644409, 'right_shoulder_roll_joint': 0.0, 'left_elbow_joint': 0.0, 'right_elbow_joint': 0.0}

--- WBC DEBUG STEP ---
num_envs: 1
navigate_cmd (vel_x, vel_y, yaw): [0.         0.00097724 0.00332031]
base_height_cmd (height): [0.75]
torso_orientation_rpy_cmd: [0. 0. 0.]
wbc_obs q (first 5): [-2.97398001e-01  5.65502014e-05  2.27840719e-04  7.25614429e-01
 -4.28216726e-01]
wbc_action q (first 5): [-0.25797743  0.01864928 -0.00474608  0.70262533  0.11665128]
arm joint targets: {'left_shoulder_roll_joint': -0.030729984864592552, 'right_shoulder_roll_joint': 0.0, 'left_elbow_joint': 0.0, 'right_elbow_joint': 0.0}

--- WBC DEBUG STEP ---
num_envs: 1
navigate_cmd (vel_x, vel_y, yaw): [0.         0.0004201  0.00039063]
base_height_cmd (height): [0.7494141]
torso_orientation_rpy_cmd: [0. 0. 0.]
wbc_obs q (first 5): [-2.97398418e-01  5.64733746e-05  2.28524194e-04  7.25614786e-01
 -4.28216547e-01]
wbc_action q (first 5): [-0.25799376  0.01887807 -0.00465436  0.70305026  0.11629738]
arm joint targets: {'left_shoulder_roll_joint': -0.03290433809161186, 'right_shoulder_roll_joint': 0.0, 'left_elbow_joint': 0.0, 'right_elbow_joint': 0.0}

--- WBC DEBUG STEP ---
num_envs: 1
navigate_cmd (vel_x, vel_y, yaw): [0.000000e+00 7.189231e-05 2.343750e-03]
base_height_cmd (height): [0.74970704]
torso_orientation_rpy_cmd: [0. 0. 0.]
wbc_obs q (first 5): [-2.97398239e-01  5.62563800e-05  2.27732322e-04  7.25615203e-01
 -4.28217083e-01]
wbc_action q (first 5): [-0.25813389  0.01868811 -0.00497005  0.70263588  0.11627592]
arm joint targets: {'left_shoulder_roll_joint': -0.03399151563644409, 'right_shoulder_roll_joint': 0.0, 'left_elbow_joint': 0.0, 'right_elbow_joint': 0.0}

--- WBC DEBUG STEP ---
num_envs: 1
navigate_cmd (vel_x, vel_y, yaw): [ 0.         -0.00034596  0.00039063]
base_height_cmd (height): [0.7494141]
torso_orientation_rpy_cmd: [0. 0. 0.]
wbc_obs q (first 5): [-2.97398627e-01  5.66572598e-05  2.28090867e-04  7.25616336e-01
 -4.28217202e-01]
wbc_action q (first 5): [-0.25826061  0.01870777 -0.0048933   0.70283294  0.11591105]
arm joint targets: {'left_shoulder_roll_joint': -0.03181716054677963, 'right_shoulder_roll_joint': 0.0, 'left_elbow_joint': 0.0, 'right_elbow_joint': 0.0}

--- WBC DEBUG STEP ---
num_envs: 1
navigate_cmd (vel_x, vel_y, yaw): [0.         0.0012558  0.00722656]
base_height_cmd (height): [0.7488281]
torso_orientation_rpy_cmd: [0. 0. 0.]
wbc_obs q (first 5): [-2.97398657e-01  5.64402108e-05  2.27868164e-04  7.25615025e-01
 -4.28216696e-01]
wbc_action q (first 5): [-0.25867763  0.01832509 -0.00479751  0.70363331  0.11513533]
arm joint targets: {'left_shoulder_roll_joint': -0.04051458090543747, 'right_shoulder_roll_joint': 0.0, 'left_elbow_joint': 0.0, 'right_elbow_joint': 0.0}

--- WBC DEBUG STEP ---
num_envs: 1
navigate_cmd (vel_x, vel_y, yaw): [0.         0.00028082 0.00527344]
base_height_cmd (height): [0.75]
torso_orientation_rpy_cmd: [0. 0. 0.]
wbc_obs q (first 5): [-2.97398329e-01  5.66679846e-05  2.28673089e-04  7.25614965e-01
 -4.28216994e-01]
wbc_action q (first 5): [-0.25866386  0.01858326 -0.00489172  0.70249516  0.11494805]
arm joint targets: {'left_shoulder_roll_joint': -0.03942740336060524, 'right_shoulder_roll_joint': 0.0, 'left_elbow_joint': 0.0, 'right_elbow_joint': 0.0}

--- WBC DEBUG STEP ---
num_envs: 1
navigate_cmd (vel_x, vel_y, yaw): [0.         0.0004201  0.00332031]
base_height_cmd (height): [0.7494141]
torso_orientation_rpy_cmd: [0. 0. 0.]
wbc_obs q (first 5): [-2.97398955e-01  5.64124202e-05  2.28200268e-04  7.25616336e-01
 -4.28217620e-01]
wbc_action q (first 5): [-0.25867435  0.01858698 -0.00486347  0.70276749  0.11447121]
arm joint targets: {'left_shoulder_roll_joint': -0.04595046490430832, 'right_shoulder_roll_joint': 0.0, 'left_elbow_joint': 0.0, 'right_elbow_joint': 0.0}

--- WBC DEBUG STEP ---
num_envs: 1
navigate_cmd (vel_x, vel_y, yaw): [0.         0.00055939 0.00234375]
base_height_cmd (height): [0.7488281]
torso_orientation_rpy_cmd: [0. 0. 0.]
wbc_obs q (first 5): [-2.97398478e-01  5.63400026e-05  2.27674449e-04  7.25616097e-01
 -4.28217530e-01]
wbc_action q (first 5): [-0.25901204  0.01861325 -0.00473957  0.7034539   0.11347036]
arm joint targets: {'left_shoulder_roll_joint': -0.04268893226981163, 'right_shoulder_roll_joint': 0.0, 'left_elbow_joint': 0.0, 'right_elbow_joint': 0.0}

--- WBC DEBUG STEP ---
num_envs: 1
navigate_cmd (vel_x, vel_y, yaw): [ 0.         -0.0012513   0.00039063]
base_height_cmd (height): [0.7482422]
torso_orientation_rpy_cmd: [0. 0. 0.]
wbc_obs q (first 5): [-2.97398120e-01  5.66799790e-05  2.27974902e-04  7.25615025e-01
 -4.28216755e-01]
wbc_action q (first 5): [-0.25945088  0.01884619 -0.00479876  0.70396578  0.11260225]
arm joint targets: {'left_shoulder_roll_joint': -0.05138635262846947, 'right_shoulder_roll_joint': 0.0, 'left_elbow_joint': 0.0, 'right_elbow_joint': 0.0}

--- WBC DEBUG STEP ---
num_envs: 1
navigate_cmd (vel_x, vel_y, yaw): [ 0.         -0.00013703  0.00429688]
base_height_cmd (height): [0.75]
torso_orientation_rpy_cmd: [0. 0. 0.]
wbc_obs q (first 5): [-2.97398716e-01  5.64819602e-05  2.28445351e-04  7.25615680e-01
 -4.28216964e-01]
wbc_action q (first 5): [-0.25924894  0.01872346 -0.00493325  0.70231205  0.11299936]
arm joint targets: {'left_shoulder_roll_joint': -0.053560707718133926, 'right_shoulder_roll_joint': 0.0, 'left_elbow_joint': 0.0, 'right_elbow_joint': 0.0}

--- WBC DEBUG STEP ---
num_envs: 1
navigate_cmd (vel_x, vel_y, yaw): [ 0.         -0.00055488  0.00429688]
base_height_cmd (height): [0.75]
torso_orientation_rpy_cmd: [0. 0. 0.]
wbc_obs q (first 5): [-2.97398061e-01  5.61758352e-05  2.28374513e-04  7.25614488e-01
 -4.28216547e-01]
wbc_action q (first 5): [-0.25900161  0.01873089 -0.00490246  0.70185411  0.11285605]
arm joint targets: {'left_shoulder_roll_joint': -0.054647885262966156, 'right_shoulder_roll_joint': 0.0, 'left_elbow_joint': 0.0, 'right_elbow_joint': 0.0}

--- WBC DEBUG STEP ---
num_envs: 1
navigate_cmd (vel_x, vel_y, yaw): [ 0.         -0.00062453  0.00234375]
base_height_cmd (height): [0.7494141]
torso_orientation_rpy_cmd: [0. 0. 0.]
wbc_obs q (first 5): [-2.97398835e-01  5.61373781e-05  2.27980650e-04  7.25616515e-01
 -4.28217679e-01]
wbc_action q (first 5): [-0.25893691  0.01873627 -0.00486865  0.70226729  0.1123421 ]
arm joint targets: {'left_shoulder_roll_joint': -0.058996591717004776, 'right_shoulder_roll_joint': 0.0, 'left_elbow_joint': 0.0, 'right_elbow_joint': 0.0}

--- WBC DEBUG STEP ---
num_envs: 1
navigate_cmd (vel_x, vel_y, yaw): [0.         0.00048974 0.00625   ]
base_height_cmd (height): [0.7488281]
torso_orientation_rpy_cmd: [0. 0. 0.]
wbc_obs q (first 5): [-2.97398895e-01  5.64102484e-05  2.28601290e-04  7.25616217e-01
 -4.28216249e-01]
wbc_action q (first 5): [-0.25933796  0.01839434 -0.00487155  0.7030164   0.11148892]
arm joint targets: {'left_shoulder_roll_joint': -0.053560707718133926, 'right_shoulder_roll_joint': 0.0, 'left_elbow_joint': 0.0, 'right_elbow_joint': 0.0}

--- WBC DEBUG STEP ---
num_envs: 1
navigate_cmd (vel_x, vel_y, yaw): [ 0.         -0.00013703  0.00527344]
base_height_cmd (height): [0.7494141]
torso_orientation_rpy_cmd: [0. 0. 0.]
wbc_obs q (first 5): [-2.97398329e-01  5.61110464e-05  2.27765311e-04  7.25615263e-01
 -4.28216845e-01]
wbc_action q (first 5): [-0.25961444  0.01844061 -0.00487061  0.70238376  0.11151586]
arm joint targets: {'left_shoulder_roll_joint': -0.062258124351501465, 'right_shoulder_roll_joint': 0.0, 'left_elbow_joint': 0.0, 'right_elbow_joint': 0.0}

--- WBC DEBUG STEP ---
num_envs: 1
navigate_cmd (vel_x, vel_y, yaw): [ 0.         -0.00034596  0.00429688]
base_height_cmd (height): [0.7494141]
torso_orientation_rpy_cmd: [0. 0. 0.]
wbc_obs q (first 5): [-2.97397882e-01  5.61187080e-05  2.28005287e-04  7.25614309e-01
 -4.28216219e-01]
wbc_action q (first 5): [-0.25940874  0.01863834 -0.00470755  0.70233172  0.11120565]
arm joint targets: {'left_shoulder_roll_joint': -0.060083769261837006, 'right_shoulder_roll_joint': 0.0, 'left_elbow_joint': 0.0, 'right_elbow_joint': 0.0}

--- WBC DEBUG STEP ---
num_envs: 1
navigate_cmd (vel_x, vel_y, yaw): [ 0.         -0.00069417  0.00429688]
base_height_cmd (height): [0.74736327]
torso_orientation_rpy_cmd: [0. 0. 0.]
wbc_obs q (first 5): [-2.97398299e-01  5.59198561e-05  2.27893237e-04  7.25614846e-01
 -4.28216487e-01]
wbc_action q (first 5): [-0.26005912  0.0185017  -0.00478998  0.70431733  0.11001305]
arm joint targets: {'left_shoulder_roll_joint': -0.06878118962049484, 'right_shoulder_roll_joint': 0.0, 'left_elbow_joint': 0.0, 'right_elbow_joint': 0.0}

--- WBC DEBUG STEP ---
num_envs: 1
navigate_cmd (vel_x, vel_y, yaw): [0.         0.0012558  0.00136719]
base_height_cmd (height): [0.7494141]
torso_orientation_rpy_cmd: [0. 0. 0.]
wbc_obs q (first 5): [-2.97398627e-01  5.67607640e-05  2.28354460e-04  7.25616217e-01
 -4.28217143e-01]
wbc_action q (first 5): [-0.2601085   0.01858875 -0.0044512   0.70296091  0.1102327 ]
arm joint targets: {'left_shoulder_roll_joint': -0.060083769261837006, 'right_shoulder_roll_joint': 0.0, 'left_elbow_joint': 0.0, 'right_elbow_joint': 0.0}

--- WBC DEBUG STEP ---
num_envs: 1
navigate_cmd (vel_x, vel_y, yaw): [0.         0.00014153 0.00527344]
base_height_cmd (height): [0.7488281]
torso_orientation_rpy_cmd: [0. 0. 0.]
wbc_obs q (first 5): [-2.97399014e-01  5.68843316e-05  2.28632212e-04  7.25616217e-01
 -4.28217560e-01]
wbc_action q (first 5): [-0.26013061  0.01862413 -0.00461206  0.703008    0.11025946]
arm joint targets: {'left_shoulder_roll_joint': -0.06443247944116592, 'right_shoulder_roll_joint': 0.0, 'left_elbow_joint': 0.0, 'right_elbow_joint': 0.0}

--- WBC DEBUG STEP ---
num_envs: 1
navigate_cmd (vel_x, vel_y, yaw): [ 0.         -0.00020668  0.00722656]
base_height_cmd (height): [0.7488281]
torso_orientation_rpy_cmd: [0. 0. 0.]
wbc_obs q (first 5): [-2.97398299e-01  5.65381124e-05  2.28009303e-04  7.25614905e-01
 -4.28217292e-01]
wbc_action q (first 5): [-0.26009408  0.01861965 -0.00468273  0.70302689  0.11029454]
arm joint targets: {'left_shoulder_roll_joint': -0.0709555447101593, 'right_shoulder_roll_joint': 0.0, 'left_elbow_joint': 0.0, 'right_elbow_joint': 0.0}

--- WBC DEBUG STEP ---
num_envs: 1
navigate_cmd (vel_x, vel_y, yaw): [ 0.         -0.00152987  0.00625   ]
base_height_cmd (height): [0.7488281]
torso_orientation_rpy_cmd: [0. 0. 0.]
wbc_obs q (first 5): [-2.97398537e-01  5.58727843e-05  2.27738841e-04  7.25615561e-01
 -4.28216785e-01]
wbc_action q (first 5): [-0.26010194  0.01884915 -0.00467606  0.70308387  0.1101862 ]
arm joint targets: {'left_shoulder_roll_joint': -0.06986836344003677, 'right_shoulder_roll_joint': 0.0, 'left_elbow_joint': 0.0, 'right_elbow_joint': 0.0}

--- WBC DEBUG STEP ---
num_envs: 1
navigate_cmd (vel_x, vel_y, yaw): [ 0.         -0.00069417  0.00234375]
base_height_cmd (height): [0.7488281]
torso_orientation_rpy_cmd: [0. 0. 0.]
wbc_obs q (first 5): [-2.97398746e-01  5.64060247e-05  2.27550525e-04  7.25615501e-01
 -4.28216845e-01]
wbc_action q (first 5): [-0.25998622  0.0189339  -0.00441719  0.70329231  0.1102476 ]
arm joint targets: {'left_shoulder_roll_joint': -0.07312989979982376, 'right_shoulder_roll_joint': 0.0, 'left_elbow_joint': 0.0, 'right_elbow_joint': 0.0}

--- WBC DEBUG STEP ---
num_envs: 1
navigate_cmd (vel_x, vel_y, yaw): [ 0.         -0.0012513   0.00234375]
base_height_cmd (height): [0.74970704]
torso_orientation_rpy_cmd: [0. 0. 0.]
wbc_obs q (first 5): [-2.97398210e-01  5.65916271e-05  2.28671619e-04  7.25615025e-01
 -4.28217024e-01]
wbc_action q (first 5): [-0.2596764   0.01903196 -0.00452752  0.70231622  0.11088203]
arm joint targets: {'left_shoulder_roll_joint': -0.0633452981710434, 'right_shoulder_roll_joint': 0.0, 'left_elbow_joint': 0.0, 'right_elbow_joint': 0.0}

--- WBC DEBUG STEP ---
num_envs: 1
navigate_cmd (vel_x, vel_y, yaw): [0.0000000e+00 2.2504828e-06 4.2968751e-03]
base_height_cmd (height): [0.7488281]
torso_orientation_rpy_cmd: [0. 0. 0.]
wbc_obs q (first 5): [-2.97398835e-01  5.66565905e-05  2.28813020e-04  7.25615859e-01
 -4.28216428e-01]
wbc_action q (first 5): [-0.25975785  0.01861559 -0.0045169   0.70297849  0.1112922 ]
arm joint targets: {'left_shoulder_roll_joint': -0.07312989979982376, 'right_shoulder_roll_joint': 0.0, 'left_elbow_joint': 0.0, 'right_elbow_joint': 0.0}

--- WBC DEBUG STEP ---
num_envs: 1
navigate_cmd (vel_x, vel_y, yaw): [ 0.         -0.00069417  0.00332031]
base_height_cmd (height): [0.7476562]
torso_orientation_rpy_cmd: [0. 0. 0.]
wbc_obs q (first 5): [-2.97398537e-01  5.66187737e-05  2.28603880e-04  7.25615025e-01
 -4.28216994e-01]
wbc_action q (first 5): [-0.26024181  0.01874959 -0.00433204  0.70448482  0.11045136]
arm joint targets: {'left_shoulder_roll_joint': -0.06551965326070786, 'right_shoulder_roll_joint': 0.0, 'left_elbow_joint': 0.0, 'right_elbow_joint': 0.0}

--- WBC DEBUG STEP ---
num_envs: 1
navigate_cmd (vel_x, vel_y, yaw): [ 0.         -0.00264414  0.00429688]
base_height_cmd (height): [0.7476562]
torso_orientation_rpy_cmd: [0. 0. 0.]
wbc_obs q (first 5): [-2.97399253e-01  5.65279079e-05  2.28294375e-04  7.25617111e-01
 -4.28217560e-01]
wbc_action q (first 5): [-0.26066372  0.01896841 -0.00449477  0.70452744  0.11025997]
arm joint targets: {'left_shoulder_roll_joint': -0.060083769261837006, 'right_shoulder_roll_joint': 0.0, 'left_elbow_joint': 0.0, 'right_elbow_joint': 0.0}

--- WBC DEBUG STEP ---
num_envs: 1
navigate_cmd (vel_x, vel_y, yaw): [ 0.         -0.00069417  0.00234375]
base_height_cmd (height): [0.74677736]
torso_orientation_rpy_cmd: [0. 0. 0.]
wbc_obs q (first 5): [-2.97398001e-01  5.75950908e-05  2.30251477e-04  7.25614905e-01
 -4.28216517e-01]
wbc_action q (first 5): [-0.26104528  0.01876461 -0.00427763  0.70557427  0.11004163]
arm joint targets: {'left_shoulder_roll_joint': -0.07421707361936569, 'right_shoulder_roll_joint': 0.0, 'left_elbow_joint': 0.0, 'right_elbow_joint': 0.0}

--- WBC DEBUG STEP ---
num_envs: 1
navigate_cmd (vel_x, vel_y, yaw): [ 0.         -0.00069417  0.00332031]
base_height_cmd (height): [0.7464844]
torso_orientation_rpy_cmd: [0. 0. 0.]
wbc_obs q (first 5): [-2.97398776e-01  5.76167731e-05  2.30377962e-04  7.25616515e-01
 -4.28217411e-01]
wbc_action q (first 5): [-0.26162121  0.01878747 -0.00428764  0.70618111  0.10902248]
arm joint targets: {'left_shoulder_roll_joint': -0.07312989979982376, 'right_shoulder_roll_joint': 0.0, 'left_elbow_joint': 0.0, 'right_elbow_joint': 0.0}

--- WBC DEBUG STEP ---
num_envs: 1
navigate_cmd (vel_x, vel_y, yaw): [0.         0.00069867 0.00136719]
base_height_cmd (height): [0.7464844]
torso_orientation_rpy_cmd: [0. 0. 0.]
wbc_obs q (first 5): [-2.97398031e-01  5.73702528e-05  2.30648933e-04  7.25614727e-01
 -4.28216875e-01]
wbc_action q (first 5): [-0.26191995  0.01883296 -0.00404745  0.7064569   0.10817523]
arm joint targets: {'left_shoulder_roll_joint': -0.07312989979982376, 'right_shoulder_roll_joint': 0.0, 'left_elbow_joint': 0.0, 'right_elbow_joint': 0.0}

--- WBC DEBUG STEP ---
num_envs: 1
navigate_cmd (vel_x, vel_y, yaw): [0.0000000e+00 2.2504828e-06 5.2734376e-03]
base_height_cmd (height): [0.74677736]
torso_orientation_rpy_cmd: [0. 0. 0.]
wbc_obs q (first 5): [-2.97398627e-01  5.82537650e-05  2.32132021e-04  7.25615144e-01
 -4.28217292e-01]
wbc_action q (first 5): [-0.26217961  0.01892831 -0.0041873   0.70613033  0.10775886]
arm joint targets: {'left_shoulder_roll_joint': -0.06443247944116592, 'right_shoulder_roll_joint': 0.0, 'left_elbow_joint': 0.0, 'right_elbow_joint': 0.0}

--- WBC DEBUG STEP ---
num_envs: 1
navigate_cmd (vel_x, vel_y, yaw): [0.         0.00153437 0.00039063]
base_height_cmd (height): [0.7464844]
torso_orientation_rpy_cmd: [0. 0. 0.]
wbc_obs q (first 5): [-2.97398627e-01  5.80784908e-05  2.31919286e-04  7.25615144e-01
 -4.28216636e-01]
wbc_action q (first 5): [-0.26232594  0.0189421  -0.00378174  0.7065258   0.10768656]
arm joint targets: {'left_shoulder_roll_joint': -0.06551965326070786, 'right_shoulder_roll_joint': 0.0, 'left_elbow_joint': 0.0, 'right_elbow_joint': 0.0}

--- WBC DEBUG STEP ---
num_envs: 1
navigate_cmd (vel_x, vel_y, yaw): [ 0.         -0.00152987  0.00820313]
base_height_cmd (height): [0.7476562]
torso_orientation_rpy_cmd: [0. 0. 0.]
wbc_obs q (first 5): [-2.97398269e-01  5.81569584e-05  2.32067294e-04  7.25614727e-01
 -4.28216696e-01]
wbc_action q (first 5): [-0.26200092  0.01905822 -0.00438468  0.70499623  0.10806243]
arm joint targets: {'left_shoulder_roll_joint': -0.053560707718133926, 'right_shoulder_roll_joint': 0.0, 'left_elbow_joint': 0.0, 'right_elbow_joint': 0.0}

--- WBC DEBUG STEP ---
num_envs: 1
navigate_cmd (vel_x, vel_y, yaw): [ 0.         -0.00055488  0.00234375]
base_height_cmd (height): [0.7470703]
torso_orientation_rpy_cmd: [0. 0. 0.]
wbc_obs q (first 5): [-2.97398359e-01  5.83244910e-05  2.32790218e-04  7.25614727e-01
 -4.28216964e-01]
wbc_action q (first 5): [-0.2618193   0.01903947 -0.00402815  0.70542085  0.10861079]
arm joint targets: {'left_shoulder_roll_joint': -0.06660683453083038, 'right_shoulder_roll_joint': 0.0, 'left_elbow_joint': 0.0, 'right_elbow_joint': 0.0}

--- WBC DEBUG STEP ---
num_envs: 1
navigate_cmd (vel_x, vel_y, yaw): [ 0.         -0.00027632  0.00234375]
base_height_cmd (height): [0.74677736]
torso_orientation_rpy_cmd: [0. 0. 0.]
wbc_obs q (first 5): [-2.97398686e-01  5.82221037e-05  2.32616163e-04  7.25616395e-01
 -4.28217500e-01]
wbc_action q (first 5): [-0.26181766  0.01910703 -0.00395206  0.70592225  0.10790111]
arm joint targets: {'left_shoulder_roll_joint': -0.060083769261837006, 'right_shoulder_roll_joint': 0.0, 'left_elbow_joint': 0.0, 'right_elbow_joint': 0.0}

--- WBC DEBUG STEP ---
num_envs: 1
navigate_cmd (vel_x, vel_y, yaw): [ 0.         -0.00083345  0.00332031]
base_height_cmd (height): [0.7470703]
torso_orientation_rpy_cmd: [0. 0. 0.]
wbc_obs q (first 5): [-2.97397941e-01  5.77233550e-05  2.32163293e-04  7.25614190e-01
 -4.28216726e-01]
wbc_action q (first 5): [-0.26182255  0.01927404 -0.00399238  0.70565593  0.107787  ]
arm joint targets: {'left_shoulder_roll_joint': -0.07312989979982376, 'right_shoulder_roll_joint': 0.0, 'left_elbow_joint': 0.0, 'right_elbow_joint': 0.0}

--- WBC DEBUG STEP ---
num_envs: 1
navigate_cmd (vel_x, vel_y, yaw): [0.         0.00097724 0.00234375]
base_height_cmd (height): [0.7458984]
torso_orientation_rpy_cmd: [0. 0. 0.]
wbc_obs q (first 5): [-2.97399491e-01  5.80703163e-05  2.32353312e-04  7.25616932e-01
 -4.28217769e-01]
wbc_action q (first 5): [-0.26218164  0.01906038 -0.00396128  0.70685649  0.1066144 ]
arm joint targets: {'left_shoulder_roll_joint': -0.07639142870903015, 'right_shoulder_roll_joint': 0.0, 'left_elbow_joint': 0.0, 'right_elbow_joint': 0.0}

--- WBC DEBUG STEP ---
num_envs: 1
navigate_cmd (vel_x, vel_y, yaw): [0.         0.00153437 0.00332031]
base_height_cmd (height): [0.74794924]
torso_orientation_rpy_cmd: [0. 0. 0.]
wbc_obs q (first 5): [-2.97399133e-01  5.87119794e-05  2.33737388e-04  7.25616634e-01
 -4.28217381e-01]
wbc_action q (first 5): [-0.26211056  0.01895368 -0.00411519  0.70497358  0.10703592]
arm joint targets: {'left_shoulder_roll_joint': -0.06769400835037231, 'right_shoulder_roll_joint': 0.0, 'left_elbow_joint': 0.0, 'right_elbow_joint': 0.0}

--- WBC DEBUG STEP ---
num_envs: 1
navigate_cmd (vel_x, vel_y, yaw): [0.         0.00048974 0.00527344]
base_height_cmd (height): [0.75]
torso_orientation_rpy_cmd: [0. 0. 0.]
wbc_obs q (first 5): [-2.97398955e-01  5.93145814e-05  2.34554886e-04  7.25615859e-01
 -4.28216606e-01]
wbc_action q (first 5): [-0.26090744  0.01923702 -0.00406039  0.70256633  0.10891019]
arm joint targets: {'left_shoulder_roll_joint': -0.025294099003076553, 'right_shoulder_roll_joint': 0.0, 'left_elbow_joint': 0.0, 'right_elbow_joint': 0.0}

--- WBC DEBUG STEP ---
num_envs: 1
navigate_cmd (vel_x, vel_y, yaw): [0.         0.00237007 0.00820313]
base_height_cmd (height): [0.75]
torso_orientation_rpy_cmd: [0. 0. 0.]
wbc_obs q (first 5): [-2.97397971e-01  5.85606722e-05  2.34191102e-04  7.25614071e-01
 -4.28216010e-01]
wbc_action q (first 5): [-0.25907436  0.01927708 -0.00324253  0.70323014  0.11228092]
arm joint targets: {'left_shoulder_roll_joint': -0.04703764244914055, 'right_shoulder_roll_joint': 0.0, 'left_elbow_joint': 0.0, 'right_elbow_joint': 0.0}

--- WBC DEBUG STEP ---
num_envs: 1
navigate_cmd (vel_x, vel_y, yaw): [0.         0.00153437 0.00527344]
base_height_cmd (height): [0.75]
torso_orientation_rpy_cmd: [0. 0. 0.]
wbc_obs q (first 5): [-2.97399074e-01  5.85758789e-05  2.33899467e-04  7.25616276e-01
 -4.28217679e-01]
wbc_action q (first 5): [-0.25867549  0.01911059 -0.00357709  0.70380944  0.11390062]
arm joint targets: {'left_shoulder_roll_joint': -0.028555629774928093, 'right_shoulder_roll_joint': 0.0, 'left_elbow_joint': 0.0, 'right_elbow_joint': 0.0}

--- WBC DEBUG STEP ---
num_envs: 1
navigate_cmd (vel_x, vel_y, yaw): [0.         0.00181294 0.00820313]
base_height_cmd (height): [0.75]
torso_orientation_rpy_cmd: [0. 0. 0.]
wbc_obs q (first 5): [-2.97398508e-01  5.86804563e-05  2.34289997e-04  7.25615323e-01
 -4.28217351e-01]
wbc_action q (first 5): [-0.25838771  0.01877834 -0.00397152  0.70370579  0.11588399]
arm joint targets: {'left_shoulder_roll_joint': -0.04268893226981163, 'right_shoulder_roll_joint': 0.0, 'left_elbow_joint': 0.0, 'right_elbow_joint': 0.0}

--- WBC DEBUG STEP ---
num_envs: 1
navigate_cmd (vel_x, vel_y, yaw): [0.         0.00237007 0.01015625]
base_height_cmd (height): [0.75]
torso_orientation_rpy_cmd: [0. 0. 0.]
wbc_obs q (first 5): [-2.97398716e-01  5.88514413e-05  2.34130042e-04  7.25615680e-01
 -4.28217441e-01]
wbc_action q (first 5): [-0.25809366  0.0186667  -0.00415661  0.70389271  0.11729376]
arm joint targets: {'left_shoulder_roll_joint': -0.03181716054677963, 'right_shoulder_roll_joint': 0.0, 'left_elbow_joint': 0.0, 'right_elbow_joint': 0.0}

--- WBC DEBUG STEP ---
num_envs: 1
navigate_cmd (vel_x, vel_y, yaw): [0.         0.00167365 0.00429688]
base_height_cmd (height): [0.75]
torso_orientation_rpy_cmd: [0. 0. 0.]
wbc_obs q (first 5): [-2.97398508e-01  5.88618495e-05  2.34526073e-04  7.25615382e-01
 -4.28217202e-01]
wbc_action q (first 5): [-0.25802815  0.01893662 -0.00400982  0.70384061  0.11881186]
arm joint targets: {'left_shoulder_roll_joint': -0.023119743913412094, 'right_shoulder_roll_joint': 0.0, 'left_elbow_joint': 0.0, 'right_elbow_joint': 0.0}

--- WBC DEBUG STEP ---
num_envs: 1
navigate_cmd (vel_x, vel_y, yaw): [0.         0.0017433  0.00820313]
base_height_cmd (height): [0.75]
torso_orientation_rpy_cmd: [0. 0. 0.]
wbc_obs q (first 5): [-2.97398359e-01  5.88381918e-05  2.34464052e-04  7.25614786e-01
 -4.28216755e-01]
wbc_action q (first 5): [-0.25786158  0.01874782 -0.00423942  0.7036128   0.11981367]
arm joint targets: {'left_shoulder_roll_joint': -0.020945388823747635, 'right_shoulder_roll_joint': 0.0, 'left_elbow_joint': 0.0, 'right_elbow_joint': 0.0}

--- WBC DEBUG STEP ---
num_envs: 1
navigate_cmd (vel_x, vel_y, yaw): [0.         0.00118616 0.01308594]
base_height_cmd (height): [0.75]
torso_orientation_rpy_cmd: [0. 0. 0.]
wbc_obs q (first 5): [-2.97398984e-01  5.89251977e-05  2.34514009e-04  7.25616097e-01
 -4.28217322e-01]
wbc_action q (first 5): [-0.25765216  0.01841611 -0.0045862   0.70336187  0.12018354]
arm joint targets: {'left_shoulder_roll_joint': -0.023119743913412094, 'right_shoulder_roll_joint': 0.0, 'left_elbow_joint': 0.0, 'right_elbow_joint': 0.0}

--- WBC DEBUG STEP ---
num_envs: 1
navigate_cmd (vel_x, vel_y, yaw): [0.         0.00069867 0.00917969]
base_height_cmd (height): [0.75]
torso_orientation_rpy_cmd: [0. 0. 0.]
wbc_obs q (first 5): [-2.97398239e-01  5.82434077e-05  2.34140971e-04  7.25614488e-01
 -4.28216189e-01]
wbc_action q (first 5): [-0.25747702  0.01844156 -0.00467503  0.70315164  0.11990897]
arm joint targets: {'left_shoulder_roll_joint': -0.022032566368579865, 'right_shoulder_roll_joint': 0.0, 'left_elbow_joint': 0.0, 'right_elbow_joint': 0.0}

--- WBC DEBUG STEP ---
num_envs: 1
navigate_cmd (vel_x, vel_y, yaw): [0.         0.00062903 0.00917969]
base_height_cmd (height): [0.75]
torso_orientation_rpy_cmd: [0. 0. 0.]
wbc_obs q (first 5): [-2.97398478e-01  5.90386553e-05  2.34557796e-04  7.25614548e-01
 -4.28216755e-01]
wbc_action q (first 5): [-0.25734472  0.01845158 -0.0047385   0.70304865  0.11963211]
arm joint targets: {'left_shoulder_roll_joint': -0.030729984864592552, 'right_shoulder_roll_joint': 0.0, 'left_elbow_joint': 0.0, 'right_elbow_joint': 0.0}

--- WBC DEBUG STEP ---
num_envs: 1
navigate_cmd (vel_x, vel_y, yaw): [0.         0.00432004 0.00625   ]
base_height_cmd (height): [0.75]
torso_orientation_rpy_cmd: [0. 0. 0.]
wbc_obs q (first 5): [-2.97398716e-01  5.85372582e-05  2.33703118e-04  7.25614965e-01
 -4.28217143e-01]
wbc_action q (first 5): [-0.25744912  0.01792639 -0.00456007  0.70310968  0.1185921 ]
arm joint targets: {'left_shoulder_roll_joint': -0.016596680507063866, 'right_shoulder_roll_joint': 0.0, 'left_elbow_joint': 0.0, 'right_elbow_joint': 0.0}

--- WBC DEBUG STEP ---
num_envs: 1
navigate_cmd (vel_x, vel_y, yaw): [0.         0.00083795 0.00625   ]
base_height_cmd (height): [0.74970704]
torso_orientation_rpy_cmd: [0. 0. 0.]
wbc_obs q (first 5): [-2.97398359e-01  5.87698923e-05  2.34008374e-04  7.25615263e-01
 -4.28216428e-01]
wbc_action q (first 5): [-0.25751412  0.018556   -0.00463189  0.70311165  0.11807008]
arm joint targets: {'left_shoulder_roll_joint': -0.026381276547908783, 'right_shoulder_roll_joint': 0.0, 'left_elbow_joint': 0.0, 'right_elbow_joint': 0.0}

--- WBC DEBUG STEP ---
num_envs: 1
navigate_cmd (vel_x, vel_y, yaw): [0.         0.00139509 0.00429688]
base_height_cmd (height): [0.75]
torso_orientation_rpy_cmd: [0. 0. 0.]
wbc_obs q (first 5): [-2.97398657e-01  5.85687339e-05  2.34085979e-04  7.25615621e-01
 -4.28216964e-01]
wbc_action q (first 5): [-0.2575281   0.01841936 -0.00475     0.70285511  0.11799388]
arm joint targets: {'left_shoulder_roll_joint': -0.026381276547908783, 'right_shoulder_roll_joint': 0.0, 'left_elbow_joint': 0.0, 'right_elbow_joint': 0.0}

--- WBC DEBUG STEP ---
num_envs: 1
navigate_cmd (vel_x, vel_y, yaw): [0.         0.00209151 0.00625   ]
base_height_cmd (height): [0.75]
torso_orientation_rpy_cmd: [0. 0. 0.]
wbc_obs q (first 5): [-2.97398806e-01  5.89988667e-05  2.34624938e-04  7.25615799e-01
 -4.28217173e-01]
wbc_action q (first 5): [-0.25769475  0.01817292 -0.00481791  0.70276469  0.11783232]
arm joint targets: {'left_shoulder_roll_joint': -0.023119743913412094, 'right_shoulder_roll_joint': 0.0, 'left_elbow_joint': 0.0, 'right_elbow_joint': 0.0}

--- WBC DEBUG STEP ---
num_envs: 1
navigate_cmd (vel_x, vel_y, yaw): [ 0.         -0.00020668  0.00625   ]
base_height_cmd (height): [0.75]
torso_orientation_rpy_cmd: [0. 0. 0.]
wbc_obs q (first 5): [-2.97398418e-01  5.88183575e-05  2.34629042e-04  7.25614965e-01
 -4.28216726e-01]
wbc_action q (first 5): [-0.25764185  0.01846168 -0.00500771  0.70249313  0.11768939]
arm joint targets: {'left_shoulder_roll_joint': -0.020945388823747635, 'right_shoulder_roll_joint': 0.0, 'left_elbow_joint': 0.0, 'right_elbow_joint': 0.0}

--- WBC DEBUG STEP ---
num_envs: 1
navigate_cmd (vel_x, vel_y, yaw): [0.         0.00048974 0.00527344]
base_height_cmd (height): [0.7488281]
torso_orientation_rpy_cmd: [0. 0. 0.]
wbc_obs q (first 5): [-2.97398537e-01  5.84919871e-05  2.33991552e-04  7.25614965e-01
 -4.28216547e-01]
wbc_action q (first 5): [-0.25807723  0.01830969 -0.0049769   0.7036103   0.11713175]
arm joint targets: {'left_shoulder_roll_joint': -0.019858213141560555, 'right_shoulder_roll_joint': 0.0, 'left_elbow_joint': 0.0, 'right_elbow_joint': 0.0}

--- WBC DEBUG STEP ---
num_envs: 1
navigate_cmd (vel_x, vel_y, yaw): [0.         0.00083795 0.00625   ]
base_height_cmd (height): [0.75]
torso_orientation_rpy_cmd: [0. 0. 0.]
wbc_obs q (first 5): [-2.97398508e-01  5.88128387e-05  2.34461069e-04  7.25615144e-01
 -4.28216845e-01]
wbc_action q (first 5): [-0.25796148  0.01824537 -0.00501882  0.70272261  0.11749952]
arm joint targets: {'left_shoulder_roll_joint': -0.03181716054677963, 'right_shoulder_roll_joint': 0.0, 'left_elbow_joint': 0.0, 'right_elbow_joint': 0.0}

--- WBC DEBUG STEP ---
num_envs: 1
navigate_cmd (vel_x, vel_y, yaw): [0.         0.00097724 0.00820313]
base_height_cmd (height): [0.74970704]
torso_orientation_rpy_cmd: [0. 0. 0.]
wbc_obs q (first 5): [-2.97398984e-01  5.89137890e-05  2.34234438e-04  7.25616515e-01
 -4.28217292e-01]
wbc_action q (first 5): [-0.25794634  0.01809161 -0.00516019  0.70293403  0.11713324]
arm joint targets: {'left_shoulder_roll_joint': -0.022032566368579865, 'right_shoulder_roll_joint': 0.0, 'left_elbow_joint': 0.0, 'right_elbow_joint': 0.0}

--- WBC DEBUG STEP ---
num_envs: 1
navigate_cmd (vel_x, vel_y, yaw): [0.         0.00069867 0.00429688]
base_height_cmd (height): [0.74970704]
torso_orientation_rpy_cmd: [0. 0. 0.]
wbc_obs q (first 5): [-2.97398329e-01  5.86635542e-05  2.34112245e-04  7.25614905e-01
 -4.28216666e-01]
wbc_action q (first 5): [-0.25799137  0.01830463 -0.00506522  0.70285094  0.11720763]
arm joint targets: {'left_shoulder_roll_joint': -0.029642807319760323, 'right_shoulder_roll_joint': 0.0, 'left_elbow_joint': 0.0, 'right_elbow_joint': 0.0}

--- WBC DEBUG STEP ---
num_envs: 1
navigate_cmd (vel_x, vel_y, yaw): [ 0.         -0.0004156   0.00917969]
base_height_cmd (height): [0.74970704]
torso_orientation_rpy_cmd: [0. 0. 0.]
wbc_obs q (first 5): [-2.97399074e-01  5.85091548e-05  2.33677958e-04  7.25616515e-01
 -4.28217322e-01]
wbc_action q (first 5): [-0.2580207   0.01836041 -0.00521756  0.70281553  0.11707042]
arm joint targets: {'left_shoulder_roll_joint': -0.03399151563644409, 'right_shoulder_roll_joint': 0.0, 'left_elbow_joint': 0.0, 'right_elbow_joint': 0.0}

--- WBC DEBUG STEP ---
num_envs: 1
navigate_cmd (vel_x, vel_y, yaw): [ 0.         -0.00013703  0.00429688]
base_height_cmd (height): [0.7488281]
torso_orientation_rpy_cmd: [0. 0. 0.]
wbc_obs q (first 5): [-2.97399044e-01  5.86095266e-05  2.33955492e-04  7.25615919e-01
 -4.28217351e-01]
wbc_action q (first 5): [-0.25834316  0.01841955 -0.00508257  0.70373631  0.11637779]
arm joint targets: {'left_shoulder_roll_joint': -0.0416017584502697, 'right_shoulder_roll_joint': 0.0, 'left_elbow_joint': 0.0, 'right_elbow_joint': 0.0}

--- WBC DEBUG STEP ---
num_envs: 1
navigate_cmd (vel_x, vel_y, yaw): [ 0.         -0.00083345  0.00625   ]
base_height_cmd (height): [0.7494141]
torso_orientation_rpy_cmd: [0. 0. 0.]
wbc_obs q (first 5): [-2.97398806e-01  5.91145872e-05  2.34791980e-04  7.25616038e-01
 -4.28217322e-01]
wbc_action q (first 5): [-0.25867105  0.01842497 -0.00528511  0.70313644  0.11594485]
arm joint targets: {'left_shoulder_roll_joint': -0.04268893226981163, 'right_shoulder_roll_joint': 0.0, 'left_elbow_joint': 0.0, 'right_elbow_joint': 0.0}

--- WBC DEBUG STEP ---
num_envs: 1
navigate_cmd (vel_x, vel_y, yaw): [0.         0.00083795 0.00625   ]
base_height_cmd (height): [0.75]
torso_orientation_rpy_cmd: [0. 0. 0.]
wbc_obs q (first 5): [-2.97398359e-01  5.81404165e-05  2.33832063e-04  7.25614846e-01
 -4.28216070e-01]
wbc_action q (first 5): [-0.25849122  0.01829229 -0.00505005  0.70259094  0.11592139]
arm joint targets: {'left_shoulder_roll_joint': -0.03834022581577301, 'right_shoulder_roll_joint': 0.0, 'left_elbow_joint': 0.0, 'right_elbow_joint': 0.0}

--- WBC DEBUG STEP ---
num_envs: 1
navigate_cmd (vel_x, vel_y, yaw): [0.        0.0012558 0.00625  ]
base_height_cmd (height): [0.74970704]
torso_orientation_rpy_cmd: [0. 0. 0.]
wbc_obs q (first 5): [-2.97398299e-01  5.84368208e-05  2.34078660e-04  7.25614429e-01
 -4.28216487e-01]
wbc_action q (first 5): [-0.25832212  0.0183171  -0.00480884  0.70289069  0.1156673 ]
arm joint targets: {'left_shoulder_roll_joint': -0.04812481999397278, 'right_shoulder_roll_joint': 0.0, 'left_elbow_joint': 0.0, 'right_elbow_joint': 0.0}

--- WBC DEBUG STEP ---
num_envs: 1
navigate_cmd (vel_x, vel_y, yaw): [0.         0.00083795 0.00625   ]
base_height_cmd (height): [0.7494141]
torso_orientation_rpy_cmd: [0. 0. 0.]
wbc_obs q (first 5): [-2.97398061e-01  5.84125628e-05  2.34007661e-04  7.25614369e-01
 -4.28216368e-01]
wbc_action q (first 5): [-0.25868174  0.01820849 -0.00493903  0.70322353  0.11495255]
arm joint targets: {'left_shoulder_roll_joint': -0.04595046490430832, 'right_shoulder_roll_joint': 0.0, 'left_elbow_joint': 0.0, 'right_elbow_joint': 0.0}

--- WBC DEBUG STEP ---
num_envs: 1
navigate_cmd (vel_x, vel_y, yaw): [0.         0.00028082 0.00820313]
base_height_cmd (height): [0.74970704]
torso_orientation_rpy_cmd: [0. 0. 0.]
wbc_obs q (first 5): [-2.97398716e-01  5.87391041e-05  2.34355131e-04  7.25615561e-01
 -4.28217292e-01]
wbc_action q (first 5): [-0.25888282  0.01824151 -0.00504892  0.70277423  0.11479832]
arm joint targets: {'left_shoulder_roll_joint': -0.04486328735947609, 'right_shoulder_roll_joint': 0.0, 'left_elbow_joint': 0.0, 'right_elbow_joint': 0.0}

--- WBC DEBUG STEP ---
num_envs: 1
navigate_cmd (vel_x, vel_y, yaw): [ 0.         -0.00013703  0.00625   ]
base_height_cmd (height): [0.74794924]
torso_orientation_rpy_cmd: [0. 0. 0.]
wbc_obs q (first 5): [-2.97398478e-01  5.86559945e-05  2.33695653e-04  7.25615144e-01
 -4.28216547e-01]
wbc_action q (first 5): [-0.25938806  0.01831179 -0.00488952  0.70434928  0.11367221]
arm joint targets: {'left_shoulder_roll_joint': -0.054647885262966156, 'right_shoulder_roll_joint': 0.0, 'left_elbow_joint': 0.0, 'right_elbow_joint': 0.0}

--- WBC DEBUG STEP ---
num_envs: 1
navigate_cmd (vel_x, vel_y, yaw): [0.         0.00097724 0.00820313]
base_height_cmd (height): [0.7488281]
torso_orientation_rpy_cmd: [0. 0. 0.]
wbc_obs q (first 5): [-2.97398627e-01  5.86689785e-05  2.34674895e-04  7.25614965e-01
 -4.28216577e-01]
wbc_action q (first 5): [-0.25968027  0.01827236 -0.00478332  0.70396274  0.11309348]
arm joint targets: {'left_shoulder_roll_joint': -0.053560707718133926, 'right_shoulder_roll_joint': 0.0, 'left_elbow_joint': 0.0, 'right_elbow_joint': 0.0}

--- WBC DEBUG STEP ---
num_envs: 1
navigate_cmd (vel_x, vel_y, yaw): [0.         0.00195222 0.01015625]
base_height_cmd (height): [0.7494141]
torso_orientation_rpy_cmd: [0. 0. 0.]
wbc_obs q (first 5): [-2.97398150e-01  5.90106683e-05  2.34267834e-04  7.25614429e-01
 -4.28216636e-01]
wbc_action q (first 5): [-0.25962701  0.01804505 -0.00486997  0.70320493  0.11304201]
arm joint targets: {'left_shoulder_roll_joint': -0.057909414172172546, 'right_shoulder_roll_joint': 0.0, 'left_elbow_joint': 0.0, 'right_elbow_joint': 0.0}

--- WBC DEBUG STEP ---
num_envs: 1
navigate_cmd (vel_x, vel_y, yaw): [ 0.         -0.00055488  0.00527344]
base_height_cmd (height): [0.7488281]
torso_orientation_rpy_cmd: [0. 0. 0.]
wbc_obs q (first 5): [-2.97398984e-01  5.87865288e-05  2.34235122e-04  7.25616515e-01
 -4.28217530e-01]
wbc_action q (first 5): [-0.25958261  0.01849913 -0.0048645   0.7033658   0.11227445]
arm joint targets: {'left_shoulder_roll_joint': -0.058996591717004776, 'right_shoulder_roll_joint': 0.0, 'left_elbow_joint': 0.0, 'right_elbow_joint': 0.0}

--- WBC DEBUG STEP ---
num_envs: 1
navigate_cmd (vel_x, vel_y, yaw): [0.         0.00195222 0.00917969]
base_height_cmd (height): [0.75]
torso_orientation_rpy_cmd: [0. 0. 0.]
wbc_obs q (first 5): [-2.97398835e-01  5.85598791e-05  2.34200095e-04  7.25615621e-01
 -4.28216785e-01]
wbc_action q (first 5): [-0.25930253  0.0182008  -0.00470961  0.70244467  0.11272766]
arm joint targets: {'left_shoulder_roll_joint': -0.06769400835037231, 'right_shoulder_roll_joint': 0.0, 'left_elbow_joint': 0.0, 'right_elbow_joint': 0.0}

--- WBC DEBUG STEP ---
num_envs: 1
navigate_cmd (vel_x, vel_y, yaw): [ 0.         -0.00083345  0.00722656]
base_height_cmd (height): [0.7482422]
torso_orientation_rpy_cmd: [0. 0. 0.]
wbc_obs q (first 5): [-2.97398448e-01  5.86266724e-05  2.34457781e-04  7.25614727e-01
 -4.28216636e-01]
wbc_action q (first 5): [-0.25966594  0.01855163 -0.00477895  0.70381749  0.11140598]
arm joint targets: {'left_shoulder_roll_joint': -0.06551965326070786, 'right_shoulder_roll_joint': 0.0, 'left_elbow_joint': 0.0, 'right_elbow_joint': 0.0}

--- WBC DEBUG STEP ---
num_envs: 1
navigate_cmd (vel_x, vel_y, yaw): [0.         0.00069867 0.01015625]
base_height_cmd (height): [0.74970704]
torso_orientation_rpy_cmd: [0. 0. 0.]
wbc_obs q (first 5): [-2.97398657e-01  5.85578018e-05  2.34345440e-04  7.25615203e-01
 -4.28216785e-01]
wbc_action q (first 5): [-0.25972319  0.0183374  -0.00482316  0.70254976  0.11171086]
arm joint targets: {'left_shoulder_roll_joint': -0.06769400835037231, 'right_shoulder_roll_joint': 0.0, 'left_elbow_joint': 0.0, 'right_elbow_joint': 0.0}

--- WBC DEBUG STEP ---
num_envs: 1
navigate_cmd (vel_x, vel_y, yaw): [0.         0.00062903 0.00722656]
base_height_cmd (height): [0.75]
torso_orientation_rpy_cmd: [0. 0. 0.]
wbc_obs q (first 5): [-2.97398001e-01  5.83619985e-05  2.33828643e-04  7.25614250e-01
 -4.28216159e-01]
wbc_action q (first 5): [-0.2593886   0.01842718 -0.00474136  0.70191419  0.11190425]
arm joint targets: {'left_shoulder_roll_joint': -0.08074013888835907, 'right_shoulder_roll_joint': 0.0, 'left_elbow_joint': 0.0, 'right_elbow_joint': 0.0}

--- WBC DEBUG STEP ---
num_envs: 1
navigate_cmd (vel_x, vel_y, yaw): [0.         0.00014153 0.01015625]
base_height_cmd (height): [0.7482422]
torso_orientation_rpy_cmd: [0. 0. 0.]
wbc_obs q (first 5): [-2.97398984e-01  5.79267435e-05  2.33187311e-04  7.25615919e-01
 -4.28217083e-01]
wbc_action q (first 5): [-0.25981238  0.01820815 -0.0048315   0.70353985  0.11031346]
arm joint targets: {'left_shoulder_roll_joint': -0.07421707361936569, 'right_shoulder_roll_joint': 0.0, 'left_elbow_joint': 0.0, 'right_elbow_joint': 0.0}

--- WBC DEBUG STEP ---
num_envs: 1
navigate_cmd (vel_x, vel_y, yaw): [0.         0.00376291 0.00429688]
base_height_cmd (height): [0.74794924]
torso_orientation_rpy_cmd: [0. 0. 0.]
wbc_obs q (first 5): [-2.97398359e-01  5.83860310e-05  2.34293955e-04  7.25614727e-01
 -4.28216904e-01]
wbc_action q (first 5): [-0.26050219  0.01789826 -0.00432705  0.70428669  0.10919382]
arm joint targets: {'left_shoulder_roll_joint': -0.07965295761823654, 'right_shoulder_roll_joint': 0.0, 'left_elbow_joint': 0.0, 'right_elbow_joint': 0.0}

--- WBC DEBUG STEP ---
num_envs: 1
navigate_cmd (vel_x, vel_y, yaw): [0.         0.00264864 0.00917969]
base_height_cmd (height): [0.7488281]
torso_orientation_rpy_cmd: [0. 0. 0.]
wbc_obs q (first 5): [-2.97398806e-01  5.84601257e-05  2.34018342e-04  7.25615323e-01
 -4.28216696e-01]
wbc_action q (first 5): [-0.26063654  0.01798077 -0.0044704   0.70343184  0.1087328 ]
arm joint targets: {'left_shoulder_roll_joint': -0.07530424743890762, 'right_shoulder_roll_joint': 0.0, 'left_elbow_joint': 0.0, 'right_elbow_joint': 0.0}

--- WBC DEBUG STEP ---
num_envs: 1
navigate_cmd (vel_x, vel_y, yaw): [0.         0.00111652 0.00527344]
base_height_cmd (height): [0.7482422]
torso_orientation_rpy_cmd: [0. 0. 0.]
wbc_obs q (first 5): [-2.97398269e-01  5.85551097e-05  2.33874991e-04  7.25614786e-01
 -4.28216815e-01]
wbc_action q (first 5): [-0.26060146  0.01829602 -0.00444718  0.70359921  0.10859282]
arm joint targets: {'left_shoulder_roll_joint': -0.07965295761823654, 'right_shoulder_roll_joint': 0.0, 'left_elbow_joint': 0.0, 'right_elbow_joint': 0.0}

--- WBC DEBUG STEP ---
num_envs: 1
navigate_cmd (vel_x, vel_y, yaw): [ 0.         -0.00069417  0.00917969]
base_height_cmd (height): [0.7482422]
torso_orientation_rpy_cmd: [0. 0. 0.]
wbc_obs q (first 5): [-2.97398716e-01  5.88837247e-05  2.34791325e-04  7.25615263e-01
 -4.28216547e-01]
wbc_action q (first 5): [-0.26070377  0.01834403 -0.00479265  0.70352685  0.10876243]
arm joint targets: {'left_shoulder_roll_joint': -0.08617602288722992, 'right_shoulder_roll_joint': 0.0, 'left_elbow_joint': 0.0, 'right_elbow_joint': 0.0}

--- WBC DEBUG STEP ---
num_envs: 1
navigate_cmd (vel_x, vel_y, yaw): [0.         0.00097724 0.01113281]
base_height_cmd (height): [0.74794924]
torso_orientation_rpy_cmd: [0. 0. 0.]
wbc_obs q (first 5): [-2.97398895e-01  5.90144482e-05  2.34612336e-04  7.25615680e-01
 -4.28216845e-01]
wbc_action q (first 5): [-0.26088214  0.01796248 -0.00479487  0.70396769  0.10852025]
arm joint targets: {'left_shoulder_roll_joint': -0.08943755179643631, 'right_shoulder_roll_joint': 0.0, 'left_elbow_joint': 0.0, 'right_elbow_joint': 0.0}

--- WBC DEBUG STEP ---
num_envs: 1
navigate_cmd (vel_x, vel_y, yaw): [0.         0.00139509 0.00429688]
base_height_cmd (height): [0.7482422]
torso_orientation_rpy_cmd: [0. 0. 0.]
wbc_obs q (first 5): [-2.97398835e-01  5.83767942e-05  2.33802697e-04  7.25615799e-01
 -4.28217351e-01]
wbc_action q (first 5): [-0.26080388  0.01838632 -0.00440937  0.70396852  0.10835622]
arm joint targets: {'left_shoulder_roll_joint': -0.07965295761823654, 'right_shoulder_roll_joint': 0.0, 'left_elbow_joint': 0.0, 'right_elbow_joint': 0.0}

--- WBC DEBUG STEP ---
num_envs: 1
navigate_cmd (vel_x, vel_y, yaw): [ 0.         -0.00069417  0.00820313]
base_height_cmd (height): [0.74794924]
torso_orientation_rpy_cmd: [0. 0. 0.]
wbc_obs q (first 5): [-2.97399014e-01  5.87206341e-05  2.34248320e-04  7.25616217e-01
 -4.28217053e-01]
wbc_action q (first 5): [-0.26103783  0.01856999 -0.00460996  0.70394504  0.10854115]
arm joint targets: {'left_shoulder_roll_joint': -0.08943755179643631, 'right_shoulder_roll_joint': 0.0, 'left_elbow_joint': 0.0, 'right_elbow_joint': 0.0}

--- WBC DEBUG STEP ---
num_envs: 1
navigate_cmd (vel_x, vel_y, yaw): [0.         0.00250936 0.00625   ]
base_height_cmd (height): [0.7482422]
torso_orientation_rpy_cmd: [0. 0. 0.]
wbc_obs q (first 5): [-2.97398448e-01  5.83196561e-05  2.34218271e-04  7.25614965e-01
 -4.28216279e-01]
wbc_action q (first 5): [-0.26097545  0.01823475 -0.00426973  0.70404732  0.1087587 ]
arm joint targets: {'left_shoulder_roll_joint': -0.08400166779756546, 'right_shoulder_roll_joint': 0.0, 'left_elbow_joint': 0.0, 'right_elbow_joint': 0.0}

--- WBC DEBUG STEP ---
num_envs: 1
navigate_cmd (vel_x, vel_y, yaw): [ 0.         -0.00069417  0.01210938]
base_height_cmd (height): [0.74677736]
torso_orientation_rpy_cmd: [0. 0. 0.]
wbc_obs q (first 5): [-2.97398567e-01  5.88028888e-05  2.34384264e-04  7.25615203e-01
 -4.28217232e-01]
wbc_action q (first 5): [-0.26152137  0.01823875 -0.00474155  0.70509505  0.10803123]
arm joint targets: {'left_shoulder_roll_joint': -0.09813497215509415, 'right_shoulder_roll_joint': 0.0, 'left_elbow_joint': 0.0, 'right_elbow_joint': 0.0}

--- WBC DEBUG STEP ---
num_envs: 1
navigate_cmd (vel_x, vel_y, yaw): [0.         0.00209151 0.00625   ]
base_height_cmd (height): [0.7476562]
torso_orientation_rpy_cmd: [0. 0. 0.]
wbc_obs q (first 5): [-2.97398388e-01  5.94810226e-05  2.35317319e-04  7.25615084e-01
 -4.28216636e-01]
wbc_action q (first 5): [-0.26161826  0.01833722 -0.00412716  0.70495421  0.10764427]
arm joint targets: {'left_shoulder_roll_joint': -0.09052473306655884, 'right_shoulder_roll_joint': 0.0, 'left_elbow_joint': 0.0, 'right_elbow_joint': 0.0}

--- WBC DEBUG STEP ---
num_envs: 1
navigate_cmd (vel_x, vel_y, yaw): [ 0.         -0.00013703  0.00625   ]
base_height_cmd (height): [0.7476562]
torso_orientation_rpy_cmd: [0. 0. 0.]
wbc_obs q (first 5): [-2.97398537e-01  5.90701529e-05  2.34783307e-04  7.25614905e-01
 -4.28216636e-01]
wbc_action q (first 5): [-0.26165462  0.01874804 -0.00418094  0.70476842  0.10753624]
arm joint targets: {'left_shoulder_roll_joint': -0.08617602288722992, 'right_shoulder_roll_joint': 0.0, 'left_elbow_joint': 0.0, 'right_elbow_joint': 0.0}

--- WBC DEBUG STEP ---
num_envs: 1
navigate_cmd (vel_x, vel_y, yaw): [0.         0.00104688 0.00820313]
base_height_cmd (height): [0.7482422]
torso_orientation_rpy_cmd: [0. 0. 0.]
wbc_obs q (first 5): [-2.97398865e-01  5.93901204e-05  2.35300307e-04  7.25615740e-01
 -4.28217113e-01]
wbc_action q (first 5): [-0.26145452  0.0186166  -0.00409155  0.70420009  0.10812388]
arm joint targets: {'left_shoulder_roll_joint': -0.09378626197576523, 'right_shoulder_roll_joint': 0.0, 'left_elbow_joint': 0.0, 'right_elbow_joint': 0.0}

--- WBC DEBUG STEP ---
num_envs: 1
navigate_cmd (vel_x, vel_y, yaw): [0.         0.00139509 0.00234375]
base_height_cmd (height): [0.7464844]
torso_orientation_rpy_cmd: [0. 0. 0.]
wbc_obs q (first 5): [-2.97398686e-01  5.79645894e-05  2.33322688e-04  7.25615382e-01
 -4.28216130e-01]
wbc_action q (first 5): [-0.26167664  0.01858243 -0.00394929  0.70585775  0.1069596 ]
arm joint targets: {'left_shoulder_roll_joint': -0.09922215342521667, 'right_shoulder_roll_joint': 0.0, 'left_elbow_joint': 0.0, 'right_elbow_joint': 0.0}

--- WBC DEBUG STEP ---
num_envs: 1
navigate_cmd (vel_x, vel_y, yaw): [0.         0.00055939 0.00625   ]
base_height_cmd (height): [0.7470703]
torso_orientation_rpy_cmd: [0. 0. 0.]
wbc_obs q (first 5): [-2.97398627e-01  5.90790951e-05  2.34376057e-04  7.25615382e-01
 -4.28216964e-01]
wbc_action q (first 5): [-0.26221424  0.01866122 -0.00410639  0.70556247  0.10648991]
arm joint targets: {'left_shoulder_roll_joint': -0.10139650106430054, 'right_shoulder_roll_joint': 0.0, 'left_elbow_joint': 0.0, 'right_elbow_joint': 0.0}

--- WBC DEBUG STEP ---
num_envs: 1
navigate_cmd (vel_x, vel_y, yaw): [0.         0.00132545 0.00429688]
base_height_cmd (height): [0.7470703]
torso_orientation_rpy_cmd: [0. 0. 0.]
wbc_obs q (first 5): [-2.97398925e-01  5.88755502e-05  2.34093532e-04  7.25615621e-01
 -4.28217441e-01]
wbc_action q (first 5): [-0.26224163  0.01879537 -0.00386653  0.70558369  0.10593943]
arm joint targets: {'left_shoulder_roll_joint': -0.08835037797689438, 'right_shoulder_roll_joint': 0.0, 'left_elbow_joint': 0.0, 'right_elbow_joint': 0.0}

--- WBC DEBUG STEP ---
num_envs: 1
navigate_cmd (vel_x, vel_y, yaw): [0.         0.00209151 0.00429688]
base_height_cmd (height): [0.7494141]
torso_orientation_rpy_cmd: [0. 0. 0.]
wbc_obs q (first 5): [-2.97399014e-01  5.87381874e-05  2.34099425e-04  7.25615978e-01
 -4.28216994e-01]
wbc_action q (first 5): [-0.26145095  0.01883333 -0.00380368  0.70322561  0.10748215]
arm joint targets: {'left_shoulder_roll_joint': -0.03834022581577301, 'right_shoulder_roll_joint': 0.0, 'left_elbow_joint': 0.0, 'right_elbow_joint': 0.0}

--- WBC DEBUG STEP ---
num_envs: 1
navigate_cmd (vel_x, vel_y, yaw): [0.         0.00362363 0.00722656]
base_height_cmd (height): [0.7488281]
torso_orientation_rpy_cmd: [0. 0. 0.]
wbc_obs q (first 5): [-2.97398001e-01  5.86218957e-05  2.34247040e-04  7.25614130e-01
 -4.28216100e-01]
wbc_action q (first 5): [-0.25998127  0.0193366  -0.0026751   0.70479572  0.11073528]
arm joint targets: {'left_shoulder_roll_joint': -0.04486328735947609, 'right_shoulder_roll_joint': 0.0, 'left_elbow_joint': 0.0, 'right_elbow_joint': 0.0}

--- WBC DEBUG STEP ---
num_envs: 1
navigate_cmd (vel_x, vel_y, yaw): [0.         0.00320577 0.00625   ]
base_height_cmd (height): [0.7488281]
torso_orientation_rpy_cmd: [0. 0. 0.]
wbc_obs q (first 5): [-2.97398329e-01  5.87246541e-05  2.34287101e-04  7.25614727e-01
 -4.28216904e-01]
wbc_action q (first 5): [-0.25975344  0.01917064 -0.00294726  0.70542264  0.11234708]
arm joint targets: {'left_shoulder_roll_joint': -0.03942740336060524, 'right_shoulder_roll_joint': 0.0, 'left_elbow_joint': 0.0, 'right_elbow_joint': 0.0}

--- WBC DEBUG STEP ---
num_envs: 1
navigate_cmd (vel_x, vel_y, yaw): [0.         0.00104688 0.00625   ]
base_height_cmd (height): [0.75]
torso_orientation_rpy_cmd: [0. 0. 0.]
wbc_obs q (first 5): [-2.97398478e-01  5.89280244e-05  2.34559018e-04  7.25615144e-01
 -4.28216338e-01]
wbc_action q (first 5): [-0.25923526  0.0194996  -0.00342238  0.70408815  0.11403142]
arm joint targets: {'left_shoulder_roll_joint': -0.03507869318127632, 'right_shoulder_roll_joint': 0.0, 'left_elbow_joint': 0.0, 'right_elbow_joint': 0.0}

--- WBC DEBUG STEP ---
num_envs: 1
navigate_cmd (vel_x, vel_y, yaw): [0.         0.00278792 0.00722656]
base_height_cmd (height): [0.74853516]
torso_orientation_rpy_cmd: [0. 0. 0.]
wbc_obs q (first 5): [-2.97398835e-01  5.86549722e-05  2.33910789e-04  7.25615680e-01
 -4.28217202e-01]
wbc_action q (first 5): [-0.25908101  0.01907255 -0.00372318  0.70507383  0.11450423]
arm joint targets: {'left_shoulder_roll_joint': -0.019858213141560555, 'right_shoulder_roll_joint': 0.0, 'left_elbow_joint': 0.0, 'right_elbow_joint': 0.0}

--- WBC DEBUG STEP ---
num_envs: 1
navigate_cmd (vel_x, vel_y, yaw): [0.         0.00237007 0.00527344]
base_height_cmd (height): [0.75]
torso_orientation_rpy_cmd: [0. 0. 0.]
wbc_obs q (first 5): [-2.97399253e-01  5.87782415e-05  2.34005056e-04  7.25616813e-01
 -4.28218186e-01]
wbc_action q (first 5): [-0.25857288  0.01904433 -0.00397361  0.70363849  0.11643098]
arm joint targets: {'left_shoulder_roll_joint': -0.018771035596728325, 'right_shoulder_roll_joint': 0.0, 'left_elbow_joint': 0.0, 'right_elbow_joint': 0.0}

--- WBC DEBUG STEP ---
num_envs: 1
navigate_cmd (vel_x, vel_y, yaw): [0.         0.00153437 0.00625   ]
base_height_cmd (height): [0.7494141]
torso_orientation_rpy_cmd: [0. 0. 0.]
wbc_obs q (first 5): [-2.97398299e-01  5.86028909e-05  2.33946485e-04  7.25614607e-01
 -4.28216964e-01]
wbc_action q (first 5): [-0.25821105  0.01905212 -0.00419662  0.70379281  0.11720203]
arm joint targets: {'left_shoulder_roll_joint': -0.025294099003076553, 'right_shoulder_roll_joint': 0.0, 'left_elbow_joint': 0.0, 'right_elbow_joint': 0.0}

--- WBC DEBUG STEP ---
num_envs: 1
navigate_cmd (vel_x, vel_y, yaw): [0.         0.00237007 0.00625   ]
base_height_cmd (height): [0.75]
torso_orientation_rpy_cmd: [0. 0. 0.]
wbc_obs q (first 5): [-2.97398776e-01  5.82024404e-05  2.33569925e-04  7.25614786e-01
 -4.28216815e-01]
wbc_action q (first 5): [-0.2578311   0.01889945 -0.0042636   0.70321941  0.11739661]
arm joint targets: {'left_shoulder_roll_joint': -0.018771035596728325, 'right_shoulder_roll_joint': 0.0, 'left_elbow_joint': 0.0, 'right_elbow_joint': 0.0}

--- WBC DEBUG STEP ---
num_envs: 1
navigate_cmd (vel_x, vel_y, yaw): [0.         0.00181294 0.00527344]
base_height_cmd (height): [0.75]
torso_orientation_rpy_cmd: [0. 0. 0.]
wbc_obs q (first 5): [-2.97398597e-01  5.85489761e-05  2.33389423e-04  7.25615621e-01
 -4.28217173e-01]
wbc_action q (first 5): [-0.25759441  0.01883402 -0.00448975  0.70279717  0.11755095]
arm joint targets: {'left_shoulder_roll_joint': -0.023119743913412094, 'right_shoulder_roll_joint': 0.0, 'left_elbow_joint': 0.0, 'right_elbow_joint': 0.0}

--- WBC DEBUG STEP ---
num_envs: 1
navigate_cmd (vel_x, vel_y, yaw): [0.         0.00153437 0.00625   ]
base_height_cmd (height): [0.7494141]
torso_orientation_rpy_cmd: [0. 0. 0.]
wbc_obs q (first 5): [-2.97398716e-01  5.85990601e-05  2.33619518e-04  7.25615680e-01
 -4.28217232e-01]
wbc_action q (first 5): [-0.25767308  0.01866456 -0.00478477  0.70305383  0.11712016]
arm joint targets: {'left_shoulder_roll_joint': -0.023119743913412094, 'right_shoulder_roll_joint': 0.0, 'left_elbow_joint': 0.0, 'right_elbow_joint': 0.0}

--- WBC DEBUG STEP ---
num_envs: 1
navigate_cmd (vel_x, vel_y, yaw): [0.         0.00111652 0.00820313]
base_height_cmd (height): [0.7494141]
torso_orientation_rpy_cmd: [0. 0. 0.]
wbc_obs q (first 5): [-2.97398001e-01  5.84933587e-05  2.33477389e-04  7.25614548e-01
 -4.28216428e-01]
wbc_action q (first 5): [-0.25786808  0.01849511 -0.00494526  0.70302391  0.11684082]
arm joint targets: {'left_shoulder_roll_joint': -0.03507869318127632, 'right_shoulder_roll_joint': 0.0, 'left_elbow_joint': 0.0, 'right_elbow_joint': 0.0}

--- WBC DEBUG STEP ---
num_envs: 1
navigate_cmd (vel_x, vel_y, yaw): [0.         0.0012558  0.00820313]
base_height_cmd (height): [0.74970704]
torso_orientation_rpy_cmd: [0. 0. 0.]
wbc_obs q (first 5): [-2.97398210e-01  5.82311986e-05  2.33308703e-04  7.25614727e-01
 -4.28217024e-01]
wbc_action q (first 5): [-0.25804383  0.01833911 -0.00507744  0.70269829  0.11625339]
arm joint targets: {'left_shoulder_roll_joint': -0.027468452230095863, 'right_shoulder_roll_joint': 0.0, 'left_elbow_joint': 0.0, 'right_elbow_joint': 0.0}

--- WBC DEBUG STEP ---
num_envs: 1
navigate_cmd (vel_x, vel_y, yaw): [0.         0.00209151 0.00625   ]
base_height_cmd (height): [0.75]
torso_orientation_rpy_cmd: [0. 0. 0.]
wbc_obs q (first 5): [-2.97398388e-01  5.89372357e-05  2.33639046e-04  7.25614905e-01
 -4.28216964e-01]
wbc_action q (first 5): [-0.25811133  0.01836842 -0.00483233  0.70239985  0.11618175]
arm joint targets: {'left_shoulder_roll_joint': -0.027468452230095863, 'right_shoulder_roll_joint': 0.0, 'left_elbow_joint': 0.0, 'right_elbow_joint': 0.0}

--- WBC DEBUG STEP ---
num_envs: 1
navigate_cmd (vel_x, vel_y, yaw): [0.         0.00223079 0.00429688]
base_height_cmd (height): [0.75]
torso_orientation_rpy_cmd: [0. 0. 0.]
wbc_obs q (first 5): [-2.97398567e-01  5.85939270e-05  2.33464016e-04  7.25615501e-01
 -4.28217649e-01]
wbc_action q (first 5): [-0.25806341  0.01834348 -0.00478195  0.70224714  0.11597119]
arm joint targets: {'left_shoulder_roll_joint': -0.025294099003076553, 'right_shoulder_roll_joint': 0.0, 'left_elbow_joint': 0.0, 'right_elbow_joint': 0.0}

--- WBC DEBUG STEP ---
num_envs: 1
navigate_cmd (vel_x, vel_y, yaw): [0.         0.00181294 0.00722656]
base_height_cmd (height): [0.75]
torso_orientation_rpy_cmd: [0. 0. 0.]
wbc_obs q (first 5): [-2.97398359e-01  5.87121431e-05  2.33853309e-04  7.25615382e-01
 -4.28217471e-01]
wbc_action q (first 5): [-0.25811502  0.01821348 -0.00490113  0.70212901  0.11570294]
arm joint targets: {'left_shoulder_roll_joint': -0.030729984864592552, 'right_shoulder_roll_joint': 0.0, 'left_elbow_joint': 0.0, 'right_elbow_joint': 0.0}

--- WBC DEBUG STEP ---
num_envs: 1
navigate_cmd (vel_x, vel_y, yaw): [0.         0.00035046 0.00136719]
base_height_cmd (height): [0.7482422]
torso_orientation_rpy_cmd: [0. 0. 0.]
wbc_obs q (first 5): [-2.97397852e-01  5.83156325e-05  2.33975938e-04  7.25613952e-01
 -4.28216040e-01]
wbc_action q (first 5): [-0.25860262  0.01834691 -0.00491626  0.70372856  0.11416106]
arm joint targets: {'left_shoulder_roll_joint': -0.030729984864592552, 'right_shoulder_roll_joint': 0.0, 'left_elbow_joint': 0.0, 'right_elbow_joint': 0.0}

--- WBC DEBUG STEP ---
num_envs: 1
navigate_cmd (vel_x, vel_y, yaw): [0.0000000e+00 2.2504828e-06 6.2500001e-03]
base_height_cmd (height): [0.74853516]
torso_orientation_rpy_cmd: [0. 0. 0.]
wbc_obs q (first 5): [-2.97398627e-01  5.84545051e-05  2.33987841e-04  7.25615561e-01
 -4.28216934e-01]
wbc_action q (first 5): [-0.25921518  0.01822691 -0.00523269  0.7036649   0.11389758]
arm joint targets: {'left_shoulder_roll_joint': -0.03181716054677963, 'right_shoulder_roll_joint': 0.0, 'left_elbow_joint': 0.0, 'right_elbow_joint': 0.0}

--- WBC DEBUG STEP ---
num_envs: 1
navigate_cmd (vel_x, vel_y, yaw): [0.         0.00153437 0.00527344]
base_height_cmd (height): [0.74970704]
torso_orientation_rpy_cmd: [0. 0. 0.]
wbc_obs q (first 5): [-2.97398597e-01  5.84016852e-05  2.33147337e-04  7.25615561e-01
 -4.28217322e-01]
wbc_action q (first 5): [-0.25902805  0.01822592 -0.00503919  0.70264268  0.11433293]
arm joint targets: {'left_shoulder_roll_joint': -0.027468452230095863, 'right_shoulder_roll_joint': 0.0, 'left_elbow_joint': 0.0, 'right_elbow_joint': 0.0}

--- WBC DEBUG STEP ---
num_envs: 1
navigate_cmd (vel_x, vel_y, yaw): [0.        0.0004201 0.00625  ]
base_height_cmd (height): [0.7488281]
torso_orientation_rpy_cmd: [0. 0. 0.]
wbc_obs q (first 5): [-2.97397912e-01  5.83658875e-05  2.33324638e-04  7.25614309e-01
 -4.28216219e-01]
wbc_action q (first 5): [-0.25906932  0.01835148 -0.00508948  0.70318538  0.11403941]
arm joint targets: {'left_shoulder_roll_joint': -0.03399151563644409, 'right_shoulder_roll_joint': 0.0, 'left_elbow_joint': 0.0, 'right_elbow_joint': 0.0}

--- WBC DEBUG STEP ---
num_envs: 1
navigate_cmd (vel_x, vel_y, yaw): [0.         0.00069867 0.00429688]
base_height_cmd (height): [0.7494141]
torso_orientation_rpy_cmd: [0. 0. 0.]
wbc_obs q (first 5): [-2.97398508e-01  5.87883660e-05  2.34133200e-04  7.25614548e-01
 -4.28216755e-01]
wbc_action q (first 5): [-0.25884497  0.01848278 -0.0050086   0.70283401  0.11404233]
arm joint targets: {'left_shoulder_roll_joint': -0.03834022581577301, 'right_shoulder_roll_joint': 0.0, 'left_elbow_joint': 0.0, 'right_elbow_joint': 0.0}

--- WBC DEBUG STEP ---
num_envs: 1
navigate_cmd (vel_x, vel_y, yaw): [0.0000000e+00 2.2504828e-06 4.2968751e-03]
base_height_cmd (height): [0.74853516]
torso_orientation_rpy_cmd: [0. 0. 0.]
wbc_obs q (first 5): [-2.97398448e-01  5.82593093e-05  2.33487735e-04  7.25615203e-01
 -4.28216785e-01]
wbc_action q (first 5): [-0.25919777  0.01845743 -0.0051108   0.70361316  0.11334445]
arm joint targets: {'left_shoulder_roll_joint': -0.0416017584502697, 'right_shoulder_roll_joint': 0.0, 'left_elbow_joint': 0.0, 'right_elbow_joint': 0.0}

--- WBC DEBUG STEP ---
num_envs: 1
navigate_cmd (vel_x, vel_y, yaw): [0.         0.00097724 0.00234375]
base_height_cmd (height): [0.74794924]
torso_orientation_rpy_cmd: [0. 0. 0.]
wbc_obs q (first 5): [-2.97398210e-01  5.82657231e-05  2.33932704e-04  7.25614667e-01
 -4.28216815e-01]
wbc_action q (first 5): [-0.2597023   0.01849248 -0.0048879   0.70440614  0.11229058]
arm joint targets: {'left_shoulder_roll_joint': -0.0416017584502697, 'right_shoulder_roll_joint': 0.0, 'left_elbow_joint': 0.0, 'right_elbow_joint': 0.0}

--- WBC DEBUG STEP ---
num_envs: 1
navigate_cmd (vel_x, vel_y, yaw): [ 0.         -0.00013703  0.00429688]
base_height_cmd (height): [0.7476562]
torso_orientation_rpy_cmd: [0. 0. 0.]
wbc_obs q (first 5): [-2.97398388e-01  5.86902679e-05  2.34174280e-04  7.25614786e-01
 -4.28216904e-01]
wbc_action q (first 5): [-0.26018023  0.01861336 -0.00503887  0.70470363  0.11155106]
arm joint targets: {'left_shoulder_roll_joint': -0.04268893226981163, 'right_shoulder_roll_joint': 0.0, 'left_elbow_joint': 0.0, 'right_elbow_joint': 0.0}

--- WBC DEBUG STEP ---
num_envs: 1
navigate_cmd (vel_x, vel_y, yaw): [0.         0.00014153 0.00527344]
base_height_cmd (height): [0.74736327]
torso_orientation_rpy_cmd: [0. 0. 0.]
wbc_obs q (first 5): [-2.97398061e-01  5.89673691e-05  2.34446619e-04  7.25614250e-01
 -4.28216636e-01]
wbc_action q (first 5): [-0.26068881  0.01842233 -0.00511921  0.7049197   0.1108395 ]
arm joint targets: {'left_shoulder_roll_joint': -0.04486328735947609, 'right_shoulder_roll_joint': 0.0, 'left_elbow_joint': 0.0, 'right_elbow_joint': 0.0}

--- WBC DEBUG STEP ---
num_envs: 1
navigate_cmd (vel_x, vel_y, yaw): [0.         0.00146473 0.00625   ]
base_height_cmd (height): [0.74912107]
torso_orientation_rpy_cmd: [0. 0. 0.]
wbc_obs q (first 5): [-2.97398508e-01  5.80927917e-05  2.33133207e-04  7.25615561e-01
 -4.28216577e-01]
wbc_action q (first 5): [-0.2603617   0.01838578 -0.00489139  0.70345211  0.11121134]
arm joint targets: {'left_shoulder_roll_joint': -0.04703764244914055, 'right_shoulder_roll_joint': 0.0, 'left_elbow_joint': 0.0, 'right_elbow_joint': 0.0}

--- WBC DEBUG STEP ---
num_envs: 1
navigate_cmd (vel_x, vel_y, yaw): [0.         0.00055939 0.00429688]
base_height_cmd (height): [0.7488281]
torso_orientation_rpy_cmd: [0. 0. 0.]
wbc_obs q (first 5): [-2.97398299e-01  5.79974694e-05  2.32829072e-04  7.25615144e-01
 -4.28216785e-01]
wbc_action q (first 5): [-0.25991195  0.01867425 -0.00471374  0.70348638  0.11088948]
arm joint targets: {'left_shoulder_roll_joint': -0.05138635262846947, 'right_shoulder_roll_joint': 0.0, 'left_elbow_joint': 0.0, 'right_elbow_joint': 0.0}

--- WBC DEBUG STEP ---
num_envs: 1
navigate_cmd (vel_x, vel_y, yaw): [0.         0.00055939 0.00625   ]
base_height_cmd (height): [0.7488281]
torso_orientation_rpy_cmd: [0. 0. 0.]
wbc_obs q (first 5): [-2.97398448e-01  5.87291361e-05  2.34281062e-04  7.25614667e-01
 -4.28216308e-01]
wbc_action q (first 5): [-0.26009011  0.01860613 -0.00487507  0.7033453   0.11054684]
arm joint targets: {'left_shoulder_roll_joint': -0.04921199753880501, 'right_shoulder_roll_joint': 0.0, 'left_elbow_joint': 0.0, 'right_elbow_joint': 0.0}

--- WBC DEBUG STEP ---
num_envs: 1
navigate_cmd (vel_x, vel_y, yaw): [0.         0.0004201  0.00429688]
base_height_cmd (height): [0.7488281]
torso_orientation_rpy_cmd: [0. 0. 0.]
wbc_obs q (first 5): [-2.97398746e-01  5.82093089e-05  2.33277155e-04  7.25615323e-01
 -4.28216904e-01]
wbc_action q (first 5): [-0.260084    0.01868374 -0.00480694  0.70319808  0.11042087]
arm joint targets: {'left_shoulder_roll_joint': -0.05573505908250809, 'right_shoulder_roll_joint': 0.0, 'left_elbow_joint': 0.0, 'right_elbow_joint': 0.0}

--- WBC DEBUG STEP ---
num_envs: 1
navigate_cmd (vel_x, vel_y, yaw): [0.         0.0004201  0.00917969]
base_height_cmd (height): [0.74970704]
torso_orientation_rpy_cmd: [0. 0. 0.]
wbc_obs q (first 5): [-2.97398597e-01  5.85042944e-05  2.33812636e-04  7.25615680e-01
 -4.28217113e-01]
wbc_action q (first 5): [-0.25985748  0.01859958 -0.0049217   0.70227003  0.11060511]
arm joint targets: {'left_shoulder_roll_joint': -0.053560707718133926, 'right_shoulder_roll_joint': 0.0, 'left_elbow_joint': 0.0, 'right_elbow_joint': 0.0}

--- WBC DEBUG STEP ---
num_envs: 1
navigate_cmd (vel_x, vel_y, yaw): [0.         0.00014153 0.00039063]
base_height_cmd (height): [0.74970704]
torso_orientation_rpy_cmd: [0. 0. 0.]
wbc_obs q (first 5): [-2.97399104e-01  5.84788941e-05  2.33702158e-04  7.25616455e-01
 -4.28217292e-01]
wbc_action q (first 5): [-0.25946257  0.01884742 -0.0046556   0.70199978  0.11078174]
arm joint targets: {'left_shoulder_roll_joint': -0.062258124351501465, 'right_shoulder_roll_joint': 0.0, 'left_elbow_joint': 0.0, 'right_elbow_joint': 0.0}

--- WBC DEBUG STEP ---
num_envs: 1
navigate_cmd (vel_x, vel_y, yaw): [ 0.         -0.00055488  0.00625   ]
base_height_cmd (height): [0.7482422]
torso_orientation_rpy_cmd: [0. 0. 0.]
wbc_obs q (first 5): [-2.97398120e-01  5.84656191e-05  2.33523606e-04  7.25614429e-01
 -4.28216070e-01]
wbc_action q (first 5): [-0.25993845  0.01868958 -0.00481019  0.70335412  0.10956387]
arm joint targets: {'left_shoulder_roll_joint': -0.062258124351501465, 'right_shoulder_roll_joint': 0.0, 'left_elbow_joint': 0.0, 'right_elbow_joint': 0.0}

--- WBC DEBUG STEP ---
num_envs: 1
navigate_cmd (vel_x, vel_y, yaw): [ 0.         -0.00027632  0.00527344]
base_height_cmd (height): [0.7482422]
torso_orientation_rpy_cmd: [0. 0. 0.]
wbc_obs q (first 5): [-2.97399133e-01  5.87229224e-05  2.33839848e-04  7.25616395e-01
 -4.28217411e-01]
wbc_action q (first 5): [-0.26040208  0.01867213 -0.00477212  0.70353949  0.10891087]
arm joint targets: {'left_shoulder_roll_joint': -0.0709555447101593, 'right_shoulder_roll_joint': 0.0, 'left_elbow_joint': 0.0, 'right_elbow_joint': 0.0}

--- WBC DEBUG STEP ---
num_envs: 1
navigate_cmd (vel_x, vel_y, yaw): [0.         0.00153437 0.00820313]
base_height_cmd (height): [0.74853516]
torso_orientation_rpy_cmd: [0. 0. 0.]
wbc_obs q (first 5): [-2.97398657e-01  5.81713175e-05  2.33392493e-04  7.25615621e-01
 -4.28217262e-01]
wbc_action q (first 5): [-0.26070553  0.01830372 -0.00478062  0.7033838   0.10847022]
arm joint targets: {'left_shoulder_roll_joint': -0.07312989979982376, 'right_shoulder_roll_joint': 0.0, 'left_elbow_joint': 0.0, 'right_elbow_joint': 0.0}

--- WBC DEBUG STEP ---
num_envs: 1
navigate_cmd (vel_x, vel_y, yaw): [0.         0.00097724 0.00234375]
base_height_cmd (height): [0.7482422]
torso_orientation_rpy_cmd: [0. 0. 0.]
wbc_obs q (first 5): [-2.97398120e-01  5.84772388e-05  2.33851300e-04  7.25614548e-01
 -4.28216398e-01]
wbc_action q (first 5): [-0.26072052  0.01865874 -0.00447822  0.7036522   0.10776772]
arm joint targets: {'left_shoulder_roll_joint': -0.0633452981710434, 'right_shoulder_roll_joint': 0.0, 'left_elbow_joint': 0.0, 'right_elbow_joint': 0.0}

--- WBC DEBUG STEP ---
num_envs: 1
navigate_cmd (vel_x, vel_y, yaw): [0.         0.00069867 0.00722656]
base_height_cmd (height): [0.7482422]
torso_orientation_rpy_cmd: [0. 0. 0.]
wbc_obs q (first 5): [-2.97398388e-01  5.83036126e-05  2.33794664e-04  7.25615442e-01
 -4.28217322e-01]
wbc_action q (first 5): [-0.26087818  0.01847967 -0.00462143  0.70363224  0.10799296]
arm joint targets: {'left_shoulder_roll_joint': -0.06986836344003677, 'right_shoulder_roll_joint': 0.0, 'left_elbow_joint': 0.0, 'right_elbow_joint': 0.0}

--- WBC DEBUG STEP ---
num_envs: 1
navigate_cmd (vel_x, vel_y, yaw): [0.         0.00097724 0.00429688]
base_height_cmd (height): [0.74736327]
torso_orientation_rpy_cmd: [0. 0. 0.]
wbc_obs q (first 5): [-2.97398657e-01  5.85997514e-05  2.33881903e-04  7.25615501e-01
 -4.28217024e-01]
wbc_action q (first 5): [-0.26112628  0.01836537 -0.00456794  0.70456648  0.10739718]
arm joint targets: {'left_shoulder_roll_joint': -0.07639142870903015, 'right_shoulder_roll_joint': 0.0, 'left_elbow_joint': 0.0, 'right_elbow_joint': 0.0}

--- WBC DEBUG STEP ---
num_envs: 1
navigate_cmd (vel_x, vel_y, yaw): [0.         0.00181294 0.01015625]
base_height_cmd (height): [0.7461914]
torso_orientation_rpy_cmd: [0. 0. 0.]
wbc_obs q (first 5): [-2.97398329e-01  5.88252151e-05  2.33733663e-04  7.25614846e-01
 -4.28216755e-01]
wbc_action q (first 5): [-0.26211452  0.01802232 -0.00464661  0.70601445  0.10613747]
arm joint targets: {'left_shoulder_roll_joint': -0.07747860252857208, 'right_shoulder_roll_joint': 0.0, 'left_elbow_joint': 0.0, 'right_elbow_joint': 0.0}

--- WBC DEBUG STEP ---
num_envs: 1
navigate_cmd (vel_x, vel_y, yaw): [ 0.         -0.00055488  0.00722656]
base_height_cmd (height): [0.74677736]
torso_orientation_rpy_cmd: [0. 0. 0.]
wbc_obs q (first 5): [-2.97399074e-01  5.94088451e-05  2.34875726e-04  7.25616336e-01
 -4.28218096e-01]
wbc_action q (first 5): [-0.26245472  0.01867679 -0.00461593  0.70556641  0.10574971]
arm joint targets: {'left_shoulder_roll_joint': -0.08400166779756546, 'right_shoulder_roll_joint': 0.0, 'left_elbow_joint': 0.0, 'right_elbow_joint': 0.0}

--- WBC DEBUG STEP ---
num_envs: 1
navigate_cmd (vel_x, vel_y, yaw): [0.         0.0012558  0.00722656]
base_height_cmd (height): [0.7488281]
torso_orientation_rpy_cmd: [0. 0. 0.]
wbc_obs q (first 5): [-2.97399044e-01  5.83383444e-05  2.33602652e-04  7.25616515e-01
 -4.28217649e-01]
wbc_action q (first 5): [-0.26173937  0.01859554 -0.00457081  0.70359218  0.10686161]
arm joint targets: {'left_shoulder_roll_joint': -0.07747860252857208, 'right_shoulder_roll_joint': 0.0, 'left_elbow_joint': 0.0, 'right_elbow_joint': 0.0}

--- WBC DEBUG STEP ---
num_envs: 1
navigate_cmd (vel_x, vel_y, yaw): [0.         0.00021118 0.00625   ]
base_height_cmd (height): [0.7464844]
torso_orientation_rpy_cmd: [0. 0. 0.]
wbc_obs q (first 5): [-2.97398359e-01  5.83064502e-05  2.33437531e-04  7.25614727e-01
 -4.28217232e-01]
wbc_action q (first 5): [-0.2618224   0.01847734 -0.00470216  0.70528138  0.10625605]
arm joint targets: {'left_shoulder_roll_joint': -0.07421707361936569, 'right_shoulder_roll_joint': 0.0, 'left_elbow_joint': 0.0, 'right_elbow_joint': 0.0}

--- WBC DEBUG STEP ---
num_envs: 1
navigate_cmd (vel_x, vel_y, yaw): [0.         0.00209151 0.00429688]
base_height_cmd (height): [0.7476562]
torso_orientation_rpy_cmd: [0. 0. 0.]
wbc_obs q (first 5): [-2.97398716e-01  5.86118440e-05  2.33602099e-04  7.25615859e-01
 -4.28216845e-01]
wbc_action q (first 5): [-0.26172683  0.01838977 -0.00432878  0.70488632  0.10705458]
arm joint targets: {'left_shoulder_roll_joint': -0.07530424743890762, 'right_shoulder_roll_joint': 0.0, 'left_elbow_joint': 0.0, 'right_elbow_joint': 0.0}

--- WBC DEBUG STEP ---
num_envs: 1
navigate_cmd (vel_x, vel_y, yaw): [0.         0.00090759 0.00527344]
base_height_cmd (height): [0.7461914]
torso_orientation_rpy_cmd: [0. 0. 0.]
wbc_obs q (first 5): [-2.97398478e-01  5.85410962e-05  2.33457642e-04  7.25615025e-01
 -4.28216666e-01]
wbc_action q (first 5): [-0.26219282  0.01845018 -0.00435968  0.70614469  0.10649209]
arm joint targets: {'left_shoulder_roll_joint': -0.0709555447101593, 'right_shoulder_roll_joint': 0.0, 'left_elbow_joint': 0.0, 'right_elbow_joint': 0.0}

--- WBC DEBUG STEP ---
num_envs: 1
navigate_cmd (vel_x, vel_y, yaw): [ 0.         -0.00055488  0.00625   ]
base_height_cmd (height): [0.7476562]
torso_orientation_rpy_cmd: [0. 0. 0.]
wbc_obs q (first 5): [-2.97399163e-01  5.87534560e-05  2.34023129e-04  7.25616693e-01
 -4.28217977e-01]
wbc_action q (first 5): [-0.26210815  0.01883687 -0.00438927  0.70483506  0.10728981]
arm joint targets: {'left_shoulder_roll_joint': -0.07421707361936569, 'right_shoulder_roll_joint': 0.0, 'left_elbow_joint': 0.0, 'right_elbow_joint': 0.0}

--- WBC DEBUG STEP ---
num_envs: 1
navigate_cmd (vel_x, vel_y, yaw): [ 0.         -0.00020668  0.00429688]
base_height_cmd (height): [0.74677736]
torso_orientation_rpy_cmd: [0. 0. 0.]
wbc_obs q (first 5): [-2.97398418e-01  5.92051802e-05  2.34585692e-04  7.25614905e-01
 -4.28216904e-01]
wbc_action q (first 5): [-0.26196578  0.01895496 -0.00421972  0.70553958  0.10709892]
arm joint targets: {'left_shoulder_roll_joint': -0.07312989979982376, 'right_shoulder_roll_joint': 0.0, 'left_elbow_joint': 0.0, 'right_elbow_joint': 0.0}

--- WBC DEBUG STEP ---
num_envs: 1
navigate_cmd (vel_x, vel_y, yaw): [0.         0.00181294 0.00625   ]
base_height_cmd (height): [0.74560547]
torso_orientation_rpy_cmd: [0. 0. 0.]
wbc_obs q (first 5): [-2.97398865e-01  5.93020304e-05  2.34983090e-04  7.25615978e-01
 -4.28217441e-01]
wbc_action q (first 5): [-0.26249659  0.01851019 -0.00419162  0.7069633   0.10615648]
arm joint targets: {'left_shoulder_roll_joint': -0.0709555447101593, 'right_shoulder_roll_joint': 0.0, 'left_elbow_joint': 0.0, 'right_elbow_joint': 0.0}

--- WBC DEBUG STEP ---
num_envs: 1
navigate_cmd (vel_x, vel_y, yaw): [0.         0.00014153 0.00527344]
base_height_cmd (height): [0.74560547]
torso_orientation_rpy_cmd: [0. 0. 0.]
wbc_obs q (first 5): [-2.97399610e-01  5.90194577e-05  2.34529507e-04  7.25617230e-01
 -4.28218633e-01]
wbc_action q (first 5): [-0.26311907  0.01884877 -0.00426028  0.70710409  0.10561822]
arm joint targets: {'left_shoulder_roll_joint': -0.0633452981710434, 'right_shoulder_roll_joint': 0.0, 'left_elbow_joint': 0.0, 'right_elbow_joint': 0.0}

--- WBC DEBUG STEP ---
num_envs: 1
navigate_cmd (vel_x, vel_y, yaw): [0.         0.00014153 0.00429688]
base_height_cmd (height): [0.7444336]
torso_orientation_rpy_cmd: [0. 0. 0.]
wbc_obs q (first 5): [-2.97398686e-01  5.92539727e-05  2.35138388e-04  7.25615919e-01
 -4.28217262e-01]
wbc_action q (first 5): [-0.2637029   0.01884967 -0.00417759  0.70810843  0.10475127]
arm joint targets: {'left_shoulder_roll_joint': -0.08400166779756546, 'right_shoulder_roll_joint': 0.0, 'left_elbow_joint': 0.0, 'right_elbow_joint': 0.0}

--- WBC DEBUG STEP ---
num_envs: 1
navigate_cmd (vel_x, vel_y, yaw): [0.         0.00153437 0.00136719]
base_height_cmd (height): [0.7458984]
torso_orientation_rpy_cmd: [0. 0. 0.]
wbc_obs q (first 5): [-2.97398537e-01  5.90632735e-05  2.35020343e-04  7.25615978e-01
 -4.28217769e-01]
wbc_action q (first 5): [-0.26364908  0.01894648 -0.0039561   0.70715809  0.10410912]
arm joint targets: {'left_shoulder_roll_joint': -0.07530424743890762, 'right_shoulder_roll_joint': 0.0, 'left_elbow_joint': 0.0, 'right_elbow_joint': 0.0}

--- WBC DEBUG STEP ---
num_envs: 1
navigate_cmd (vel_x, vel_y, yaw): [ 0.0000000e+00 -6.7391346e-05  3.9062501e-04]
base_height_cmd (height): [0.7441406]
torso_orientation_rpy_cmd: [0. 0. 0.]
wbc_obs q (first 5): [-2.97398716e-01  6.02701730e-05  2.37519285e-04  7.25615919e-01
 -4.28217292e-01]
wbc_action q (first 5): [-0.2640152   0.01930506 -0.00381148  0.70865524  0.10267396]
arm joint targets: {'left_shoulder_roll_joint': -0.07856578379869461, 'right_shoulder_roll_joint': 0.0, 'left_elbow_joint': 0.0, 'right_elbow_joint': 0.0}

--- WBC DEBUG STEP ---
num_envs: 1
navigate_cmd (vel_x, vel_y, yaw): [0.         0.00181294 0.00429688]
base_height_cmd (height): [0.7441406]
torso_orientation_rpy_cmd: [0. 0. 0.]
wbc_obs q (first 5): [-2.97399431e-01  6.01184038e-05  2.36117907e-04  7.25617290e-01
 -4.28218305e-01]
wbc_action q (first 5): [-0.26476765  0.01898342 -0.0039167   0.7089262   0.10170464]
arm joint targets: {'left_shoulder_roll_joint': -0.08400166779756546, 'right_shoulder_roll_joint': 0.0, 'left_elbow_joint': 0.0, 'right_elbow_joint': 0.0}

--- WBC DEBUG STEP ---
num_envs: 1
navigate_cmd (vel_x, vel_y, yaw): [0.         0.00139509 0.00332031]
base_height_cmd (height): [0.74912107]
torso_orientation_rpy_cmd: [0. 0. 0.]
wbc_obs q (first 5): [-2.97398686e-01  6.01956599e-05  2.37291082e-04  7.25615501e-01
 -4.28217232e-01]
wbc_action q (first 5): [-0.26337412  0.01951247 -0.00383755  0.70421195  0.10381283]
arm joint targets: {'left_shoulder_roll_joint': -0.03399151563644409, 'right_shoulder_roll_joint': 0.0, 'left_elbow_joint': 0.0, 'right_elbow_joint': 0.0}

--- WBC DEBUG STEP ---
num_envs: 1
navigate_cmd (vel_x, vel_y, yaw): [0.         0.00209151 0.00429688]
base_height_cmd (height): [0.75]
torso_orientation_rpy_cmd: [0. 0. 0.]
wbc_obs q (first 5): [-2.97398895e-01  5.98600163e-05  2.36902022e-04  7.25616038e-01
 -4.28217530e-01]
wbc_action q (first 5): [-0.26076502  0.01999265 -0.00297225  0.70335686  0.10799809]
arm joint targets: {'left_shoulder_roll_joint': -0.03181716054677963, 'right_shoulder_roll_joint': 0.0, 'left_elbow_joint': 0.0, 'right_elbow_joint': 0.0}

--- WBC DEBUG STEP ---
num_envs: 1
navigate_cmd (vel_x, vel_y, yaw): [0.00234375 0.00153437 0.01015625]
base_height_cmd (height): [0.74912107]
torso_orientation_rpy_cmd: [0. 0. 0.]
wbc_obs q (first 5): [-2.97398627e-01  5.94283556e-05  2.36620137e-04  7.25615084e-01
 -4.28216875e-01]
wbc_action q (first 5): [-0.25977516  0.01935325 -0.00359976  0.70412159  0.10998131]
arm joint targets: {'left_shoulder_roll_joint': -0.03725304827094078, 'right_shoulder_roll_joint': 0.0, 'left_elbow_joint': 0.0, 'right_elbow_joint': 0.0}

--- WBC DEBUG STEP ---
num_envs: 1
navigate_cmd (vel_x, vel_y, yaw): [0.         0.00320577 0.00429688]
base_height_cmd (height): [0.7494141]
torso_orientation_rpy_cmd: [0. 0. 0.]
wbc_obs q (first 5): [-2.97398418e-01  5.95851197e-05  2.36818873e-04  7.25614369e-01
 -4.28216189e-01]
wbc_action q (first 5): [-0.25968507  0.01913298 -0.00359137  0.70419121  0.11176471]
arm joint targets: {'left_shoulder_roll_joint': -0.016596680507063866, 'right_shoulder_roll_joint': 0.0, 'left_elbow_joint': 0.0, 'right_elbow_joint': 0.0}

--- WBC DEBUG STEP ---
num_envs: 1
navigate_cmd (vel_x, vel_y, yaw): [0.00078125 0.00097724 0.00722656]
base_height_cmd (height): [0.75]
torso_orientation_rpy_cmd: [0. 0. 0.]
wbc_obs q (first 5): [-2.97398865e-01  5.96969294e-05  2.36819047e-04  7.25616217e-01
 -4.28217620e-01]
wbc_action q (first 5): [-0.2588574   0.01955884 -0.00376372  0.70328701  0.11335726]
arm joint targets: {'left_shoulder_roll_joint': -0.015509502962231636, 'right_shoulder_roll_joint': 0.0, 'left_elbow_joint': 0.0, 'right_elbow_joint': 0.0}

--- WBC DEBUG STEP ---
num_envs: 1
navigate_cmd (vel_x, vel_y, yaw): [0.         0.00167365 0.00722656]
base_height_cmd (height): [0.7494141]
torso_orientation_rpy_cmd: [0. 0. 0.]
wbc_obs q (first 5): [-2.97398865e-01  6.02513210e-05  2.37675500e-04  7.25615263e-01
 -4.28216875e-01]
wbc_action q (first 5): [-0.25865164  0.01909017 -0.00407582  0.70356733  0.11476324]
arm joint targets: {'left_shoulder_roll_joint': -0.027468452230095863, 'right_shoulder_roll_joint': 0.0, 'left_elbow_joint': 0.0, 'right_elbow_joint': 0.0}

--- WBC DEBUG STEP ---
num_envs: 1
navigate_cmd (vel_x, vel_y, yaw): [0.         0.00111652 0.00820313]
base_height_cmd (height): [0.7488281]
torso_orientation_rpy_cmd: [0. 0. 0.]
wbc_obs q (first 5): [-2.97398567e-01  5.98165898e-05  2.36887063e-04  7.25615025e-01
 -4.28216934e-01]
wbc_action q (first 5): [-0.25894389  0.01895119 -0.00450649  0.7040602   0.1148438 ]
arm joint targets: {'left_shoulder_roll_joint': -0.03834022581577301, 'right_shoulder_roll_joint': 0.0, 'left_elbow_joint': 0.0, 'right_elbow_joint': 0.0}

--- WBC DEBUG STEP ---
num_envs: 1
navigate_cmd (vel_x, vel_y, yaw): [0.         0.00097724 0.00820313]
base_height_cmd (height): [0.75]
torso_orientation_rpy_cmd: [0. 0. 0.]
wbc_obs q (first 5): [-2.97398865e-01  6.00130297e-05  2.37099768e-04  7.25615740e-01
 -4.28216726e-01]
wbc_action q (first 5): [-0.25848031  0.01900158 -0.00469639  0.70291352  0.11501147]
arm joint targets: {'left_shoulder_roll_joint': -0.018771035596728325, 'right_shoulder_roll_joint': 0.0, 'left_elbow_joint': 0.0, 'right_elbow_joint': 0.0}

--- WBC DEBUG STEP ---
num_envs: 1
navigate_cmd (vel_x, vel_y, yaw): [0.         0.00153437 0.00625   ]
base_height_cmd (height): [0.75]
torso_orientation_rpy_cmd: [0. 0. 0.]
wbc_obs q (first 5): [-2.97398537e-01  5.96224600e-05  2.36590931e-04  7.25615382e-01
 -4.28217381e-01]
wbc_action q (first 5): [-0.25810224  0.01873398 -0.00484872  0.70235276  0.11593439]
arm joint targets: {'left_shoulder_roll_joint': -0.023119743913412094, 'right_shoulder_roll_joint': 0.0, 'left_elbow_joint': 0.0, 'right_elbow_joint': 0.0}

--- WBC DEBUG STEP ---
num_envs: 1
navigate_cmd (vel_x, vel_y, yaw): [0.         0.00069867 0.00625   ]
base_height_cmd (height): [0.74970704]
torso_orientation_rpy_cmd: [0. 0. 0.]
wbc_obs q (first 5): [-2.97398865e-01  5.97340695e-05  2.36915192e-04  7.25615680e-01
 -4.28216964e-01]
wbc_action q (first 5): [-0.25810802  0.01871944 -0.0049005   0.70245695  0.11609475]
arm joint targets: {'left_shoulder_roll_joint': -0.025294099003076553, 'right_shoulder_roll_joint': 0.0, 'left_elbow_joint': 0.0, 'right_elbow_joint': 0.0}

--- WBC DEBUG STEP ---
num_envs: 1
navigate_cmd (vel_x, vel_y, yaw): [0.         0.0012558  0.00527344]
base_height_cmd (height): [0.7494141]
torso_orientation_rpy_cmd: [0. 0. 0.]
wbc_obs q (first 5): [-2.97398865e-01  5.94256126e-05  2.36604596e-04  7.25615919e-01
 -4.28217053e-01]
wbc_action q (first 5): [-0.2582677   0.01857507 -0.0047073   0.70284671  0.1155055 ]
arm joint targets: {'left_shoulder_roll_joint': -0.017683858051896095, 'right_shoulder_roll_joint': 0.0, 'left_elbow_joint': 0.0, 'right_elbow_joint': 0.0}

--- WBC DEBUG STEP ---
num_envs: 1
navigate_cmd (vel_x, vel_y, yaw): [0.         0.00097724 0.00527344]
base_height_cmd (height): [0.75]
torso_orientation_rpy_cmd: [0. 0. 0.]
wbc_obs q (first 5): [-2.97398210e-01  5.93955410e-05  2.36401611e-04  7.25614369e-01
 -4.28216219e-01]
wbc_action q (first 5): [-0.25805265  0.01862636 -0.00467884  0.70231688  0.1155742 ]
arm joint targets: {'left_shoulder_roll_joint': -0.015509502962231636, 'right_shoulder_roll_joint': 0.0, 'left_elbow_joint': 0.0, 'right_elbow_joint': 0.0}

--- WBC DEBUG STEP ---
num_envs: 1
navigate_cmd (vel_x, vel_y, yaw): [0.         0.00167365 0.00527344]
base_height_cmd (height): [0.75]
torso_orientation_rpy_cmd: [0. 0. 0.]
wbc_obs q (first 5): [-2.97398776e-01  5.95087076e-05  2.36588734e-04  7.25615203e-01
 -4.28216845e-01]
wbc_action q (first 5): [-0.25805962  0.01832588 -0.00484692  0.70209777  0.11584695]
arm joint targets: {'left_shoulder_roll_joint': -0.016596680507063866, 'right_shoulder_roll_joint': 0.0, 'left_elbow_joint': 0.0, 'right_elbow_joint': 0.0}

--- WBC DEBUG STEP ---
num_envs: 1
navigate_cmd (vel_x, vel_y, yaw): [ 0.         -0.00069417  0.00234375]
base_height_cmd (height): [0.7494141]
torso_orientation_rpy_cmd: [0. 0. 0.]
wbc_obs q (first 5): [-2.97399253e-01  5.97521830e-05  2.36628213e-04  7.25616217e-01
 -4.28217202e-01]
wbc_action q (first 5): [-0.25813863  0.01876791 -0.00492056  0.70250142  0.11560793]
arm joint targets: {'left_shoulder_roll_joint': -0.017683858051896095, 'right_shoulder_roll_joint': 0.0, 'left_elbow_joint': 0.0, 'right_elbow_joint': 0.0}

--- WBC DEBUG STEP ---
num_envs: 1
navigate_cmd (vel_x, vel_y, yaw): [0.         0.0012558  0.00527344]
base_height_cmd (height): [0.7476562]
torso_orientation_rpy_cmd: [0. 0. 0.]
wbc_obs q (first 5): [-2.97398955e-01  5.96913560e-05  2.36779000e-04  7.25615799e-01
 -4.28217351e-01]
wbc_action q (first 5): [-0.25891608  0.01830109 -0.00488404  0.70447493  0.11438255]
arm joint targets: {'left_shoulder_roll_joint': -0.025294099003076553, 'right_shoulder_roll_joint': 0.0, 'left_elbow_joint': 0.0, 'right_elbow_joint': 0.0}

--- WBC DEBUG STEP ---
num_envs: 1
navigate_cmd (vel_x, vel_y, yaw): [0.0015625  0.0004201  0.00429688]
base_height_cmd (height): [0.7482422]
torso_orientation_rpy_cmd: [0. 0. 0.]
wbc_obs q (first 5): [-2.97398895e-01  5.96103127e-05  2.36516251e-04  7.25615621e-01
 -4.28217113e-01]
wbc_action q (first 5): [-0.25935563  0.01852723 -0.00498463  0.70408165  0.11304475]
arm joint targets: {'left_shoulder_roll_joint': -0.020945388823747635, 'right_shoulder_roll_joint': 0.0, 'left_elbow_joint': 0.0, 'right_elbow_joint': 0.0}

--- WBC DEBUG STEP ---
num_envs: 1
navigate_cmd (vel_x, vel_y, yaw): [0.         0.0012558  0.00722656]
base_height_cmd (height): [0.74912107]
torso_orientation_rpy_cmd: [0. 0. 0.]
wbc_obs q (first 5): [-2.97399670e-01  5.96054088e-05  2.36831009e-04  7.25616932e-01
 -4.28218156e-01]
wbc_action q (first 5): [-0.2596322   0.01850768 -0.00497982  0.70310748  0.11338796]
arm joint targets: {'left_shoulder_roll_joint': -0.019858213141560555, 'right_shoulder_roll_joint': 0.0, 'left_elbow_joint': 0.0, 'right_elbow_joint': 0.0}

--- WBC DEBUG STEP ---
num_envs: 1
navigate_cmd (vel_x, vel_y, yaw): [0.         0.00320577 0.00429688]
base_height_cmd (height): [0.74912107]
torso_orientation_rpy_cmd: [0. 0. 0.]
wbc_obs q (first 5): [-2.97398865e-01  5.98668412e-05  2.37082510e-04  7.25615501e-01
 -4.28216636e-01]
wbc_action q (first 5): [-0.25927389  0.01839801 -0.00464144  0.70308888  0.11298357]
arm joint targets: {'left_shoulder_roll_joint': -0.026381276547908783, 'right_shoulder_roll_joint': 0.0, 'left_elbow_joint': 0.0, 'right_elbow_joint': 0.0}

--- WBC DEBUG STEP ---
num_envs: 1
navigate_cmd (vel_x, vel_y, yaw): [0.         0.00181294 0.00527344]
base_height_cmd (height): [0.7488281]
torso_orientation_rpy_cmd: [0. 0. 0.]
wbc_obs q (first 5): [-2.97399104e-01  5.99752420e-05  2.37340966e-04  7.25616097e-01
 -4.28217292e-01]
wbc_action q (first 5): [-0.25942531  0.01839852 -0.00482355  0.7032333   0.11189421]
arm joint targets: {'left_shoulder_roll_joint': -0.025294099003076553, 'right_shoulder_roll_joint': 0.0, 'left_elbow_joint': 0.0, 'right_elbow_joint': 0.0}

--- WBC DEBUG STEP ---
num_envs: 1
navigate_cmd (vel_x, vel_y, yaw): [0.         0.00167365 0.00429688]
base_height_cmd (height): [0.74970704]
torso_orientation_rpy_cmd: [0. 0. 0.]
wbc_obs q (first 5): [-2.97398895e-01  5.98705046e-05  2.37129178e-04  7.25615680e-01
 -4.28217322e-01]
wbc_action q (first 5): [-0.2590915   0.01841392 -0.00500101  0.70224297  0.11201788]
arm joint targets: {'left_shoulder_roll_joint': -0.018771035596728325, 'right_shoulder_roll_joint': 0.0, 'left_elbow_joint': 0.0, 'right_elbow_joint': 0.0}

--- WBC DEBUG STEP ---
num_envs: 1
navigate_cmd (vel_x, vel_y, yaw): [0.         0.0004201  0.00332031]
base_height_cmd (height): [0.74970704]
torso_orientation_rpy_cmd: [0. 0. 0.]
wbc_obs q (first 5): [-2.97398448e-01  5.93735022e-05  2.36569264e-04  7.25614846e-01
 -4.28216726e-01]
wbc_action q (first 5): [-0.25888097  0.01861478 -0.00497462  0.70199269  0.1126229 ]
arm joint targets: {'left_shoulder_roll_joint': -0.023119743913412094, 'right_shoulder_roll_joint': 0.0, 'left_elbow_joint': 0.0, 'right_elbow_joint': 0.0}

--- WBC DEBUG STEP ---
num_envs: 1
navigate_cmd (vel_x, vel_y, yaw): [0.         0.00160401 0.00722656]
base_height_cmd (height): [0.75]
torso_orientation_rpy_cmd: [0. 0. 0.]
wbc_obs q (first 5): [-2.97398984e-01  5.94487683e-05  2.35952495e-04  7.25615382e-01
 -4.28216726e-01]
wbc_action q (first 5): [-0.25865608  0.01830793 -0.00507345  0.70172262  0.11316039]
arm joint targets: {'left_shoulder_roll_joint': -0.03725304827094078, 'right_shoulder_roll_joint': 0.0, 'left_elbow_joint': 0.0, 'right_elbow_joint': 0.0}

--- WBC DEBUG STEP ---
num_envs: 1
navigate_cmd (vel_x, vel_y, yaw): [ 0.         -0.00027632  0.00429688]
base_height_cmd (height): [0.74970704]
torso_orientation_rpy_cmd: [0. 0. 0.]
wbc_obs q (first 5): [-2.97399431e-01  5.95405108e-05  2.35994827e-04  7.25616276e-01
 -4.28217530e-01]
wbc_action q (first 5): [-0.25862345  0.0186655  -0.00515212  0.70186889  0.11272304]
arm joint targets: {'left_shoulder_roll_joint': -0.03834022581577301, 'right_shoulder_roll_joint': 0.0, 'left_elbow_joint': 0.0, 'right_elbow_joint': 0.0}

--- WBC DEBUG STEP ---
num_envs: 1
navigate_cmd (vel_x, vel_y, yaw): [0.0000000e+00 2.2504828e-06 5.2734376e-03]
base_height_cmd (height): [0.7488281]
torso_orientation_rpy_cmd: [0. 0. 0.]
wbc_obs q (first 5): [-2.97398686e-01  5.93383775e-05  2.36175154e-04  7.25615263e-01
 -4.28216785e-01]
wbc_action q (first 5): [-0.25900415  0.01859188 -0.00517033  0.70271802  0.11198832]
arm joint targets: {'left_shoulder_roll_joint': -0.04268893226981163, 'right_shoulder_roll_joint': 0.0, 'left_elbow_joint': 0.0, 'right_elbow_joint': 0.0}

--- WBC DEBUG STEP ---
num_envs: 1
navigate_cmd (vel_x, vel_y, yaw): [0.         0.00014153 0.00527344]
base_height_cmd (height): [0.7476562]
torso_orientation_rpy_cmd: [0. 0. 0.]
wbc_obs q (first 5): [-2.97399521e-01  5.95433812e-05  2.36296371e-04  7.25616515e-01
 -4.28217918e-01]
wbc_action q (first 5): [-0.25994182  0.01844252 -0.00525415  0.70390922  0.11088412]
arm joint targets: {'left_shoulder_roll_joint': -0.054647885262966156, 'right_shoulder_roll_joint': 0.0, 'left_elbow_joint': 0.0, 'right_elbow_joint': 0.0}

--- WBC DEBUG STEP ---
num_envs: 1
navigate_cmd (vel_x, vel_y, yaw): [ 0.         -0.00013703  0.00917969]
base_height_cmd (height): [0.74912107]
torso_orientation_rpy_cmd: [0. 0. 0.]
wbc_obs q (first 5): [-2.97399014e-01  5.99468513e-05  2.37238070e-04  7.25615978e-01
 -4.28216934e-01]
wbc_action q (first 5): [-0.26009735  0.01855739 -0.00522864  0.70283079  0.11055715]
arm joint targets: {'left_shoulder_roll_joint': -0.0416017584502697, 'right_shoulder_roll_joint': 0.0, 'left_elbow_joint': 0.0, 'right_elbow_joint': 0.0}

--- WBC DEBUG STEP ---
num_envs: 1
navigate_cmd (vel_x, vel_y, yaw): [ 0.         -0.00013703  0.00625   ]
base_height_cmd (height): [0.74970704]
torso_orientation_rpy_cmd: [0. 0. 0.]
wbc_obs q (first 5): [-2.97398627e-01  5.94410667e-05  2.36336040e-04  7.25614905e-01
 -4.28216726e-01]
wbc_action q (first 5): [-0.25976363  0.01853839 -0.00513446  0.70181799  0.11100887]
arm joint targets: {'left_shoulder_roll_joint': -0.04268893226981163, 'right_shoulder_roll_joint': 0.0, 'left_elbow_joint': 0.0, 'right_elbow_joint': 0.0}

--- WBC DEBUG STEP ---
num_envs: 1
navigate_cmd (vel_x, vel_y, yaw): [ 0.         -0.00013703  0.00136719]
base_height_cmd (height): [0.74853516]
torso_orientation_rpy_cmd: [0. 0. 0.]
wbc_obs q (first 5): [-2.97399014e-01  5.95853562e-05  2.36779888e-04  7.25615382e-01
 -4.28216815e-01]
wbc_action q (first 5): [-0.25989008  0.01865958 -0.00475701  0.70290816  0.1103303 ]
arm joint targets: {'left_shoulder_roll_joint': -0.04268893226981163, 'right_shoulder_roll_joint': 0.0, 'left_elbow_joint': 0.0, 'right_elbow_joint': 0.0}

--- WBC DEBUG STEP ---
num_envs: 1
navigate_cmd (vel_x, vel_y, yaw): [0.         0.00055939 0.01015625]
base_height_cmd (height): [0.7488281]
torso_orientation_rpy_cmd: [0. 0. 0.]
wbc_obs q (first 5): [-2.97398627e-01  5.99695122e-05  2.36627442e-04  7.25615621e-01
 -4.28217471e-01]
wbc_action q (first 5): [-0.26016268  0.01833205 -0.00489432  0.70283806  0.10985221]
arm joint targets: {'left_shoulder_roll_joint': -0.057909414172172546, 'right_shoulder_roll_joint': 0.0, 'left_elbow_joint': 0.0, 'right_elbow_joint': 0.0}

--- WBC DEBUG STEP ---
num_envs: 1
navigate_cmd (vel_x, vel_y, yaw): [ 0.         -0.00013703  0.00820313]
base_height_cmd (height): [0.7494141]
torso_orientation_rpy_cmd: [0. 0. 0.]
wbc_obs q (first 5): [-2.97398448e-01  5.99649029e-05  2.37030457e-04  7.25614548e-01
 -4.28216040e-01]
wbc_action q (first 5): [-0.26002371  0.0184471  -0.00504466  0.70207345  0.10926653]
arm joint targets: {'left_shoulder_roll_joint': -0.0524735301733017, 'right_shoulder_roll_joint': 0.0, 'left_elbow_joint': 0.0, 'right_elbow_joint': 0.0}

--- WBC DEBUG STEP ---
num_envs: 1
navigate_cmd (vel_x, vel_y, yaw): [ 0.         -0.00027632  0.00820313]
base_height_cmd (height): [0.74912107]
torso_orientation_rpy_cmd: [0. 0. 0.]
wbc_obs q (first 5): [-2.97398269e-01  5.95081292e-05  2.36623557e-04  7.25614667e-01
 -4.28216368e-01]
wbc_action q (first 5): [-0.25996822  0.01851891 -0.00504119  0.70217091  0.10921006]
arm joint targets: {'left_shoulder_roll_joint': -0.06443247944116592, 'right_shoulder_roll_joint': 0.0, 'left_elbow_joint': 0.0, 'right_elbow_joint': 0.0}

--- WBC DEBUG STEP ---
num_envs: 1
navigate_cmd (vel_x, vel_y, yaw): [ 0.         -0.00076381  0.00625   ]
base_height_cmd (height): [0.74736327]
torso_orientation_rpy_cmd: [0. 0. 0.]
wbc_obs q (first 5): [-2.97398746e-01  5.93949262e-05  2.37000917e-04  7.25614846e-01
 -4.28216934e-01]
wbc_action q (first 5): [-0.26068106  0.0186111  -0.00497068  0.70395827  0.10782139]
arm joint targets: {'left_shoulder_roll_joint': -0.05029917508363724, 'right_shoulder_roll_joint': 0.0, 'left_elbow_joint': 0.0, 'right_elbow_joint': 0.0}

--- WBC DEBUG STEP ---
num_envs: 1
navigate_cmd (vel_x, vel_y, yaw): [ 0.         -0.00013703  0.00820313]
base_height_cmd (height): [0.74970704]
torso_orientation_rpy_cmd: [0. 0. 0.]
wbc_obs q (first 5): [-2.97398925e-01  5.99262385e-05  2.37259155e-04  7.25615621e-01
 -4.28217292e-01]
wbc_action q (first 5): [-0.26050121  0.01876807 -0.00469122  0.70212352  0.10889213]
arm joint targets: {'left_shoulder_roll_joint': -0.053560707718133926, 'right_shoulder_roll_joint': 0.0, 'left_elbow_joint': 0.0, 'right_elbow_joint': 0.0}

--- WBC DEBUG STEP ---
num_envs: 1
navigate_cmd (vel_x, vel_y, yaw): [0.         0.00014153 0.00429688]
base_height_cmd (height): [0.74912107]
torso_orientation_rpy_cmd: [0. 0. 0.]
wbc_obs q (first 5): [-2.97398508e-01  5.94390658e-05  2.36799446e-04  7.25614786e-01
 -4.28216428e-01]
wbc_action q (first 5): [-0.26013798  0.01867793 -0.00466149  0.70223224  0.10903762]
arm joint targets: {'left_shoulder_roll_joint': -0.058996591717004776, 'right_shoulder_roll_joint': 0.0, 'left_elbow_joint': 0.0, 'right_elbow_joint': 0.0}

--- WBC DEBUG STEP ---
num_envs: 1
navigate_cmd (vel_x, vel_y, yaw): [0.0000000e+00 2.2504828e-06 7.2265626e-03]
base_height_cmd (height): [0.75]
torso_orientation_rpy_cmd: [0. 0. 0.]
wbc_obs q (first 5): [-2.97398746e-01  5.96387727e-05  2.37066808e-04  7.25614727e-01
 -4.28216308e-01]
wbc_action q (first 5): [-0.2597346   0.01869403 -0.00465907  0.70154536  0.10959257]
arm joint targets: {'left_shoulder_roll_joint': -0.061170946806669235, 'right_shoulder_roll_joint': 0.0, 'left_elbow_joint': 0.0, 'right_elbow_joint': 0.0}

--- WBC DEBUG STEP ---
num_envs: 1
navigate_cmd (vel_x, vel_y, yaw): [ 0.         -0.00013703  0.00625   ]
base_height_cmd (height): [0.7476562]
torso_orientation_rpy_cmd: [0. 0. 0.]
wbc_obs q (first 5): [-2.97398388e-01  5.93160003e-05  2.36025167e-04  7.25614846e-01
 -4.28216785e-01]
wbc_action q (first 5): [-0.26027086  0.01846029 -0.00476078  0.70356452  0.10834549]
arm joint targets: {'left_shoulder_roll_joint': -0.06551965326070786, 'right_shoulder_roll_joint': 0.0, 'left_elbow_joint': 0.0, 'right_elbow_joint': 0.0}

--- WBC DEBUG STEP ---
num_envs: 1
navigate_cmd (vel_x, vel_y, yaw): [0.         0.0012558  0.00722656]
base_height_cmd (height): [0.74794924]
torso_orientation_rpy_cmd: [0. 0. 0.]
wbc_obs q (first 5): [-2.97399044e-01  5.96211903e-05  2.36777210e-04  7.25616515e-01
 -4.28217828e-01]
wbc_action q (first 5): [-0.26082632  0.01835636 -0.00465543  0.70386815  0.10785176]
arm joint targets: {'left_shoulder_roll_joint': -0.06660683453083038, 'right_shoulder_roll_joint': 0.0, 'left_elbow_joint': 0.0, 'right_elbow_joint': 0.0}

--- WBC DEBUG STEP ---
num_envs: 1
navigate_cmd (vel_x, vel_y, yaw): [ 0.         -0.00034596  0.00234375]
base_height_cmd (height): [0.7482422]
torso_orientation_rpy_cmd: [0. 0. 0.]
wbc_obs q (first 5): [-2.97398269e-01  5.94681806e-05  2.36548527e-04  7.25614429e-01
 -4.28216666e-01]
wbc_action q (first 5): [-0.26089749  0.01893216 -0.00445956  0.70359826  0.10775758]
arm joint targets: {'left_shoulder_roll_joint': -0.07204271852970123, 'right_shoulder_roll_joint': 0.0, 'left_elbow_joint': 0.0, 'right_elbow_joint': 0.0}

--- WBC DEBUG STEP ---
num_envs: 1
navigate_cmd (vel_x, vel_y, yaw): [ 0.         -0.00097274  0.00429688]
base_height_cmd (height): [0.7476562]
torso_orientation_rpy_cmd: [0. 0. 0.]
wbc_obs q (first 5): [-2.97398597e-01  5.97044163e-05  2.37056360e-04  7.25615442e-01
 -4.28216994e-01]
wbc_action q (first 5): [-0.26108068  0.01888244 -0.00461555  0.70407897  0.10732739]
arm joint targets: {'left_shoulder_roll_joint': -0.0633452981710434, 'right_shoulder_roll_joint': 0.0, 'left_elbow_joint': 0.0, 'right_elbow_joint': 0.0}

--- WBC DEBUG STEP ---
num_envs: 1
navigate_cmd (vel_x, vel_y, yaw): [ 0.         -0.00062453  0.00625   ]
base_height_cmd (height): [0.7482422]
torso_orientation_rpy_cmd: [0. 0. 0.]
wbc_obs q (first 5): [-2.97398925e-01  5.99407249e-05  2.37429500e-04  7.25615740e-01
 -4.28217083e-01]
wbc_action q (first 5): [-0.26111323  0.01875606 -0.00468391  0.70356119  0.10798196]
arm joint targets: {'left_shoulder_roll_joint': -0.06769400835037231, 'right_shoulder_roll_joint': 0.0, 'left_elbow_joint': 0.0, 'right_elbow_joint': 0.0}

--- WBC DEBUG STEP ---
num_envs: 1
navigate_cmd (vel_x, vel_y, yaw): [0.         0.0004201  0.00234375]
base_height_cmd (height): [0.7458984]
torso_orientation_rpy_cmd: [0. 0. 0.]
wbc_obs q (first 5): [-2.97397882e-01  5.97169455e-05  2.36578126e-04  7.25614011e-01
 -4.28216338e-01]
wbc_action q (first 5): [-0.26173303  0.01859925 -0.00440531  0.7059359   0.10668994]
arm joint targets: {'left_shoulder_roll_joint': -0.07312989979982376, 'right_shoulder_roll_joint': 0.0, 'left_elbow_joint': 0.0, 'right_elbow_joint': 0.0}

--- WBC DEBUG STEP ---
num_envs: 1
navigate_cmd (vel_x, vel_y, yaw): [ 0.         -0.0012513   0.00429688]
base_height_cmd (height): [0.7476562]
torso_orientation_rpy_cmd: [0. 0. 0.]
wbc_obs q (first 5): [-2.97399104e-01  5.98127845e-05  2.37491200e-04  7.25616515e-01
 -4.28217828e-01]
wbc_action q (first 5): [-0.26197439  0.01899248 -0.00453591  0.70457119  0.10668711]
arm joint targets: {'left_shoulder_roll_joint': -0.057909414172172546, 'right_shoulder_roll_joint': 0.0, 'left_elbow_joint': 0.0, 'right_elbow_joint': 0.0}

--- WBC DEBUG STEP ---
num_envs: 1
navigate_cmd (vel_x, vel_y, yaw): [ 0.         -0.00062453  0.00332031]
base_height_cmd (height): [0.7476562]
torso_orientation_rpy_cmd: [0. 0. 0.]
wbc_obs q (first 5): [-2.97398597e-01  5.97654653e-05  2.36574982e-04  7.25614905e-01
 -4.28216696e-01]
wbc_action q (first 5): [-0.2616812   0.01903291 -0.00423862  0.70434225  0.10719378]
arm joint targets: {'left_shoulder_roll_joint': -0.06551965326070786, 'right_shoulder_roll_joint': 0.0, 'left_elbow_joint': 0.0, 'right_elbow_joint': 0.0}

--- WBC DEBUG STEP ---
num_envs: 1
navigate_cmd (vel_x, vel_y, yaw): [ 0.         -0.00013703  0.00136719]
base_height_cmd (height): [0.74794924]
torso_orientation_rpy_cmd: [0. 0. 0.]
wbc_obs q (first 5): [-2.97398627e-01  5.99734049e-05  2.37213331e-04  7.25614965e-01
 -4.28216815e-01]
wbc_action q (first 5): [-0.26142424  0.01908999 -0.00412928  0.70416623  0.10737152]
arm joint targets: {'left_shoulder_roll_joint': -0.06443247944116592, 'right_shoulder_roll_joint': 0.0, 'left_elbow_joint': 0.0, 'right_elbow_joint': 0.0}

--- WBC DEBUG STEP ---
num_envs: 1
navigate_cmd (vel_x, vel_y, yaw): [0.         0.0012558  0.00527344]
base_height_cmd (height): [0.7470703]
torso_orientation_rpy_cmd: [0. 0. 0.]
wbc_obs q (first 5): [-2.97398746e-01  5.98767911e-05  2.37033368e-04  7.25615263e-01
 -4.28216994e-01]
wbc_action q (first 5): [-0.26168287  0.01876191 -0.00413528  0.70507085  0.10681464]
arm joint targets: {'left_shoulder_roll_joint': -0.060083769261837006, 'right_shoulder_roll_joint': 0.0, 'left_elbow_joint': 0.0, 'right_elbow_joint': 0.0}

--- WBC DEBUG STEP ---
num_envs: 1
navigate_cmd (vel_x, vel_y, yaw): [0.         0.00014153 0.00527344]
base_height_cmd (height): [0.7464844]
torso_orientation_rpy_cmd: [0. 0. 0.]
wbc_obs q (first 5): [-2.97398925e-01  5.97966246e-05  2.36858890e-04  7.25615323e-01
 -4.28216815e-01]
wbc_action q (first 5): [-0.26204798  0.01888959 -0.00425066  0.70564044  0.1061299 ]
arm joint targets: {'left_shoulder_roll_joint': -0.061170946806669235, 'right_shoulder_roll_joint': 0.0, 'left_elbow_joint': 0.0, 'right_elbow_joint': 0.0}

--- WBC DEBUG STEP ---
num_envs: 1
navigate_cmd (vel_x, vel_y, yaw): [ 0.         -0.00139059  0.00234375]
base_height_cmd (height): [0.7458984]
torso_orientation_rpy_cmd: [0. 0. 0.]
wbc_obs q (first 5): [-2.97399014e-01  5.99075356e-05  2.37167478e-04  7.25616336e-01
 -4.28218305e-01]
wbc_action q (first 5): [-0.26254061  0.01927499 -0.00417904  0.70630562  0.10557304]
arm joint targets: {'left_shoulder_roll_joint': -0.053560707718133926, 'right_shoulder_roll_joint': 0.0, 'left_elbow_joint': 0.0, 'right_elbow_joint': 0.0}

--- WBC DEBUG STEP ---
num_envs: 1
navigate_cmd (vel_x, vel_y, yaw): [0.         0.00153437 0.00234375]
base_height_cmd (height): [0.7458984]
torso_orientation_rpy_cmd: [0. 0. 0.]
wbc_obs q (first 5): [-2.97399461e-01  6.02895016e-05  2.37904940e-04  7.25617409e-01
 -4.28218007e-01]
wbc_action q (first 5): [-0.26294473  0.01888564 -0.00396289  0.70653784  0.10533695]
arm joint targets: {'left_shoulder_roll_joint': -0.0633452981710434, 'right_shoulder_roll_joint': 0.0, 'left_elbow_joint': 0.0, 'right_elbow_joint': 0.0}

--- WBC DEBUG STEP ---
num_envs: 1
navigate_cmd (vel_x, vel_y, yaw): [ 0.         -0.00069417  0.00039063]
base_height_cmd (height): [0.7453125]
torso_orientation_rpy_cmd: [0. 0. 0.]
wbc_obs q (first 5): [-2.97399193e-01  6.05251153e-05  2.37978806e-04  7.25615859e-01
 -4.28217739e-01]
wbc_action q (first 5): [-0.26329935  0.01923608 -0.00406627  0.70691842  0.10408495]
arm joint targets: {'left_shoulder_roll_joint': -0.0709555447101593, 'right_shoulder_roll_joint': 0.0, 'left_elbow_joint': 0.0, 'right_elbow_joint': 0.0}

--- WBC DEBUG STEP ---
num_envs: 1
navigate_cmd (vel_x, vel_y, yaw): [0.         0.00028082 0.00039063]
base_height_cmd (height): [0.74472654]
torso_orientation_rpy_cmd: [0. 0. 0.]
wbc_obs q (first 5): [-2.97398925e-01  6.04969428e-05  2.37541390e-04  7.25615799e-01
 -4.28217292e-01]
wbc_action q (first 5): [-0.26374432  0.01933216 -0.00390875  0.7077719   0.10256673]
arm joint targets: {'left_shoulder_roll_joint': -0.07639142870903015, 'right_shoulder_roll_joint': 0.0, 'left_elbow_joint': 0.0, 'right_elbow_joint': 0.0}

--- WBC DEBUG STEP ---
num_envs: 1
navigate_cmd (vel_x, vel_y, yaw): [0.         0.00195222 0.00625   ]
base_height_cmd (height): [0.75]
torso_orientation_rpy_cmd: [0. 0. 0.]
wbc_obs q (first 5): [-2.97398448e-01  6.00336971e-05  2.37253524e-04  7.25614905e-01
 -4.28216815e-01]
wbc_action q (first 5): [-0.26256192  0.01924535 -0.00410535  0.70283717  0.10463919]
arm joint targets: {'left_shoulder_roll_joint': -0.028555629774928093, 'right_shoulder_roll_joint': 0.0, 'left_elbow_joint': 0.0, 'right_elbow_joint': 0.0}

--- WBC DEBUG STEP ---
num_envs: 1
navigate_cmd (vel_x, vel_y, yaw): [0.         0.00292721 0.00722656]
base_height_cmd (height): [0.75]
torso_orientation_rpy_cmd: [0. 0. 0.]
wbc_obs q (first 5): [-2.97398686e-01  5.95479105e-05  2.36578737e-04  7.25615919e-01
 -4.28217262e-01]
wbc_action q (first 5): [-0.25992137  0.0194576  -0.00338051  0.70282519  0.10825552]
arm joint targets: {'left_shoulder_roll_joint': -0.016596680507063866, 'right_shoulder_roll_joint': 0.0, 'left_elbow_joint': 0.0, 'right_elbow_joint': 0.0}

--- WBC DEBUG STEP ---
num_envs: 1
navigate_cmd (vel_x, vel_y, yaw): [0.         0.00320577 0.00527344]
base_height_cmd (height): [0.75]
torso_orientation_rpy_cmd: [0. 0. 0.]
wbc_obs q (first 5): [-2.97398835e-01  5.93183468e-05  2.36085732e-04  7.25615740e-01
 -4.28217351e-01]
wbc_action q (first 5): [-0.25906014  0.01898191 -0.00370871  0.70312834  0.11187853]
arm joint targets: {'left_shoulder_roll_joint': -0.020945388823747635, 'right_shoulder_roll_joint': 0.0, 'left_elbow_joint': 0.0, 'right_elbow_joint': 0.0}

--- WBC DEBUG STEP ---
num_envs: 1
navigate_cmd (vel_x, vel_y, yaw): [0.         0.00237007 0.00332031]
base_height_cmd (height): [0.7494141]
torso_orientation_rpy_cmd: [0. 0. 0.]
wbc_obs q (first 5): [-2.97398359e-01  5.96395148e-05  2.37107059e-04  7.25615144e-01
 -4.28216726e-01]
wbc_action q (first 5): [-0.25862733  0.01881219 -0.00389022  0.70389146  0.11391203]
arm joint targets: {'left_shoulder_roll_joint': -0.025294099003076553, 'right_shoulder_roll_joint': 0.0, 'left_elbow_joint': 0.0, 'right_elbow_joint': 0.0}

--- WBC DEBUG STEP ---
num_envs: 1
navigate_cmd (vel_x, vel_y, yaw): [0.         0.00278792 0.00429688]
base_height_cmd (height): [0.75]
torso_orientation_rpy_cmd: [0. 0. 0.]
wbc_obs q (first 5): [-2.97398686e-01  5.95492602e-05  2.36756241e-04  7.25615442e-01
 -4.28216755e-01]
wbc_action q (first 5): [-0.25811848  0.01859558 -0.0042316   0.70339346  0.11563025]
arm joint targets: {'left_shoulder_roll_joint': -0.014422326348721981, 'right_shoulder_roll_joint': 0.0, 'left_elbow_joint': 0.0, 'right_elbow_joint': 0.0}

--- WBC DEBUG STEP ---
num_envs: 1
navigate_cmd (vel_x, vel_y, yaw): [0.         0.00111652 0.01113281]
base_height_cmd (height): [0.75]
torso_orientation_rpy_cmd: [0. 0. 0.]
wbc_obs q (first 5): [-2.97399253e-01  5.97392864e-05  2.36476320e-04  7.25616992e-01
 -4.28217351e-01]
wbc_action q (first 5): [-0.25799626  0.01858553 -0.00471754  0.70302784  0.11788528]
arm joint targets: {'left_shoulder_roll_joint': -0.017683858051896095, 'right_shoulder_roll_joint': 0.0, 'left_elbow_joint': 0.0, 'right_elbow_joint': 0.0}

--- WBC DEBUG STEP ---
num_envs: 1
navigate_cmd (vel_x, vel_y, yaw): [0.         0.00320577 0.01015625]
base_height_cmd (height): [0.75]
torso_orientation_rpy_cmd: [0. 0. 0.]
wbc_obs q (first 5): [-2.97398776e-01  5.93283548e-05  2.36204549e-04  7.25615680e-01
 -4.28217500e-01]
wbc_action q (first 5): [-0.25777608  0.01838018 -0.00458596  0.70319629  0.11922057]
arm joint targets: {'left_shoulder_roll_joint': -0.013335148803889751, 'right_shoulder_roll_joint': 0.0, 'left_elbow_joint': 0.0, 'right_elbow_joint': 0.0}

--- WBC DEBUG STEP ---
num_envs: 1
navigate_cmd (vel_x, vel_y, yaw): [0.         0.00195222 0.00625   ]
base_height_cmd (height): [0.75]
torso_orientation_rpy_cmd: [0. 0. 0.]
wbc_obs q (first 5): [-2.97398746e-01  5.97082217e-05  2.36661464e-04  7.25615501e-01
 -4.28217143e-01]
wbc_action q (first 5): [-0.25767565  0.01869234 -0.00452528  0.70307088  0.11974911]
arm joint targets: {'left_shoulder_roll_joint': -0.020945388823747635, 'right_shoulder_roll_joint': 0.0, 'left_elbow_joint': 0.0, 'right_elbow_joint': 0.0}

--- WBC DEBUG STEP ---
num_envs: 1
navigate_cmd (vel_x, vel_y, yaw): [0.         0.00195222 0.00722656]
base_height_cmd (height): [0.75]
torso_orientation_rpy_cmd: [0. 0. 0.]
wbc_obs q (first 5): [-2.97398508e-01  5.97553226e-05  2.36442807e-04  7.25615442e-01
 -4.28217202e-01]
wbc_action q (first 5): [-0.25756544  0.01858734 -0.00462802  0.70290035  0.1193056 ]
arm joint targets: {'left_shoulder_roll_joint': -0.014422326348721981, 'right_shoulder_roll_joint': 0.0, 'left_elbow_joint': 0.0, 'right_elbow_joint': 0.0}

--- WBC DEBUG STEP ---
num_envs: 1
navigate_cmd (vel_x, vel_y, yaw): [0.         0.0012558  0.00722656]
base_height_cmd (height): [0.75]
torso_orientation_rpy_cmd: [0. 0. 0.]
wbc_obs q (first 5): [-2.97398508e-01  5.95828933e-05  2.36245745e-04  7.25615442e-01
 -4.28217262e-01]
wbc_action q (first 5): [-0.25769773  0.01864543 -0.00463169  0.70270109  0.11892428]
arm joint targets: {'left_shoulder_roll_joint': -0.020945388823747635, 'right_shoulder_roll_joint': 0.0, 'left_elbow_joint': 0.0, 'right_elbow_joint': 0.0}

--- WBC DEBUG STEP ---
num_envs: 1
navigate_cmd (vel_x, vel_y, yaw): [0.         0.00111652 0.00625   ]
base_height_cmd (height): [0.75]
torso_orientation_rpy_cmd: [0. 0. 0.]
wbc_obs q (first 5): [-2.97398448e-01  5.96064783e-05  2.36212625e-04  7.25615680e-01
 -4.28217679e-01]
wbc_action q (first 5): [-0.2576791   0.01868368 -0.00460799  0.70267081  0.11817072]
arm joint targets: {'left_shoulder_roll_joint': -0.015509502962231636, 'right_shoulder_roll_joint': 0.0, 'left_elbow_joint': 0.0, 'right_elbow_joint': 0.0}

--- WBC DEBUG STEP ---
num_envs: 1
navigate_cmd (vel_x, vel_y, yaw): [0.         0.00209151 0.01015625]
base_height_cmd (height): [0.75]
torso_orientation_rpy_cmd: [0. 0. 0.]
wbc_obs q (first 5): [-2.97399223e-01  5.97958242e-05  2.36418738e-04  7.25616813e-01
 -4.28217351e-01]
wbc_action q (first 5): [-0.25789243  0.01821532 -0.0048396   0.70252514  0.11775438]
arm joint targets: {'left_shoulder_roll_joint': -0.018771035596728325, 'right_shoulder_roll_joint': 0.0, 'left_elbow_joint': 0.0, 'right_elbow_joint': 0.0}

--- WBC DEBUG STEP ---
num_envs: 1
navigate_cmd (vel_x, vel_y, yaw): [0.         0.0012558  0.00722656]
base_height_cmd (height): [0.75]
torso_orientation_rpy_cmd: [0. 0. 0.]
wbc_obs q (first 5): [-2.97398478e-01  5.90745221e-05  2.35930842e-04  7.25614846e-01
 -4.28216577e-01]
wbc_action q (first 5): [-0.25787979  0.01825348 -0.00494385  0.70235968  0.11728634]
arm joint targets: {'left_shoulder_roll_joint': -0.015509502962231636, 'right_shoulder_roll_joint': 0.0, 'left_elbow_joint': 0.0, 'right_elbow_joint': 0.0}

--- WBC DEBUG STEP ---
num_envs: 1
navigate_cmd (vel_x, vel_y, yaw): [0.         0.00209151 0.00820313]
base_height_cmd (height): [0.7494141]
torso_orientation_rpy_cmd: [0. 0. 0.]
wbc_obs q (first 5): [-2.97398597e-01  5.93822770e-05  2.36073611e-04  7.25615501e-01
 -4.28216964e-01]
wbc_action q (first 5): [-0.25809899  0.01801878 -0.00488921  0.70303357  0.11690874]
arm joint targets: {'left_shoulder_roll_joint': -0.013335148803889751, 'right_shoulder_roll_joint': 0.0, 'left_elbow_joint': 0.0, 'right_elbow_joint': 0.0}

--- WBC DEBUG STEP ---
num_envs: 1
navigate_cmd (vel_x, vel_y, yaw): [0.         0.00104688 0.00820313]
base_height_cmd (height): [0.7488281]
torso_orientation_rpy_cmd: [0. 0. 0.]
wbc_obs q (first 5): [-2.97399551e-01  5.97986036e-05  2.36483233e-04  7.25617409e-01
 -4.28218305e-01]
wbc_action q (first 5): [-0.2585561   0.01808942 -0.00497495  0.70367563  0.11650471]
arm joint targets: {'left_shoulder_roll_joint': -0.010073617100715637, 'right_shoulder_roll_joint': 0.0, 'left_elbow_joint': 0.0, 'right_elbow_joint': 0.0}

--- WBC DEBUG STEP ---
num_envs: 1
navigate_cmd (vel_x, vel_y, yaw): [0.         0.00181294 0.00625   ]
base_height_cmd (height): [0.75]
torso_orientation_rpy_cmd: [0. 0. 0.]
wbc_obs q (first 5): [-2.97399104e-01  5.99105042e-05  2.36753302e-04  7.25616157e-01
 -4.28217232e-01]
wbc_action q (first 5): [-0.25839987  0.01823545 -0.00474977  0.70278406  0.11712252]
arm joint targets: {'left_shoulder_roll_joint': -0.018771035596728325, 'right_shoulder_roll_joint': 0.0, 'left_elbow_joint': 0.0, 'right_elbow_joint': 0.0}

--- WBC DEBUG STEP ---
num_envs: 1
navigate_cmd (vel_x, vel_y, yaw): [0.         0.00014153 0.00527344]
base_height_cmd (height): [0.75]
torso_orientation_rpy_cmd: [0. 0. 0.]
wbc_obs q (first 5): [-2.97398835e-01  5.93201694e-05  2.36072534e-04  7.25615442e-01
 -4.28216875e-01]
wbc_action q (first 5): [-0.25809282  0.01853038 -0.00492611  0.70252979  0.11706941]
arm joint targets: {'left_shoulder_roll_joint': -0.014422326348721981, 'right_shoulder_roll_joint': 0.0, 'left_elbow_joint': 0.0, 'right_elbow_joint': 0.0}

--- WBC DEBUG STEP ---
num_envs: 1
navigate_cmd (vel_x, vel_y, yaw): [0.         0.00055939 0.00820313]
base_height_cmd (height): [0.75]
torso_orientation_rpy_cmd: [0. 0. 0.]
wbc_obs q (first 5): [-2.97398746e-01  5.92508331e-05  2.36048145e-04  7.25615978e-01
 -4.28217798e-01]
wbc_action q (first 5): [-0.25808218  0.01833137 -0.00508078  0.70240831  0.11735146]
arm joint targets: {'left_shoulder_roll_joint': -0.025294099003076553, 'right_shoulder_roll_joint': 0.0, 'left_elbow_joint': 0.0, 'right_elbow_joint': 0.0}

--- WBC DEBUG STEP ---
num_envs: 1
navigate_cmd (vel_x, vel_y, yaw): [0.         0.00264864 0.00820313]
base_height_cmd (height): [0.7494141]
torso_orientation_rpy_cmd: [0. 0. 0.]
wbc_obs q (first 5): [-2.97399044e-01  5.93894474e-05  2.36215463e-04  7.25616336e-01
 -4.28217500e-01]
wbc_action q (first 5): [-0.25836563  0.01801903 -0.00496187  0.70312071  0.11657847]
arm joint targets: {'left_shoulder_roll_joint': -0.025294099003076553, 'right_shoulder_roll_joint': 0.0, 'left_elbow_joint': 0.0, 'right_elbow_joint': 0.0}

--- WBC DEBUG STEP ---
num_envs: 1
navigate_cmd (vel_x, vel_y, yaw): [0.         0.00237007 0.00625   ]
base_height_cmd (height): [0.75]
torso_orientation_rpy_cmd: [0. 0. 0.]
wbc_obs q (first 5): [-2.97398329e-01  5.94849735e-05  2.36192529e-04  7.25614429e-01
 -4.28216279e-01]
wbc_action q (first 5): [-0.25838962  0.018246   -0.00479438  0.70265305  0.11619069]
arm joint targets: {'left_shoulder_roll_joint': -0.026381276547908783, 'right_shoulder_roll_joint': 0.0, 'left_elbow_joint': 0.0, 'right_elbow_joint': 0.0}

--- WBC DEBUG STEP ---
num_envs: 1
navigate_cmd (vel_x, vel_y, yaw): [ 0.         -0.00069417  0.00527344]
base_height_cmd (height): [0.75]
torso_orientation_rpy_cmd: [0. 0. 0.]
wbc_obs q (first 5): [-2.97398359e-01  5.90577365e-05  2.35663247e-04  7.25615144e-01
 -4.28216904e-01]
wbc_action q (first 5): [-0.25844559  0.01875192 -0.00492568  0.70233643  0.1159585 ]
arm joint targets: {'left_shoulder_roll_joint': -0.020945388823747635, 'right_shoulder_roll_joint': 0.0, 'left_elbow_joint': 0.0, 'right_elbow_joint': 0.0}

--- WBC DEBUG STEP ---
num_envs: 1
navigate_cmd (vel_x, vel_y, yaw): [ 0.         -0.00069417  0.00429688]
base_height_cmd (height): [0.75]
torso_orientation_rpy_cmd: [0. 0. 0.]
wbc_obs q (first 5): [-2.97397941e-01  5.91262942e-05  2.35348576e-04  7.25614548e-01
 -4.28216606e-01]
wbc_action q (first 5): [-0.25832111  0.01879567 -0.00478579  0.70223653  0.115986  ]
arm joint targets: {'left_shoulder_roll_joint': -0.027468452230095863, 'right_shoulder_roll_joint': 0.0, 'left_elbow_joint': 0.0, 'right_elbow_joint': 0.0}

--- WBC DEBUG STEP ---
num_envs: 1
navigate_cmd (vel_x, vel_y, yaw): [0.         0.00028082 0.00527344]
base_height_cmd (height): [0.75]
torso_orientation_rpy_cmd: [0. 0. 0.]
wbc_obs q (first 5): [-2.97398150e-01  5.96044192e-05  2.35980886e-04  7.25614846e-01
 -4.28216815e-01]
wbc_action q (first 5): [-0.25819427  0.01839727 -0.00501445  0.70211971  0.11580186]
arm joint targets: {'left_shoulder_roll_joint': -0.03181716054677963, 'right_shoulder_roll_joint': 0.0, 'left_elbow_joint': 0.0, 'right_elbow_joint': 0.0}

--- WBC DEBUG STEP ---
num_envs: 1
navigate_cmd (vel_x, vel_y, yaw): [0.         0.00028082 0.00625   ]
base_height_cmd (height): [0.74970704]
torso_orientation_rpy_cmd: [0. 0. 0.]
wbc_obs q (first 5): [-2.97398776e-01  5.93734294e-05  2.35797503e-04  7.25615501e-01
 -4.28217560e-01]
wbc_action q (first 5): [-0.25842354  0.0183199  -0.00502681  0.70236409  0.11524709]
arm joint targets: {'left_shoulder_roll_joint': -0.029642807319760323, 'right_shoulder_roll_joint': 0.0, 'left_elbow_joint': 0.0, 'right_elbow_joint': 0.0}

--- WBC DEBUG STEP ---
num_envs: 1
navigate_cmd (vel_x, vel_y, yaw): [0.         0.0004201  0.00429688]
base_height_cmd (height): [0.74794924]
torso_orientation_rpy_cmd: [0. 0. 0.]
wbc_obs q (first 5): [-2.97399312e-01  5.92362376e-05  2.35824860e-04  7.25616992e-01
 -4.28217590e-01]
wbc_action q (first 5): [-0.25918987  0.01826099 -0.00490813  0.70408618  0.11386989]
arm joint targets: {'left_shoulder_roll_joint': -0.03834022581577301, 'right_shoulder_roll_joint': 0.0, 'left_elbow_joint': 0.0, 'right_elbow_joint': 0.0}

--- WBC DEBUG STEP ---
num_envs: 1
navigate_cmd (vel_x, vel_y, yaw): [ 0.         -0.00055488  0.01015625]
base_height_cmd (height): [0.7488281]
torso_orientation_rpy_cmd: [0. 0. 0.]
wbc_obs q (first 5): [-2.97398508e-01  5.95217716e-05  2.36939697e-04  7.25614727e-01
 -4.28216487e-01]
wbc_action q (first 5): [-0.25965726  0.01833247 -0.00512894  0.70346904  0.11329319]
arm joint targets: {'left_shoulder_roll_joint': -0.04268893226981163, 'right_shoulder_roll_joint': 0.0, 'left_elbow_joint': 0.0, 'right_elbow_joint': 0.0}

--- WBC DEBUG STEP ---
num_envs: 1
navigate_cmd (vel_x, vel_y, yaw): [0.         0.00028082 0.00820313]
base_height_cmd (height): [0.7488281]
torso_orientation_rpy_cmd: [0. 0. 0.]
wbc_obs q (first 5): [-2.97399104e-01  5.95619676e-05  2.36350068e-04  7.25615382e-01
 -4.28216964e-01]
wbc_action q (first 5): [-0.25976259  0.01831858 -0.00501502  0.70333666  0.11271815]
arm joint targets: {'left_shoulder_roll_joint': -0.03399151563644409, 'right_shoulder_roll_joint': 0.0, 'left_elbow_joint': 0.0, 'right_elbow_joint': 0.0}

--- WBC DEBUG STEP ---
num_envs: 1
navigate_cmd (vel_x, vel_y, yaw): [0.         0.00069867 0.00429688]
base_height_cmd (height): [0.75]
torso_orientation_rpy_cmd: [0. 0. 0.]
wbc_obs q (first 5): [-2.97398388e-01  5.95257297e-05  2.36324253e-04  7.25615144e-01
 -4.28217351e-01]
wbc_action q (first 5): [-0.25930494  0.01852688 -0.00472073  0.70217407  0.11325859]
arm joint targets: {'left_shoulder_roll_joint': -0.0416017584502697, 'right_shoulder_roll_joint': 0.0, 'left_elbow_joint': 0.0, 'right_elbow_joint': 0.0}

--- WBC DEBUG STEP ---
num_envs: 1
navigate_cmd (vel_x, vel_y, yaw): [0.         0.00118616 0.01015625]
base_height_cmd (height): [0.7476562]
torso_orientation_rpy_cmd: [0. 0. 0.]
wbc_obs q (first 5): [-2.97397792e-01  5.94211087e-05  2.35866260e-04  7.25614130e-01
 -4.28216487e-01]
wbc_action q (first 5): [-0.26003832  0.01801515 -0.00487977  0.7042557   0.11169361]
arm joint targets: {'left_shoulder_roll_joint': -0.05029917508363724, 'right_shoulder_roll_joint': 0.0, 'left_elbow_joint': 0.0, 'right_elbow_joint': 0.0}

--- WBC DEBUG STEP ---
num_envs: 1
navigate_cmd (vel_x, vel_y, yaw): [0.         0.00097724 0.00917969]
base_height_cmd (height): [0.74912107]
torso_orientation_rpy_cmd: [0. 0. 0.]
wbc_obs q (first 5): [-2.97398299e-01  5.99218874e-05  2.36760578e-04  7.25615144e-01
 -4.28216875e-01]
wbc_action q (first 5): [-0.26019368  0.01821122 -0.00487864  0.70316064  0.11132742]
arm joint targets: {'left_shoulder_roll_joint': -0.04595046490430832, 'right_shoulder_roll_joint': 0.0, 'left_elbow_joint': 0.0, 'right_elbow_joint': 0.0}

--- WBC DEBUG STEP ---
num_envs: 1
navigate_cmd (vel_x, vel_y, yaw): [0.         0.00048974 0.00625   ]
base_height_cmd (height): [0.7482422]
torso_orientation_rpy_cmd: [0. 0. 0.]
wbc_obs q (first 5): [-2.97398448e-01  5.91224853e-05  2.35809275e-04  7.25615203e-01
 -4.28216964e-01]
wbc_action q (first 5): [-0.26016659  0.01832915 -0.00477836  0.70373523  0.1108088 ]
arm joint targets: {'left_shoulder_roll_joint': -0.05682223662734032, 'right_shoulder_roll_joint': 0.0, 'left_elbow_joint': 0.0, 'right_elbow_joint': 0.0}

--- WBC DEBUG STEP ---
num_envs: 1
navigate_cmd (vel_x, vel_y, yaw): [ 0.         -0.00069417  0.00820313]
base_height_cmd (height): [0.7488281]
torso_orientation_rpy_cmd: [0. 0. 0.]
wbc_obs q (first 5): [-2.97398716e-01  5.95010060e-05  2.36500389e-04  7.25615621e-01
 -4.28217053e-01]
wbc_action q (first 5): [-0.26041162  0.01853454 -0.00493647  0.70317715  0.11072566]
arm joint targets: {'left_shoulder_roll_joint': -0.062258124351501465, 'right_shoulder_roll_joint': 0.0, 'left_elbow_joint': 0.0, 'right_elbow_joint': 0.0}

--- WBC DEBUG STEP ---
num_envs: 1
navigate_cmd (vel_x, vel_y, yaw): [0.         0.00069867 0.01113281]
base_height_cmd (height): [0.75]
torso_orientation_rpy_cmd: [0. 0. 0.]
wbc_obs q (first 5): [-2.97398180e-01  5.93259829e-05  2.36345440e-04  7.25614667e-01
 -4.28216428e-01]
wbc_action q (first 5): [-0.25996312  0.0183287  -0.00488326  0.70196402  0.11107017]
arm joint targets: {'left_shoulder_roll_joint': -0.053560707718133926, 'right_shoulder_roll_joint': 0.0, 'left_elbow_joint': 0.0, 'right_elbow_joint': 0.0}

--- WBC DEBUG STEP ---
num_envs: 1
navigate_cmd (vel_x, vel_y, yaw): [0.         0.00237007 0.00820313]
base_height_cmd (height): [0.74912107]
torso_orientation_rpy_cmd: [0. 0. 0.]
wbc_obs q (first 5): [-2.97398835e-01  5.94511512e-05  2.35919739e-04  7.25616038e-01
 -4.28217411e-01]
wbc_action q (first 5): [-0.25991589  0.01808582 -0.00459409  0.70269024  0.11086695]
arm joint targets: {'left_shoulder_roll_joint': -0.060083769261837006, 'right_shoulder_roll_joint': 0.0, 'left_elbow_joint': 0.0, 'right_elbow_joint': 0.0}

--- WBC DEBUG STEP ---
num_envs: 1
navigate_cmd (vel_x, vel_y, yaw): [0.         0.00209151 0.00625   ]
base_height_cmd (height): [0.7494141]
torso_orientation_rpy_cmd: [0. 0. 0.]
wbc_obs q (first 5): [-2.97399580e-01  6.00218191e-05  2.36810869e-04  7.25617528e-01
 -4.28217828e-01]
wbc_action q (first 5): [-0.25997239  0.01822941 -0.00441819  0.70248145  0.1105345 ]
arm joint targets: {'left_shoulder_roll_joint': -0.06443247944116592, 'right_shoulder_roll_joint': 0.0, 'left_elbow_joint': 0.0, 'right_elbow_joint': 0.0}

--- WBC DEBUG STEP ---
num_envs: 1
navigate_cmd (vel_x, vel_y, yaw): [0.         0.00132545 0.00820313]
base_height_cmd (height): [0.74970704]
torso_orientation_rpy_cmd: [0. 0. 0.]
wbc_obs q (first 5): [-2.97398865e-01  5.93182122e-05  2.36464461e-04  7.25615799e-01
 -4.28216934e-01]
wbc_action q (first 5): [-0.25997144  0.01828951 -0.00445559  0.70204329  0.11041109]
arm joint targets: {'left_shoulder_roll_joint': -0.0633452981710434, 'right_shoulder_roll_joint': 0.0, 'left_elbow_joint': 0.0, 'right_elbow_joint': 0.0}

--- WBC DEBUG STEP ---
num_envs: 1
navigate_cmd (vel_x, vel_y, yaw): [0.         0.00083795 0.00429688]
base_height_cmd (height): [0.7494141]
torso_orientation_rpy_cmd: [0. 0. 0.]
wbc_obs q (first 5): [-2.97398686e-01  5.91061325e-05  2.36231674e-04  7.25614727e-01
 -4.28216696e-01]
wbc_action q (first 5): [-0.25980648  0.01848258 -0.00429394  0.70219707  0.11022224]
arm joint targets: {'left_shoulder_roll_joint': -0.06660683453083038, 'right_shoulder_roll_joint': 0.0, 'left_elbow_joint': 0.0, 'right_elbow_joint': 0.0}

--- WBC DEBUG STEP ---
num_envs: 1
navigate_cmd (vel_x, vel_y, yaw): [0.        0.0017433 0.00625  ]
base_height_cmd (height): [0.7488281]
torso_orientation_rpy_cmd: [0. 0. 0.]
wbc_obs q (first 5): [-2.97399163e-01  5.97914841e-05  2.36820793e-04  7.25616097e-01
 -4.28217798e-01]
wbc_action q (first 5): [-0.26010552  0.01830385 -0.00424812  0.70285547  0.10977049]
arm joint targets: {'left_shoulder_roll_joint': -0.07204271852970123, 'right_shoulder_roll_joint': 0.0, 'left_elbow_joint': 0.0, 'right_elbow_joint': 0.0}

--- WBC DEBUG STEP ---
num_envs: 1
navigate_cmd (vel_x, vel_y, yaw): [0.         0.00209151 0.00917969]
base_height_cmd (height): [0.7488281]
torso_orientation_rpy_cmd: [0. 0. 0.]
wbc_obs q (first 5): [-2.97399253e-01  5.96726895e-05  2.36355598e-04  7.25616276e-01
 -4.28217262e-01]
wbc_action q (first 5): [-0.26036614  0.01812717 -0.00442034  0.70289779  0.10924272]
arm joint targets: {'left_shoulder_roll_joint': -0.07421707361936569, 'right_shoulder_roll_joint': 0.0, 'left_elbow_joint': 0.0, 'right_elbow_joint': 0.0}

--- WBC DEBUG STEP ---
num_envs: 1
navigate_cmd (vel_x, vel_y, yaw): [0.         0.0004201  0.00429688]
base_height_cmd (height): [0.74912107]
torso_orientation_rpy_cmd: [0. 0. 0.]
wbc_obs q (first 5): [-2.97398865e-01  5.94730882e-05  2.36402382e-04  7.25615561e-01
 -4.28216666e-01]
wbc_action q (first 5): [-0.2602379   0.01857095 -0.00436915  0.70254755  0.10924642]
arm joint targets: {'left_shoulder_roll_joint': -0.07204271852970123, 'right_shoulder_roll_joint': 0.0, 'left_elbow_joint': 0.0, 'right_elbow_joint': 0.0}

--- WBC DEBUG STEP ---
num_envs: 1
navigate_cmd (vel_x, vel_y, yaw): [0.         0.00014153 0.00625   ]
base_height_cmd (height): [0.7482422]
torso_orientation_rpy_cmd: [0. 0. 0.]
wbc_obs q (first 5): [-2.97398508e-01  5.93984078e-05  2.36248830e-04  7.25615084e-01
 -4.28216517e-01]
wbc_action q (first 5): [-0.26046267  0.01846739 -0.00443641  0.70330119  0.10900687]
arm joint targets: {'left_shoulder_roll_joint': -0.07747860252857208, 'right_shoulder_roll_joint': 0.0, 'left_elbow_joint': 0.0, 'right_elbow_joint': 0.0}

--- WBC DEBUG STEP ---
num_envs: 1
navigate_cmd (vel_x, vel_y, yaw): [0.         0.00118616 0.00625   ]
base_height_cmd (height): [0.7476562]
torso_orientation_rpy_cmd: [0. 0. 0.]
wbc_obs q (first 5): [-2.97398567e-01  5.94941521e-05  2.36871303e-04  7.25615203e-01
 -4.28216755e-01]
wbc_action q (first 5): [-0.26097021  0.01831388 -0.00428546  0.7042098   0.10840811]
arm joint targets: {'left_shoulder_roll_joint': -0.07639142870903015, 'right_shoulder_roll_joint': 0.0, 'left_elbow_joint': 0.0, 'right_elbow_joint': 0.0}

--- WBC DEBUG STEP ---
num_envs: 1
navigate_cmd (vel_x, vel_y, yaw): [0.         0.00104688 0.00527344]
base_height_cmd (height): [0.7476562]
torso_orientation_rpy_cmd: [0. 0. 0.]
wbc_obs q (first 5): [-2.97398269e-01  6.01137144e-05  2.37133048e-04  7.25614667e-01
 -4.28216398e-01]
wbc_action q (first 5): [-0.26131991  0.01847484 -0.0041632   0.70441383  0.10797866]
arm joint targets: {'left_shoulder_roll_joint': -0.0709555447101593, 'right_shoulder_roll_joint': 0.0, 'left_elbow_joint': 0.0, 'right_elbow_joint': 0.0}

--- WBC DEBUG STEP ---
num_envs: 1
navigate_cmd (vel_x, vel_y, yaw): [0.         0.00097724 0.00332031]
base_height_cmd (height): [0.74853516]
torso_orientation_rpy_cmd: [0. 0. 0.]
wbc_obs q (first 5): [-2.97399133e-01  5.90951313e-05  2.35939340e-04  7.25616574e-01
 -4.28217679e-01]
wbc_action q (first 5): [-0.26115954  0.01867927 -0.00403906  0.70356703  0.10852425]
arm joint targets: {'left_shoulder_roll_joint': -0.06878118962049484, 'right_shoulder_roll_joint': 0.0, 'left_elbow_joint': 0.0, 'right_elbow_joint': 0.0}

--- WBC DEBUG STEP ---
num_envs: 1
navigate_cmd (vel_x, vel_y, yaw): [0.000000e+00 7.189231e-05 6.250000e-03]
base_height_cmd (height): [0.74912107]
torso_orientation_rpy_cmd: [0. 0. 0.]
wbc_obs q (first 5): [-2.97398418e-01  5.98463812e-05  2.36655673e-04  7.25614607e-01
 -4.28216398e-01]
wbc_action q (first 5): [-0.26056033  0.01875065 -0.00410676  0.70287621  0.10939799]
arm joint targets: {'left_shoulder_roll_joint': -0.07421707361936569, 'right_shoulder_roll_joint': 0.0, 'left_elbow_joint': 0.0, 'right_elbow_joint': 0.0}

--- WBC DEBUG STEP ---
num_envs: 1
navigate_cmd (vel_x, vel_y, yaw): [0.         0.00181294 0.00332031]
base_height_cmd (height): [0.7482422]
torso_orientation_rpy_cmd: [0. 0. 0.]
wbc_obs q (first 5): [-2.97398806e-01  5.94233570e-05  2.36304622e-04  7.25615799e-01
 -4.28217500e-01]
wbc_action q (first 5): [-0.26058716  0.01844203 -0.00401389  0.70376289  0.1092027 ]
arm joint targets: {'left_shoulder_roll_joint': -0.0709555447101593, 'right_shoulder_roll_joint': 0.0, 'left_elbow_joint': 0.0, 'right_elbow_joint': 0.0}

--- WBC DEBUG STEP ---
num_envs: 1
navigate_cmd (vel_x, vel_y, yaw): [0.         0.00209151 0.00429688]
base_height_cmd (height): [0.7476562]
torso_orientation_rpy_cmd: [0. 0. 0.]
wbc_obs q (first 5): [-2.97397971e-01  5.93618570e-05  2.36050866e-04  7.25614607e-01
 -4.28216130e-01]
wbc_action q (first 5): [-0.26105425  0.01844692 -0.00393871  0.70446646  0.10862513]
arm joint targets: {'left_shoulder_roll_joint': -0.07639142870903015, 'right_shoulder_roll_joint': 0.0, 'left_elbow_joint': 0.0, 'right_elbow_joint': 0.0}

--- WBC DEBUG STEP ---
num_envs: 1
navigate_cmd (vel_x, vel_y, yaw): [0.00234375 0.00209151 0.00429688]
base_height_cmd (height): [0.7470703]
torso_orientation_rpy_cmd: [0. 0. 0.]
wbc_obs q (first 5): [-2.97398567e-01  5.97435755e-05  2.36985055e-04  7.25614965e-01
 -4.28216845e-01]
wbc_action q (first 5): [-0.26120734  0.01856969 -0.00384901  0.70500565  0.10704486]
arm joint targets: {'left_shoulder_roll_joint': -0.08617602288722992, 'right_shoulder_roll_joint': 0.0, 'left_elbow_joint': 0.0, 'right_elbow_joint': 0.0}

--- WBC DEBUG STEP ---
num_envs: 1
navigate_cmd (vel_x, vel_y, yaw): [0.         0.00320577 0.00820313]
base_height_cmd (height): [0.74736327]
torso_orientation_rpy_cmd: [0. 0. 0.]
wbc_obs q (first 5): [-2.97398955e-01  5.99592422e-05  2.37130706e-04  7.25615621e-01
 -4.28216815e-01]
wbc_action q (first 5): [-0.26194471  0.0183674  -0.00394543  0.70498544  0.10679291]
arm joint targets: {'left_shoulder_roll_joint': -0.07421707361936569, 'right_shoulder_roll_joint': 0.0, 'left_elbow_joint': 0.0, 'right_elbow_joint': 0.0}

--- WBC DEBUG STEP ---
num_envs: 1
navigate_cmd (vel_x, vel_y, yaw): [0.         0.00167365 0.00234375]
base_height_cmd (height): [0.74853516]
torso_orientation_rpy_cmd: [0. 0. 0.]
wbc_obs q (first 5): [-2.97399193e-01  5.96927675e-05  2.36700696e-04  7.25616574e-01
 -4.28217739e-01]
wbc_action q (first 5): [-0.26150951  0.01886615 -0.00377552  0.70368636  0.10732774]
arm joint targets: {'left_shoulder_roll_joint': -0.07747860252857208, 'right_shoulder_roll_joint': 0.0, 'left_elbow_joint': 0.0, 'right_elbow_joint': 0.0}

--- WBC DEBUG STEP ---
num_envs: 1
navigate_cmd (vel_x, vel_y, yaw): [0.         0.00404148 0.01503906]
base_height_cmd (height): [0.7482422]
torso_orientation_rpy_cmd: [0. 0. 0.]
wbc_obs q (first 5): [-2.97398537e-01  5.92513243e-05  2.36256063e-04  7.25614905e-01
 -4.28217262e-01]
wbc_action q (first 5): [-0.26169661  0.01799684 -0.0041045   0.70378345  0.10733066]
arm joint targets: {'left_shoulder_roll_joint': -0.022032566368579865, 'right_shoulder_roll_joint': 0.0, 'left_elbow_joint': 0.0, 'right_elbow_joint': 0.0}

--- WBC DEBUG STEP ---
num_envs: 1
navigate_cmd (vel_x, vel_y, yaw): [0.         0.00237007 0.01210938]
base_height_cmd (height): [0.74912107]
torso_orientation_rpy_cmd: [0. 0. 0.]
wbc_obs q (first 5): [-2.97398776e-01  5.95318888e-05  2.36357489e-04  7.25615919e-01
 -4.28217620e-01]
wbc_action q (first 5): [-0.25997132  0.01913544 -0.00312332  0.70402217  0.11058386]
arm joint targets: {'left_shoulder_roll_joint': -0.018771035596728325, 'right_shoulder_roll_joint': 0.0, 'left_elbow_joint': 0.0, 'right_elbow_joint': 0.0}

--- WBC DEBUG STEP ---
num_envs: 1
navigate_cmd (vel_x, vel_y, yaw): [0.         0.00487718 0.00625   ]
base_height_cmd (height): [0.7494141]
torso_orientation_rpy_cmd: [0. 0. 0.]
wbc_obs q (first 5): [-2.97398686e-01  6.00242129e-05  2.36776425e-04  7.25615501e-01
 -4.28217262e-01]
wbc_action q (first 5): [-0.25945425  0.01868053 -0.00301973  0.70442832  0.11333771]
arm joint targets: {'left_shoulder_roll_joint': -0.007899262942373753, 'right_shoulder_roll_joint': 0.0, 'left_elbow_joint': 0.0, 'right_elbow_joint': 0.0}

--- WBC DEBUG STEP ---
num_envs: 1
navigate_cmd (vel_x, vel_y, yaw): [0.00078125 0.00362363 0.01210938]
base_height_cmd (height): [0.74853516]
torso_orientation_rpy_cmd: [0. 0. 0.]
wbc_obs q (first 5): [-2.97398478e-01  5.99125742e-05  2.37078159e-04  7.25615084e-01
 -4.28217292e-01]
wbc_action q (first 5): [-0.25922969  0.01846682 -0.0036054   0.70517278  0.11451332]
arm joint targets: {'left_shoulder_roll_joint': -0.017683858051896095, 'right_shoulder_roll_joint': 0.0, 'left_elbow_joint': 0.0, 'right_elbow_joint': 0.0}

--- WBC DEBUG STEP ---
num_envs: 1
navigate_cmd (vel_x, vel_y, yaw): [0.         0.00390219 0.01113281]
base_height_cmd (height): [0.74970704]
torso_orientation_rpy_cmd: [0. 0. 0.]
wbc_obs q (first 5): [-2.97399014e-01  5.99747909e-05  2.36690437e-04  7.25616276e-01
 -4.28217620e-01]
wbc_action q (first 5): [-0.25879121  0.01848442 -0.0039292   0.70423245  0.11644931]
arm joint targets: {'left_shoulder_roll_joint': -0.0013761995360255241, 'right_shoulder_roll_joint': 0.0, 'left_elbow_joint': 0.0, 'right_elbow_joint': 0.0}

--- WBC DEBUG STEP ---
num_envs: 1
navigate_cmd (vel_x, vel_y, yaw): [0.         0.00167365 0.01210938]
base_height_cmd (height): [0.75]
torso_orientation_rpy_cmd: [0. 0. 0.]
wbc_obs q (first 5): [-2.97398716e-01  5.94459998e-05  2.36356951e-04  7.25615859e-01
 -4.28217441e-01]
wbc_action q (first 5): [-0.25812668  0.0188207  -0.00432639  0.70345616  0.11862348]
arm joint targets: {'left_shoulder_roll_joint': -0.005724908318370581, 'right_shoulder_roll_joint': 0.0, 'left_elbow_joint': 0.0, 'right_elbow_joint': 0.0}

--- WBC DEBUG STEP ---
num_envs: 1
navigate_cmd (vel_x, vel_y, yaw): [0.         0.00153437 0.01113281]
base_height_cmd (height): [0.75]
torso_orientation_rpy_cmd: [0. 0. 0.]
wbc_obs q (first 5): [-2.97398567e-01  5.95929596e-05  2.36752647e-04  7.25615680e-01
 -4.28216904e-01]
wbc_action q (first 5): [-0.25763756  0.01882259 -0.00451843  0.70332408  0.12004082]
arm joint targets: {'left_shoulder_roll_joint': -0.005724908318370581, 'right_shoulder_roll_joint': 0.0, 'left_elbow_joint': 0.0, 'right_elbow_joint': 0.0}

--- WBC DEBUG STEP ---
num_envs: 1
navigate_cmd (vel_x, vel_y, yaw): [0.         0.00069867 0.01308594]
base_height_cmd (height): [0.75]
torso_orientation_rpy_cmd: [0. 0. 0.]
wbc_obs q (first 5): [-2.97398627e-01  5.98259576e-05  2.36875116e-04  7.25615263e-01
 -4.28217053e-01]
wbc_action q (first 5): [-0.25745961  0.01876929 -0.00479199  0.70315522  0.12066205]
arm joint targets: {'left_shoulder_roll_joint': -0.010073617100715637, 'right_shoulder_roll_joint': 0.0, 'left_elbow_joint': 0.0, 'right_elbow_joint': 0.0}

--- WBC DEBUG STEP ---
num_envs: 1
navigate_cmd (vel_x, vel_y, yaw): [0.         0.00153437 0.01015625]
base_height_cmd (height): [0.75]
torso_orientation_rpy_cmd: [0. 0. 0.]
wbc_obs q (first 5): [-2.97399223e-01  5.93031218e-05  2.36260501e-04  7.25616157e-01
 -4.28217232e-01]
wbc_action q (first 5): [-0.25725207  0.0186226  -0.00476329  0.70317519  0.12059028]
arm joint targets: {'left_shoulder_roll_joint': -0.005724908318370581, 'right_shoulder_roll_joint': 0.0, 'left_elbow_joint': 0.0, 'right_elbow_joint': 0.0}

--- WBC DEBUG STEP ---
num_envs: 1
navigate_cmd (vel_x, vel_y, yaw): [0.         0.00181294 0.01210938]
base_height_cmd (height): [0.74970704]
torso_orientation_rpy_cmd: [0. 0. 0.]
wbc_obs q (first 5): [-2.97398865e-01  5.95517085e-05  2.36551234e-04  7.25615382e-01
 -4.28216785e-01]
wbc_action q (first 5): [-0.25745624  0.01825799 -0.00497995  0.70325446  0.12023868]
arm joint targets: {'left_shoulder_roll_joint': -0.012247972190380096, 'right_shoulder_roll_joint': 0.0, 'left_elbow_joint': 0.0, 'right_elbow_joint': 0.0}

--- WBC DEBUG STEP ---
num_envs: 1
navigate_cmd (vel_x, vel_y, yaw): [0.         0.00181294 0.00820313]
base_height_cmd (height): [0.7494141]
torso_orientation_rpy_cmd: [0. 0. 0.]
wbc_obs q (first 5): [-2.97399133e-01  5.96489990e-05  2.36785010e-04  7.25616038e-01
 -4.28217322e-01]
wbc_action q (first 5): [-0.25792783  0.01831029 -0.00484074  0.70352185  0.11937217]
arm joint targets: {'left_shoulder_roll_joint': -0.007899262942373753, 'right_shoulder_roll_joint': 0.0, 'left_elbow_joint': 0.0, 'right_elbow_joint': 0.0}

--- WBC DEBUG STEP ---
num_envs: 1
navigate_cmd (vel_x, vel_y, yaw): [0.         0.00216115 0.00722656]
base_height_cmd (height): [0.74912107]
torso_orientation_rpy_cmd: [0. 0. 0.]
wbc_obs q (first 5): [-2.97398806e-01  5.99843952e-05  2.36812950e-04  7.25615442e-01
 -4.28217024e-01]
wbc_action q (first 5): [-0.25824079  0.01828351 -0.00466     0.70379186  0.11820917]
arm joint targets: {'left_shoulder_roll_joint': -0.006812085397541523, 'right_shoulder_roll_joint': 0.0, 'left_elbow_joint': 0.0, 'right_elbow_joint': 0.0}

--- WBC DEBUG STEP ---
num_envs: 1
navigate_cmd (vel_x, vel_y, yaw): [0.         0.0012558  0.01015625]
base_height_cmd (height): [0.7482422]
torso_orientation_rpy_cmd: [0. 0. 0.]
wbc_obs q (first 5): [-2.97398657e-01  5.93981458e-05  2.36344305e-04  7.25615501e-01
 -4.28217947e-01]
wbc_action q (first 5): [-0.25887293  0.01811469 -0.00491363  0.70453149  0.11672346]
arm joint targets: {'left_shoulder_roll_joint': -0.00028902225312776864, 'right_shoulder_roll_joint': 0.0, 'left_elbow_joint': 0.0, 'right_elbow_joint': 0.0}

--- WBC DEBUG STEP ---
num_envs: 1
navigate_cmd (vel_x, vel_y, yaw): [0.         0.00320577 0.01015625]
base_height_cmd (height): [0.7494141]
torso_orientation_rpy_cmd: [0. 0. 0.]
wbc_obs q (first 5): [-2.97398388e-01  5.97319595e-05  2.36856329e-04  7.25614905e-01
 -4.28216875e-01]
wbc_action q (first 5): [-0.25904047  0.01790899 -0.00479831  0.70359409  0.11675893]
arm joint targets: {'left_shoulder_roll_joint': -0.007899262942373753, 'right_shoulder_roll_joint': 0.0, 'left_elbow_joint': 0.0, 'right_elbow_joint': 0.0}

--- WBC DEBUG STEP ---
num_envs: 1
navigate_cmd (vel_x, vel_y, yaw): [0.         0.0004201  0.01308594]
base_height_cmd (height): [0.74912107]
torso_orientation_rpy_cmd: [0. 0. 0.]
wbc_obs q (first 5): [-2.97398686e-01  5.97085564e-05  2.36252949e-04  7.25614905e-01
 -4.28216547e-01]
wbc_action q (first 5): [-0.25897664  0.01805906 -0.00526317  0.70334804  0.11594541]
arm joint targets: {'left_shoulder_roll_joint': -0.013335148803889751, 'right_shoulder_roll_joint': 0.0, 'left_elbow_joint': 0.0, 'right_elbow_joint': 0.0}

--- WBC DEBUG STEP ---
num_envs: 1
navigate_cmd (vel_x, vel_y, yaw): [0.         0.00014153 0.00917969]
base_height_cmd (height): [0.7476562]
torso_orientation_rpy_cmd: [0. 0. 0.]
wbc_obs q (first 5): [-2.97398746e-01  5.93150326e-05  2.35741274e-04  7.25615859e-01
 -4.28217351e-01]
wbc_action q (first 5): [-0.25945634  0.01814743 -0.005236    0.70478684  0.11447565]
arm joint targets: {'left_shoulder_roll_joint': -0.0035505539271980524, 'right_shoulder_roll_joint': 0.0, 'left_elbow_joint': 0.0, 'right_elbow_joint': 0.0}

--- WBC DEBUG STEP ---
num_envs: 1
navigate_cmd (vel_x, vel_y, yaw): [0.         0.00083795 0.01015625]
base_height_cmd (height): [0.7488281]
torso_orientation_rpy_cmd: [0. 0. 0.]
wbc_obs q (first 5): [-2.97399074e-01  5.99474806e-05  2.36930558e-04  7.25615740e-01
 -4.28217709e-01]
wbc_action q (first 5): [-0.2596899   0.01809891 -0.00533785  0.70375043  0.11480258]
arm joint targets: {'left_shoulder_roll_joint': -0.016596680507063866, 'right_shoulder_roll_joint': 0.0, 'left_elbow_joint': 0.0, 'right_elbow_joint': 0.0}

--- WBC DEBUG STEP ---
num_envs: 1
navigate_cmd (vel_x, vel_y, yaw): [0.         0.00069867 0.00625   ]
base_height_cmd (height): [0.74853516]
torso_orientation_rpy_cmd: [0. 0. 0.]
wbc_obs q (first 5): [-2.97398657e-01  5.97621838e-05  2.36495893e-04  7.25615442e-01
 -4.28216815e-01]
wbc_action q (first 5): [-0.25963792  0.01827881 -0.00516869  0.70390517  0.11415701]
arm joint targets: {'left_shoulder_roll_joint': -0.015509502962231636, 'right_shoulder_roll_joint': 0.0, 'left_elbow_joint': 0.0, 'right_elbow_joint': 0.0}

--- WBC DEBUG STEP ---
num_envs: 1
navigate_cmd (vel_x, vel_y, yaw): [0.         0.0012558  0.01308594]
base_height_cmd (height): [0.7494141]
torso_orientation_rpy_cmd: [0. 0. 0.]
wbc_obs q (first 5): [-2.97398955e-01  6.00248168e-05  2.36991182e-04  7.25615919e-01
 -4.28217411e-01]
wbc_action q (first 5): [-0.25949165  0.01805731 -0.0054045   0.70290887  0.11410628]
arm joint targets: {'left_shoulder_roll_joint': -0.010073617100715637, 'right_shoulder_roll_joint': 0.0, 'left_elbow_joint': 0.0, 'right_elbow_joint': 0.0}

--- WBC DEBUG STEP ---
num_envs: 1
navigate_cmd (vel_x, vel_y, yaw): [0.         0.00153437 0.01015625]
base_height_cmd (height): [0.7494141]
torso_orientation_rpy_cmd: [0. 0. 0.]
wbc_obs q (first 5): [-2.97398537e-01  5.92534634e-05  2.36350810e-04  7.25615501e-01
 -4.28216904e-01]
wbc_action q (first 5): [-0.25932389  0.01805711 -0.00520428  0.70283699  0.11427929]
arm joint targets: {'left_shoulder_roll_joint': -0.026381276547908783, 'right_shoulder_roll_joint': 0.0, 'left_elbow_joint': 0.0, 'right_elbow_joint': 0.0}

--- WBC DEBUG STEP ---
num_envs: 1
navigate_cmd (vel_x, vel_y, yaw): [0.         0.0004201  0.01308594]
base_height_cmd (height): [0.74970704]
torso_orientation_rpy_cmd: [0. 0. 0.]
wbc_obs q (first 5): [-2.97399014e-01  5.93637415e-05  2.36502907e-04  7.25615978e-01
 -4.28217262e-01]
wbc_action q (first 5): [-0.25917372  0.0181673  -0.0054124   0.70242238  0.1137722 ]
arm joint targets: {'left_shoulder_roll_joint': -0.014422326348721981, 'right_shoulder_roll_joint': 0.0, 'left_elbow_joint': 0.0, 'right_elbow_joint': 0.0}

--- WBC DEBUG STEP ---
num_envs: 1
navigate_cmd (vel_x, vel_y, yaw): [0.0000000e+00 2.2504828e-06 1.4062501e-02]
base_height_cmd (height): [0.75]
torso_orientation_rpy_cmd: [0. 0. 0.]
wbc_obs q (first 5): [-2.97399044e-01  5.93640216e-05  2.35956904e-04  7.25615978e-01
 -4.28217590e-01]
wbc_action q (first 5): [-0.25880978  0.01821811 -0.00544905  0.70199966  0.11432661]
arm joint targets: {'left_shoulder_roll_joint': -0.019858213141560555, 'right_shoulder_roll_joint': 0.0, 'left_elbow_joint': 0.0, 'right_elbow_joint': 0.0}

--- WBC DEBUG STEP ---
num_envs: 1
navigate_cmd (vel_x, vel_y, yaw): [0.         0.00264864 0.0140625 ]
base_height_cmd (height): [0.75]
torso_orientation_rpy_cmd: [0. 0. 0.]
wbc_obs q (first 5): [-2.97398597e-01  5.92850120e-05  2.36079781e-04  7.25615084e-01
 -4.28216606e-01]
wbc_action q (first 5): [-0.25887477  0.01761115 -0.005418    0.7020911   0.11476825]
arm joint targets: {'left_shoulder_roll_joint': -0.016596680507063866, 'right_shoulder_roll_joint': 0.0, 'left_elbow_joint': 0.0, 'right_elbow_joint': 0.0}

--- WBC DEBUG STEP ---
num_envs: 1
navigate_cmd (vel_x, vel_y, yaw): [0.         0.00146473 0.0140625 ]
base_height_cmd (height): [0.75]
torso_orientation_rpy_cmd: [0. 0. 0.]
wbc_obs q (first 5): [-2.97398418e-01  5.94490921e-05  2.36410619e-04  7.25615025e-01
 -4.28216785e-01]
wbc_action q (first 5): [-0.25879428  0.01768872 -0.00547827  0.70183498  0.11484115]
arm joint targets: {'left_shoulder_roll_joint': -0.015509502962231636, 'right_shoulder_roll_joint': 0.0, 'left_elbow_joint': 0.0, 'right_elbow_joint': 0.0}

--- WBC DEBUG STEP ---
num_envs: 1
navigate_cmd (vel_x, vel_y, yaw): [0.        0.0004201 0.00625  ]
base_height_cmd (height): [0.74794924]
torso_orientation_rpy_cmd: [0. 0. 0.]
wbc_obs q (first 5): [-2.97398984e-01  5.94953381e-05  2.36329477e-04  7.25615442e-01
 -4.28216875e-01]
wbc_action q (first 5): [-0.25918511  0.01815252 -0.00498961  0.70397818  0.11368059]
arm joint targets: {'left_shoulder_roll_joint': -0.014422326348721981, 'right_shoulder_roll_joint': 0.0, 'left_elbow_joint': 0.0, 'right_elbow_joint': 0.0}

--- WBC DEBUG STEP ---
num_envs: 1
navigate_cmd (vel_x, vel_y, yaw): [0.         0.00209151 0.01113281]
base_height_cmd (height): [0.75]
torso_orientation_rpy_cmd: [0. 0. 0.]
wbc_obs q (first 5): [-2.97399193e-01  5.95139791e-05  2.36436696e-04  7.25616753e-01
 -4.28218096e-01]
wbc_action q (first 5): [-0.25933108  0.01779401 -0.00512511  0.7022686   0.11428095]
arm joint targets: {'left_shoulder_roll_joint': -0.027468452230095863, 'right_shoulder_roll_joint': 0.0, 'left_elbow_joint': 0.0, 'right_elbow_joint': 0.0}

--- WBC DEBUG STEP ---
num_envs: 1
navigate_cmd (vel_x, vel_y, yaw): [0.         0.00083795 0.01308594]
base_height_cmd (height): [0.75]
torso_orientation_rpy_cmd: [0. 0. 0.]
wbc_obs q (first 5): [-2.97398955e-01  5.92666511e-05  2.36416672e-04  7.25615680e-01
 -4.28216875e-01]
wbc_action q (first 5): [-0.25917321  0.01796443 -0.00528494  0.70178664  0.11409862]
arm joint targets: {'left_shoulder_roll_joint': -0.03834022581577301, 'right_shoulder_roll_joint': 0.0, 'left_elbow_joint': 0.0, 'right_elbow_joint': 0.0}

--- WBC DEBUG STEP ---
num_envs: 1
navigate_cmd (vel_x, vel_y, yaw): [0.         0.00028082 0.01015625]
base_height_cmd (height): [0.7488281]
torso_orientation_rpy_cmd: [0. 0. 0.]
wbc_obs q (first 5): [-2.97398388e-01  5.84369664e-05  2.34943524e-04  7.25615263e-01
 -4.28216815e-01]
wbc_action q (first 5): [-0.25909662  0.01819378 -0.00529469  0.70282018  0.11272679]
arm joint targets: {'left_shoulder_roll_joint': -0.03834022581577301, 'right_shoulder_roll_joint': 0.0, 'left_elbow_joint': 0.0, 'right_elbow_joint': 0.0}

--- WBC DEBUG STEP ---
num_envs: 1
navigate_cmd (vel_x, vel_y, yaw): [ 0.        -0.0004156  0.0140625]
base_height_cmd (height): [0.74912107]
torso_orientation_rpy_cmd: [0. 0. 0.]
wbc_obs q (first 5): [-2.97398478e-01  5.88999392e-05  2.35720130e-04  7.25615084e-01
 -4.28216755e-01]
wbc_action q (first 5): [-0.25960037  0.01813945 -0.0055505   0.70257282  0.11240874]
arm joint targets: {'left_shoulder_roll_joint': -0.04268893226981163, 'right_shoulder_roll_joint': 0.0, 'left_elbow_joint': 0.0, 'right_elbow_joint': 0.0}

--- WBC DEBUG STEP ---
num_envs: 1
navigate_cmd (vel_x, vel_y, yaw): [0.         0.00069867 0.00820313]
base_height_cmd (height): [0.74736327]
torso_orientation_rpy_cmd: [0. 0. 0.]
wbc_obs q (first 5): [-2.97398418e-01  5.94659250e-05  2.36211505e-04  7.25615799e-01
 -4.28217322e-01]
wbc_action q (first 5): [-0.2604402   0.01802964 -0.0052342   0.70431316  0.11092268]
arm joint targets: {'left_shoulder_roll_joint': -0.03834022581577301, 'right_shoulder_roll_joint': 0.0, 'left_elbow_joint': 0.0, 'right_elbow_joint': 0.0}

--- WBC DEBUG STEP ---
num_envs: 1
navigate_cmd (vel_x, vel_y, yaw): [ 0.         -0.0004156   0.01015625]
base_height_cmd (height): [0.7488281]
torso_orientation_rpy_cmd: [0. 0. 0.]
wbc_obs q (first 5): [-2.97399044e-01  5.91205790e-05  2.36136111e-04  7.25616336e-01
 -4.28217679e-01]
wbc_action q (first 5): [-0.26056951  0.01834443 -0.00512979  0.70311773  0.11093198]
arm joint targets: {'left_shoulder_roll_joint': -0.0524735301733017, 'right_shoulder_roll_joint': 0.0, 'left_elbow_joint': 0.0, 'right_elbow_joint': 0.0}

--- WBC DEBUG STEP ---
num_envs: 1
navigate_cmd (vel_x, vel_y, yaw): [0.         0.00139509 0.01015625]
base_height_cmd (height): [0.7464844]
torso_orientation_rpy_cmd: [0. 0. 0.]
wbc_obs q (first 5): [-2.97398180e-01  5.96826576e-05  2.36811757e-04  7.25614488e-01
 -4.28216457e-01]
wbc_action q (first 5): [-0.26138553  0.01787594 -0.00492969  0.70536196  0.10877772]
arm joint targets: {'left_shoulder_roll_joint': -0.058996591717004776, 'right_shoulder_roll_joint': 0.0, 'left_elbow_joint': 0.0, 'right_elbow_joint': 0.0}

--- WBC DEBUG STEP ---
num_envs: 1
navigate_cmd (vel_x, vel_y, yaw): [0.         0.00111652 0.01308594]
base_height_cmd (height): [0.74970704]
torso_orientation_rpy_cmd: [0. 0. 0.]
wbc_obs q (first 5): [-2.97398895e-01  6.02829750e-05  2.37085027e-04  7.25615621e-01
 -4.28216964e-01]
wbc_action q (first 5): [-0.26112977  0.01811936 -0.00498141  0.70262325  0.10903849]
arm joint targets: {'left_shoulder_roll_joint': -0.062258124351501465, 'right_shoulder_roll_joint': 0.0, 'left_elbow_joint': 0.0, 'right_elbow_joint': 0.0}

--- WBC DEBUG STEP ---
num_envs: 1
navigate_cmd (vel_x, vel_y, yaw): [0.         0.00167365 0.00917969]
base_height_cmd (height): [0.7488281]
torso_orientation_rpy_cmd: [0. 0. 0.]
wbc_obs q (first 5): [-2.97399104e-01  5.99641971e-05  2.36627413e-04  7.25616455e-01
 -4.28217798e-01]
wbc_action q (first 5): [-0.2606051   0.01791384 -0.00509393  0.70277452  0.10871617]
arm joint targets: {'left_shoulder_roll_joint': -0.0524735301733017, 'right_shoulder_roll_joint': 0.0, 'left_elbow_joint': 0.0, 'right_elbow_joint': 0.0}

--- WBC DEBUG STEP ---
num_envs: 1
navigate_cmd (vel_x, vel_y, yaw): [0.         0.00090759 0.01113281]
base_height_cmd (height): [0.74970704]
torso_orientation_rpy_cmd: [0. 0. 0.]
wbc_obs q (first 5): [-2.97398716e-01  5.96442842e-05  2.36283624e-04  7.25615561e-01
 -4.28217411e-01]
wbc_action q (first 5): [-0.26051483  0.0180822  -0.00500491  0.70187014  0.10956056]
arm joint targets: {'left_shoulder_roll_joint': -0.0524735301733017, 'right_shoulder_roll_joint': 0.0, 'left_elbow_joint': 0.0, 'right_elbow_joint': 0.0}

--- WBC DEBUG STEP ---
num_envs: 1
navigate_cmd (vel_x, vel_y, yaw): [0.         0.00153437 0.00820313]
base_height_cmd (height): [0.7482422]
torso_orientation_rpy_cmd: [0. 0. 0.]
wbc_obs q (first 5): [-2.97399491e-01  5.98684928e-05  2.36633656e-04  7.25617170e-01
 -4.28217441e-01]
wbc_action q (first 5): [-0.26078883  0.01804322 -0.00459308  0.7032491   0.10912542]
arm joint targets: {'left_shoulder_roll_joint': -0.0633452981710434, 'right_shoulder_roll_joint': 0.0, 'left_elbow_joint': 0.0, 'right_elbow_joint': 0.0}

--- WBC DEBUG STEP ---
num_envs: 1
navigate_cmd (vel_x, vel_y, yaw): [0.         0.00055939 0.01113281]
base_height_cmd (height): [0.7482422]
torso_orientation_rpy_cmd: [0. 0. 0.]
wbc_obs q (first 5): [-2.97398657e-01  5.97511498e-05  2.36181746e-04  7.25615799e-01
 -4.28217143e-01]
wbc_action q (first 5): [-0.26096624  0.01824856 -0.00466354  0.70349592  0.10827427]
arm joint targets: {'left_shoulder_roll_joint': -0.06660683453083038, 'right_shoulder_roll_joint': 0.0, 'left_elbow_joint': 0.0, 'right_elbow_joint': 0.0}

--- WBC DEBUG STEP ---
num_envs: 1
navigate_cmd (vel_x, vel_y, yaw): [ 0.         -0.00027632  0.00917969]
base_height_cmd (height): [0.74794924]
torso_orientation_rpy_cmd: [0. 0. 0.]
wbc_obs q (first 5): [-2.97399640e-01  5.93714758e-05  2.36187625e-04  7.25617290e-01
 -4.28218067e-01]
wbc_action q (first 5): [-0.26137307  0.01847275 -0.00467763  0.70373297  0.10764496]
arm joint targets: {'left_shoulder_roll_joint': -0.06878118962049484, 'right_shoulder_roll_joint': 0.0, 'left_elbow_joint': 0.0, 'right_elbow_joint': 0.0}

--- WBC DEBUG STEP ---
num_envs: 1
navigate_cmd (vel_x, vel_y, yaw): [0.         0.00139509 0.0140625 ]
base_height_cmd (height): [0.7476562]
torso_orientation_rpy_cmd: [0. 0. 0.]
wbc_obs q (first 5): [-2.97398567e-01  5.98309052e-05  2.36764055e-04  7.25614786e-01
 -4.28216964e-01]
wbc_action q (first 5): [-0.26173148  0.01810873 -0.00473161  0.70416826  0.10716082]
arm joint targets: {'left_shoulder_roll_joint': -0.06443247944116592, 'right_shoulder_roll_joint': 0.0, 'left_elbow_joint': 0.0, 'right_elbow_joint': 0.0}

--- WBC DEBUG STEP ---
num_envs: 1
navigate_cmd (vel_x, vel_y, yaw): [0.         0.00014153 0.00820313]
base_height_cmd (height): [0.7488281]
torso_orientation_rpy_cmd: [0. 0. 0.]
wbc_obs q (first 5): [-2.97398388e-01  5.97996332e-05  2.36829073e-04  7.25614727e-01
 -4.28216338e-01]
wbc_action q (first 5): [-0.2613765   0.01853597 -0.0046564   0.70290136  0.10774906]
arm joint targets: {'left_shoulder_roll_joint': -0.0709555447101593, 'right_shoulder_roll_joint': 0.0, 'left_elbow_joint': 0.0, 'right_elbow_joint': 0.0}

--- WBC DEBUG STEP ---
num_envs: 1
navigate_cmd (vel_x, vel_y, yaw): [0.         0.00153437 0.01308594]
base_height_cmd (height): [0.74794924]
torso_orientation_rpy_cmd: [0. 0. 0.]
wbc_obs q (first 5): [-2.97398508e-01  5.99034029e-05  2.36789550e-04  7.25615382e-01
 -4.28216696e-01]
wbc_action q (first 5): [-0.26122117  0.01805381 -0.00471076  0.70365328  0.107401  ]
arm joint targets: {'left_shoulder_roll_joint': -0.06443247944116592, 'right_shoulder_roll_joint': 0.0, 'left_elbow_joint': 0.0, 'right_elbow_joint': 0.0}

--- WBC DEBUG STEP ---
num_envs: 1
navigate_cmd (vel_x, vel_y, yaw): [0.         0.00097724 0.00625   ]
base_height_cmd (height): [0.74794924]
torso_orientation_rpy_cmd: [0. 0. 0.]
wbc_obs q (first 5): [-2.97398359e-01  5.95106249e-05  2.36731270e-04  7.25614309e-01
 -4.28216398e-01]
wbc_action q (first 5): [-0.26135492  0.01829227 -0.00443498  0.70384693  0.10737689]
arm joint targets: {'left_shoulder_roll_joint': -0.06660683453083038, 'right_shoulder_roll_joint': 0.0, 'left_elbow_joint': 0.0, 'right_elbow_joint': 0.0}

--- WBC DEBUG STEP ---
num_envs: 1
navigate_cmd (vel_x, vel_y, yaw): [0.         0.0012558  0.00917969]
base_height_cmd (height): [0.74736327]
torso_orientation_rpy_cmd: [0. 0. 0.]
wbc_obs q (first 5): [-2.97398806e-01  5.97257786e-05  2.36174907e-04  7.25615203e-01
 -4.28216904e-01]
wbc_action q (first 5): [-0.26172388  0.01823745 -0.0043656   0.70454013  0.10697196]
arm joint targets: {'left_shoulder_roll_joint': -0.06769400835037231, 'right_shoulder_roll_joint': 0.0, 'left_elbow_joint': 0.0, 'right_elbow_joint': 0.0}

--- WBC DEBUG STEP ---
num_envs: 1
navigate_cmd (vel_x, vel_y, yaw): [0.         0.00097724 0.01113281]
base_height_cmd (height): [0.7461914]
torso_orientation_rpy_cmd: [0. 0. 0.]
wbc_obs q (first 5): [-2.97398388e-01  6.00717576e-05  2.36787120e-04  7.25614786e-01
 -4.28216815e-01]
wbc_action q (first 5): [-0.26235706  0.01820574 -0.00446976  0.70571232  0.10587595]
arm joint targets: {'left_shoulder_roll_joint': -0.06769400835037231, 'right_shoulder_roll_joint': 0.0, 'left_elbow_joint': 0.0, 'right_elbow_joint': 0.0}

--- WBC DEBUG STEP ---
num_envs: 1
navigate_cmd (vel_x, vel_y, yaw): [0.         0.0004201  0.01308594]
base_height_cmd (height): [0.74853516]
torso_orientation_rpy_cmd: [0. 0. 0.]
wbc_obs q (first 5): [-2.97398657e-01  6.00700914e-05  2.37085551e-04  7.25615025e-01
 -4.28216904e-01]
wbc_action q (first 5): [-0.26205507  0.01832086 -0.0047032   0.70354378  0.1070406 ]
arm joint targets: {'left_shoulder_roll_joint': -0.07747860252857208, 'right_shoulder_roll_joint': 0.0, 'left_elbow_joint': 0.0, 'right_elbow_joint': 0.0}

--- WBC DEBUG STEP ---
num_envs: 1
navigate_cmd (vel_x, vel_y, yaw): [ 0.         -0.0012513   0.01601562]
base_height_cmd (height): [0.7464844]
torso_orientation_rpy_cmd: [0. 0. 0.]
wbc_obs q (first 5): [-2.97398388e-01  5.95901402e-05  2.36912121e-04  7.25614369e-01
 -4.28216457e-01]
wbc_action q (first 5): [-0.2622968   0.01826349 -0.00508278  0.70491874  0.10626228]
arm joint targets: {'left_shoulder_roll_joint': -0.07639142870903015, 'right_shoulder_roll_joint': 0.0, 'left_elbow_joint': 0.0, 'right_elbow_joint': 0.0}

--- WBC DEBUG STEP ---
num_envs: 1
navigate_cmd (vel_x, vel_y, yaw): [0.        0.0012558 0.00625  ]
base_height_cmd (height): [0.7470703]
torso_orientation_rpy_cmd: [0. 0. 0.]
wbc_obs q (first 5): [-2.97398716e-01  6.00308485e-05  2.36767577e-04  7.25615680e-01
 -4.28216934e-01]
wbc_action q (first 5): [-0.26233435  0.01847436 -0.0043845   0.70500088  0.10607503]
arm joint targets: {'left_shoulder_roll_joint': -0.0709555447101593, 'right_shoulder_roll_joint': 0.0, 'left_elbow_joint': 0.0, 'right_elbow_joint': 0.0}

--- WBC DEBUG STEP ---
num_envs: 1
navigate_cmd (vel_x, vel_y, yaw): [0.         0.00069867 0.00625   ]
base_height_cmd (height): [0.7470703]
torso_orientation_rpy_cmd: [0. 0. 0.]
wbc_obs q (first 5): [-2.97398895e-01  5.99732375e-05  2.36757071e-04  7.25616038e-01
 -4.28217530e-01]
wbc_action q (first 5): [-0.26229638  0.01868608 -0.0042381   0.70509261  0.10586052]
arm joint targets: {'left_shoulder_roll_joint': -0.0709555447101593, 'right_shoulder_roll_joint': 0.0, 'left_elbow_joint': 0.0, 'right_elbow_joint': 0.0}

--- WBC DEBUG STEP ---
num_envs: 1
navigate_cmd (vel_x, vel_y, yaw): [0.0078125  0.00250936 0.00820313]
base_height_cmd (height): [0.7464844]
torso_orientation_rpy_cmd: [0. 0. 0.]
wbc_obs q (first 5): [-2.97398776e-01  6.01028842e-05  2.37424494e-04  7.25615561e-01
 -4.28216755e-01]
wbc_action q (first 5): [-0.26182473  0.01842216 -0.0039904   0.70542598  0.10310923]
arm joint targets: {'left_shoulder_roll_joint': -0.061170946806669235, 'right_shoulder_roll_joint': 0.0, 'left_elbow_joint': 0.0, 'right_elbow_joint': 0.0}

--- WBC DEBUG STEP ---
num_envs: 1
navigate_cmd (vel_x, vel_y, yaw): [0.         0.0004201  0.00820313]
base_height_cmd (height): [0.7470703]
torso_orientation_rpy_cmd: [0. 0. 0.]
wbc_obs q (first 5): [-2.97398627e-01  5.98805527e-05  2.36849155e-04  7.25615501e-01
 -4.28216964e-01]
wbc_action q (first 5): [-0.26276129  0.01874554 -0.00412277  0.70499325  0.10500263]
arm joint targets: {'left_shoulder_roll_joint': -0.06769400835037231, 'right_shoulder_roll_joint': 0.0, 'left_elbow_joint': 0.0, 'right_elbow_joint': 0.0}

--- WBC DEBUG STEP ---
num_envs: 1
navigate_cmd (vel_x, vel_y, yaw): [ 0.          0.002579   -0.00742187]
base_height_cmd (height): [0.7494141]
torso_orientation_rpy_cmd: [0. 0. 0.]
wbc_obs q (first 5): [-0.1         0.          0.          0.30000001 -0.2       ]
wbc_action q (first 5): [-0.12487257  0.02862092 -0.01242456  0.40771359 -0.16948712]
arm joint targets: {'left_shoulder_roll_joint': -0.08291449397802353, 'right_shoulder_roll_joint': 0.0, 'left_elbow_joint': 0.0, 'right_elbow_joint': 0.0}

--- WBC DEBUG STEP ---
num_envs: 1
navigate_cmd (vel_x, vel_y, yaw): [ 0.          0.00264864 -0.0015625 ]
base_height_cmd (height): [0.75]
torso_orientation_rpy_cmd: [0. 0. 0.]
wbc_obs q (first 5): [-2.42598400e-01  8.11272941e-04 -4.14647831e-04  6.05721831e-01
 -3.57986838e-01]
wbc_action q (first 5): [-2.21838802e-01  2.46480294e-03 -3.97186726e-04  5.83461821e-01
  5.38788885e-02]
arm joint targets: {'left_shoulder_roll_joint': -0.0926990881562233, 'right_shoulder_roll_joint': 0.0, 'left_elbow_joint': 0.0, 'right_elbow_joint': 0.0}

--- WBC DEBUG STEP ---
num_envs: 1
navigate_cmd (vel_x, vel_y, yaw): [ 0.          0.00278792 -0.00449219]
base_height_cmd (height): [0.74970704]
torso_orientation_rpy_cmd: [0. 0. 0.]
wbc_obs q (first 5): [-2.97401458e-01  1.84264518e-05  1.82262265e-05  7.25638568e-01
 -4.28240448e-01]
wbc_action q (first 5): [-0.26408121  0.00186625 -0.00483558  0.69142705  0.17203771]
arm joint targets: {'left_shoulder_roll_joint': -0.09487344324588776, 'right_shoulder_roll_joint': 0.0, 'left_elbow_joint': 0.0, 'right_elbow_joint': 0.0}

--- WBC DEBUG STEP ---
num_envs: 1
navigate_cmd (vel_x, vel_y, yaw): [ 0.          0.00320577 -0.00351563]
base_height_cmd (height): [0.75]
torso_orientation_rpy_cmd: [0. 0. 0.]
wbc_obs q (first 5): [-2.97385275e-01 -1.60867185e-05 -2.04048738e-05  7.25610673e-01
 -4.28225726e-01]
wbc_action q (first 5): [-0.27952522  0.00959673 -0.00870395  0.72405469  0.17761095]
arm joint targets: {'left_shoulder_roll_joint': -0.08617602288722992, 'right_shoulder_roll_joint': 0.0, 'left_elbow_joint': 0.0, 'right_elbow_joint': 0.0}

--- WBC DEBUG STEP ---
num_envs: 1
navigate_cmd (vel_x, vel_y, yaw): [ 0.          0.00202186 -0.00058594]
base_height_cmd (height): [0.75]
torso_orientation_rpy_cmd: [0. 0. 0.]
wbc_obs q (first 5): [-3.01298916e-01 -1.29614316e-04 -3.04763293e-04  7.32815206e-01
 -4.24840808e-01]
wbc_action q (first 5): [-0.28832924  0.01138972 -0.00916873  0.73356569  0.15480696]
arm joint targets: {'left_shoulder_roll_joint': -0.081827312707901, 'right_shoulder_roll_joint': 0.0, 'left_elbow_joint': 0.0, 'right_elbow_joint': 0.0}

--- WBC DEBUG STEP ---
num_envs: 1
navigate_cmd (vel_x, vel_y, yaw): [0.         0.00237007 0.00234375]
base_height_cmd (height): [0.75]
torso_orientation_rpy_cmd: [0. 0. 0.]
wbc_obs q (first 5): [-3.08823138e-01 -1.10322893e-04 -2.47695833e-04  7.46622384e-01
 -4.18097377e-01]
wbc_action q (first 5): [-0.29286683  0.01342283 -0.00625208  0.72984916  0.12699275]
arm joint targets: {'left_shoulder_roll_joint': -0.08074013888835907, 'right_shoulder_roll_joint': 0.0, 'left_elbow_joint': 0.0, 'right_elbow_joint': 0.0}

--- WBC DEBUG STEP ---
num_envs: 1
navigate_cmd (vel_x, vel_y, yaw): [0.         0.0012558  0.00527344]
base_height_cmd (height): [0.75]
torso_orientation_rpy_cmd: [0. 0. 0.]
wbc_obs q (first 5): [-3.13796401e-01 -1.32965113e-04 -2.94220954e-04  7.55680919e-01
 -4.13478285e-01]
wbc_action q (first 5): [-0.2863043   0.01852092 -0.00670126  0.71832418  0.0965033 ]
arm joint targets: {'left_shoulder_roll_joint': -0.07747860252857208, 'right_shoulder_roll_joint': 0.0, 'left_elbow_joint': 0.0, 'right_elbow_joint': 0.0}

--- WBC DEBUG STEP ---
num_envs: 1
navigate_cmd (vel_x, vel_y, yaw): [0.         0.00139509 0.00722656]
base_height_cmd (height): [0.75]
torso_orientation_rpy_cmd: [0. 0. 0.]
wbc_obs q (first 5): [-3.10986489e-01 -1.49815343e-04 -3.41590698e-04  7.50568032e-01
 -4.16109353e-01]
wbc_action q (first 5): [-0.27478015  0.0189641  -0.0064788   0.7122907   0.08745609]
arm joint targets: {'left_shoulder_roll_joint': -0.07204271852970123, 'right_shoulder_roll_joint': 0.0, 'left_elbow_joint': 0.0, 'right_elbow_joint': 0.0}

--- WBC DEBUG STEP ---
num_envs: 1
navigate_cmd (vel_x, vel_y, yaw): [ 0.0000000e+00 -6.7391346e-05  7.2265626e-03]
base_height_cmd (height): [0.75]
torso_orientation_rpy_cmd: [0. 0. 0.]
wbc_obs q (first 5): [-3.02457541e-01 -1.65159363e-04 -3.83780629e-04  7.34942496e-01
 -4.23812598e-01]
wbc_action q (first 5): [-0.26398316  0.01966879 -0.00562049  0.70723164  0.10061659]
arm joint targets: {'left_shoulder_roll_joint': -0.07965295761823654, 'right_shoulder_roll_joint': 0.0, 'left_elbow_joint': 0.0, 'right_elbow_joint': 0.0}

--- WBC DEBUG STEP ---
num_envs: 1
navigate_cmd (vel_x, vel_y, yaw): [ 0.        -0.0004156  0.00625  ]
base_height_cmd (height): [0.75]
torso_orientation_rpy_cmd: [0. 0. 0.]
wbc_obs q (first 5): [-2.97403604e-01 -1.45482976e-04 -3.29431030e-04  7.25615323e-01
 -4.28211957e-01]
wbc_action q (first 5): [-0.25675809  0.01910271 -0.00603003  0.70518798  0.10625286]
arm joint targets: {'left_shoulder_roll_joint': -0.07639142870903015, 'right_shoulder_roll_joint': 0.0, 'left_elbow_joint': 0.0, 'right_elbow_joint': 0.0}

--- WBC DEBUG STEP ---
num_envs: 1
navigate_cmd (vel_x, vel_y, yaw): [ 0.         -0.0004156   0.00820313]
base_height_cmd (height): [0.75]
torso_orientation_rpy_cmd: [0. 0. 0.]
wbc_obs q (first 5): [-2.97403216e-01 -1.45726954e-04 -3.29193863e-04  7.25614607e-01
 -4.28211480e-01]
wbc_action q (first 5): [-0.25413266  0.01800305 -0.00620025  0.70578527  0.11615373]
arm joint targets: {'left_shoulder_roll_joint': -0.07856578379869461, 'right_shoulder_roll_joint': 0.0, 'left_elbow_joint': 0.0, 'right_elbow_joint': 0.0}

--- WBC DEBUG STEP ---
num_envs: 1
navigate_cmd (vel_x, vel_y, yaw): [0.         0.0012558  0.00429688]
base_height_cmd (height): [0.75]
torso_orientation_rpy_cmd: [0. 0. 0.]
wbc_obs q (first 5): [-2.97403336e-01 -1.45033220e-04 -3.28582915e-04  7.25614846e-01
 -4.28211540e-01]
wbc_action q (first 5): [-0.25261697  0.01740931 -0.0060025   0.70703638  0.12483104]
arm joint targets: {'left_shoulder_roll_joint': -0.07530424743890762, 'right_shoulder_roll_joint': 0.0, 'left_elbow_joint': 0.0, 'right_elbow_joint': 0.0}

--- WBC DEBUG STEP ---
num_envs: 1
navigate_cmd (vel_x, vel_y, yaw): [0.        0.0004201 0.00625  ]
base_height_cmd (height): [0.75]
torso_orientation_rpy_cmd: [0. 0. 0.]
wbc_obs q (first 5): [-2.97404110e-01 -1.44783262e-04 -3.28916532e-04  7.25616455e-01
 -4.28212672e-01]
wbc_action q (first 5): [-0.25179067  0.01718388 -0.00603582  0.70787716  0.13135816]
arm joint targets: {'left_shoulder_roll_joint': -0.0709555447101593, 'right_shoulder_roll_joint': 0.0, 'left_elbow_joint': 0.0, 'right_elbow_joint': 0.0}

--- WBC DEBUG STEP ---
num_envs: 1
navigate_cmd (vel_x, vel_y, yaw): [ 0.         -0.0004156   0.00820313]
base_height_cmd (height): [0.75]
torso_orientation_rpy_cmd: [0. 0. 0.]
wbc_obs q (first 5): [-2.97404230e-01 -1.45328042e-04 -3.28999857e-04  7.25616395e-01
 -4.28212702e-01]
wbc_action q (first 5): [-0.25107956  0.01716955 -0.00596785  0.70830417  0.13544746]
arm joint targets: {'left_shoulder_roll_joint': -0.07747860252857208, 'right_shoulder_roll_joint': 0.0, 'left_elbow_joint': 0.0, 'right_elbow_joint': 0.0}

--- WBC DEBUG STEP ---
num_envs: 1
navigate_cmd (vel_x, vel_y, yaw): [ 0.         -0.00069417  0.00625   ]
base_height_cmd (height): [0.75]
torso_orientation_rpy_cmd: [0. 0. 0.]
wbc_obs q (first 5): [-2.97403991e-01 -1.45033540e-04 -3.29250499e-04  7.25615323e-01
 -4.28212374e-01]
wbc_action q (first 5): [-0.25089064  0.01713029 -0.00579698  0.70854115  0.13782825]
arm joint targets: {'left_shoulder_roll_joint': -0.07747860252857208, 'right_shoulder_roll_joint': 0.0, 'left_elbow_joint': 0.0, 'right_elbow_joint': 0.0}

--- WBC DEBUG STEP ---
num_envs: 1
navigate_cmd (vel_x, vel_y, yaw): [ 0.         -0.00013703  0.00722656]
base_height_cmd (height): [0.75]
torso_orientation_rpy_cmd: [0. 0. 0.]
wbc_obs q (first 5): [-2.97403991e-01 -1.45498168e-04 -3.29226139e-04  7.25616038e-01
 -4.28212285e-01]
wbc_action q (first 5): [-0.25143465  0.01687439 -0.00576791  0.70851439  0.13886811]
arm joint targets: {'left_shoulder_roll_joint': -0.07639142870903015, 'right_shoulder_roll_joint': 0.0, 'left_elbow_joint': 0.0, 'right_elbow_joint': 0.0}

--- WBC DEBUG STEP ---
num_envs: 1
navigate_cmd (vel_x, vel_y, yaw): [ 0.         -0.0012513   0.00429688]
base_height_cmd (height): [0.75]
torso_orientation_rpy_cmd: [0. 0. 0.]
wbc_obs q (first 5): [-2.97403514e-01 -1.45588332e-04 -3.29279137e-04  7.25615263e-01
 -4.28211898e-01]
wbc_action q (first 5): [-0.2519775   0.01706097 -0.00582584  0.70803106  0.13860972]
arm joint targets: {'left_shoulder_roll_joint': -0.07965295761823654, 'right_shoulder_roll_joint': 0.0, 'left_elbow_joint': 0.0, 'right_elbow_joint': 0.0}

--- WBC DEBUG STEP ---
num_envs: 1
navigate_cmd (vel_x, vel_y, yaw): [ 0.         -0.00034596  0.00429688]
base_height_cmd (height): [0.75]
torso_orientation_rpy_cmd: [0. 0. 0.]
wbc_obs q (first 5): [-2.97404319e-01 -1.45268757e-04 -3.29286588e-04  7.25616395e-01
 -4.28212881e-01]
wbc_action q (first 5): [-0.25275049  0.01710853 -0.00564359  0.70767224  0.13740636]
arm joint targets: {'left_shoulder_roll_joint': -0.08617602288722992, 'right_shoulder_roll_joint': 0.0, 'left_elbow_joint': 0.0, 'right_elbow_joint': 0.0}

--- WBC DEBUG STEP ---
num_envs: 1
navigate_cmd (vel_x, vel_y, yaw): [ 0.        -0.0004156  0.00625  ]
base_height_cmd (height): [0.75]
torso_orientation_rpy_cmd: [0. 0. 0.]
wbc_obs q (first 5): [-2.97404200e-01 -1.45261729e-04 -3.28837254e-04  7.25615740e-01
 -4.28211689e-01]
wbc_action q (first 5): [-0.2537325   0.01712871 -0.00579522  0.70700961  0.13521837]
arm joint targets: {'left_shoulder_roll_joint': -0.08291449397802353, 'right_shoulder_roll_joint': 0.0, 'left_elbow_joint': 0.0, 'right_elbow_joint': 0.0}

--- WBC DEBUG STEP ---
num_envs: 1
navigate_cmd (vel_x, vel_y, yaw): [ 0.       -0.002087  0.00625 ]
base_height_cmd (height): [0.75]
torso_orientation_rpy_cmd: [0. 0. 0.]
wbc_obs q (first 5): [-2.97404140e-01 -1.45220751e-04 -3.28992523e-04  7.25616634e-01
 -4.28212225e-01]
wbc_action q (first 5): [-0.25464904  0.01748777 -0.0059524   0.70606685  0.13289268]
arm joint targets: {'left_shoulder_roll_joint': -0.08617602288722992, 'right_shoulder_roll_joint': 0.0, 'left_elbow_joint': 0.0, 'right_elbow_joint': 0.0}

--- WBC DEBUG STEP ---
num_envs: 1
navigate_cmd (vel_x, vel_y, yaw): [ 0.         -0.0017388   0.00429688]
base_height_cmd (height): [0.75]
torso_orientation_rpy_cmd: [0. 0. 0.]
wbc_obs q (first 5): [-2.97404170e-01 -1.45424754e-04 -3.28883820e-04  7.25616336e-01
 -4.28212762e-01]
wbc_action q (first 5): [-0.25525805  0.01774309 -0.00581192  0.70540416  0.13032316]
arm joint targets: {'left_shoulder_roll_joint': -0.09161190688610077, 'right_shoulder_roll_joint': 0.0, 'left_elbow_joint': 0.0, 'right_elbow_joint': 0.0}

--- WBC DEBUG STEP ---
num_envs: 1
navigate_cmd (vel_x, vel_y, yaw): [ 0.         -0.00152987  0.00625   ]
base_height_cmd (height): [0.75]
torso_orientation_rpy_cmd: [0. 0. 0.]
wbc_obs q (first 5): [-2.97404408e-01 -1.45102560e-04 -3.27872287e-04  7.25616217e-01
 -4.28212494e-01]
wbc_action q (first 5): [-0.25611424  0.0176201  -0.00598979  0.70465189  0.12753867]
arm joint targets: {'left_shoulder_roll_joint': -0.09487344324588776, 'right_shoulder_roll_joint': 0.0, 'left_elbow_joint': 0.0, 'right_elbow_joint': 0.0}

--- WBC DEBUG STEP ---
num_envs: 1
navigate_cmd (vel_x, vel_y, yaw): [ 0.         -0.00083345  0.01015625]
base_height_cmd (height): [0.75]
torso_orientation_rpy_cmd: [0. 0. 0.]
wbc_obs q (first 5): [-2.97403514e-01 -1.45364160e-04 -3.28514026e-04  7.25615144e-01
 -4.28211451e-01]
wbc_action q (first 5): [-0.2567347   0.01741886 -0.00614956  0.70393467  0.12461589]
arm joint targets: {'left_shoulder_roll_joint': -0.10411445051431656, 'right_shoulder_roll_joint': 0.0, 'left_elbow_joint': 0.0, 'right_elbow_joint': 0.0}

--- WBC DEBUG STEP ---
num_envs: 1
navigate_cmd (vel_x, vel_y, yaw): [ 0.         -0.00180844  0.01015625]
base_height_cmd (height): [0.75]
torso_orientation_rpy_cmd: [0. 0. 0.]
wbc_obs q (first 5): [-2.97403961e-01 -1.44679681e-04 -3.27291724e-04  7.25615561e-01
 -4.28212076e-01]
wbc_action q (first 5): [-0.25727013  0.01761302 -0.00625481  0.70330387  0.12182258]
arm joint targets: {'left_shoulder_roll_joint': -0.1003093272447586, 'right_shoulder_roll_joint': 0.0, 'left_elbow_joint': 0.0, 'right_elbow_joint': 0.0}

--- WBC DEBUG STEP ---
num_envs: 1
navigate_cmd (vel_x, vel_y, yaw): [ 0.         -0.00069417  0.00527344]
base_height_cmd (height): [0.75]
torso_orientation_rpy_cmd: [0. 0. 0.]
wbc_obs q (first 5): [-2.97403842e-01 -1.45331403e-04 -3.28478956e-04  7.25615978e-01
 -4.28212136e-01]
wbc_action q (first 5): [-0.25772583  0.01771499 -0.0058611   0.70303738  0.11965586]
arm joint targets: {'left_shoulder_roll_joint': -0.1003093272447586, 'right_shoulder_roll_joint': 0.0, 'left_elbow_joint': 0.0, 'right_elbow_joint': 0.0}

--- WBC DEBUG STEP ---
num_envs: 1
navigate_cmd (vel_x, vel_y, yaw): [ 0.         -0.00069417  0.00429688]
base_height_cmd (height): [0.75]
torso_orientation_rpy_cmd: [0. 0. 0.]
wbc_obs q (first 5): [-2.97404468e-01 -1.45561688e-04 -3.28322669e-04  7.25616515e-01
 -4.28212076e-01]
wbc_action q (first 5): [-0.2581358   0.01784598 -0.00569114  0.70266169  0.11771078]
arm joint targets: {'left_shoulder_roll_joint': -0.09922215342521667, 'right_shoulder_roll_joint': 0.0, 'left_elbow_joint': 0.0, 'right_elbow_joint': 0.0}

--- WBC DEBUG STEP ---
num_envs: 1
navigate_cmd (vel_x, vel_y, yaw): [ 0.         -0.00152987  0.00722656]
base_height_cmd (height): [0.7494141]
torso_orientation_rpy_cmd: [0. 0. 0.]
wbc_obs q (first 5): [-2.97403961e-01 -1.45441998e-04 -3.28753988e-04  7.25615919e-01
 -4.28212166e-01]
wbc_action q (first 5): [-0.25863275  0.01796081 -0.00568017  0.70288569  0.11579533]
arm joint targets: {'left_shoulder_roll_joint': -0.10683239251375198, 'right_shoulder_roll_joint': 0.0, 'left_elbow_joint': 0.0, 'right_elbow_joint': 0.0}

--- WBC DEBUG STEP ---
num_envs: 1
navigate_cmd (vel_x, vel_y, yaw): [ 0.         -0.00132094  0.00820313]
base_height_cmd (height): [0.75]
torso_orientation_rpy_cmd: [0. 0. 0.]
wbc_obs q (first 5): [-2.97403395e-01 -1.45564860e-04 -3.28674098e-04  7.25614905e-01
 -4.28211898e-01]
wbc_action q (first 5): [-0.25889188  0.01804152 -0.00563272  0.70229232  0.11455412]
arm joint targets: {'left_shoulder_roll_joint': -0.1111811026930809, 'right_shoulder_roll_joint': 0.0, 'left_elbow_joint': 0.0, 'right_elbow_joint': 0.0}

--- WBC DEBUG STEP ---
num_envs: 1
navigate_cmd (vel_x, vel_y, yaw): [ 0.         -0.00027632  0.00625   ]
base_height_cmd (height): [0.75]
torso_orientation_rpy_cmd: [0. 0. 0.]
wbc_obs q (first 5): [-2.97404051e-01 -1.45362588e-04 -3.28391441e-04  7.25616395e-01
 -4.28212583e-01]
wbc_action q (first 5): [-0.25895619  0.01800871 -0.00546687  0.70214438  0.11336009]
arm joint targets: {'left_shoulder_roll_joint': -0.11009392142295837, 'right_shoulder_roll_joint': 0.0, 'left_elbow_joint': 0.0, 'right_elbow_joint': 0.0}

--- WBC DEBUG STEP ---
num_envs: 1
navigate_cmd (vel_x, vel_y, yaw): [ 0.         -0.00083345  0.00625   ]
base_height_cmd (height): [0.7494141]
torso_orientation_rpy_cmd: [0. 0. 0.]
wbc_obs q (first 5): [-2.97403932e-01 -1.45586644e-04 -3.28649883e-04  7.25615799e-01
 -4.28212255e-01]
wbc_action q (first 5): [-0.25909719  0.0181128  -0.00550136  0.70252621  0.11220919]
arm joint targets: {'left_shoulder_roll_joint': -0.11172468960285187, 'right_shoulder_roll_joint': 0.0, 'left_elbow_joint': 0.0, 'right_elbow_joint': 0.0}

--- WBC DEBUG STEP ---
num_envs: 1
navigate_cmd (vel_x, vel_y, yaw): [ 0.         -0.00180844  0.00917969]
base_height_cmd (height): [0.75]
torso_orientation_rpy_cmd: [0. 0. 0.]
wbc_obs q (first 5): [-2.97404349e-01 -1.45491606e-04 -3.28457827e-04  7.25616276e-01
 -4.28212166e-01]
wbc_action q (first 5): [-0.25919044  0.01821159 -0.00564669  0.70193076  0.11214523]
arm joint targets: {'left_shoulder_roll_joint': -0.10955033451318741, 'right_shoulder_roll_joint': 0.0, 'left_elbow_joint': 0.0, 'right_elbow_joint': 0.0}

--- WBC DEBUG STEP ---
num_envs: 1
navigate_cmd (vel_x, vel_y, yaw): [ 0.         -0.00194772  0.01015625]
base_height_cmd (height): [0.75]
torso_orientation_rpy_cmd: [0. 0. 0.]
wbc_obs q (first 5): [-2.97404170e-01 -1.45163271e-04 -3.28582566e-04  7.25616395e-01
 -4.28212285e-01]
wbc_action q (first 5): [-0.25901115  0.01818893 -0.00561519  0.70181119  0.11226295]
arm joint targets: {'left_shoulder_roll_joint': -0.11661698669195175, 'right_shoulder_roll_joint': 0.0, 'left_elbow_joint': 0.0, 'right_elbow_joint': 0.0}

--- WBC DEBUG STEP ---
num_envs: 1
navigate_cmd (vel_x, vel_y, yaw): [0.         0.0004201  0.01113281]
base_height_cmd (height): [0.75]
torso_orientation_rpy_cmd: [0. 0. 0.]
wbc_obs q (first 5): [-2.97404051e-01 -1.45243364e-04 -3.28752620e-04  7.25616395e-01
 -4.28212494e-01]
wbc_action q (first 5): [-0.25899479  0.01785165 -0.0054449   0.70210958  0.11218764]
arm joint targets: {'left_shoulder_roll_joint': -0.11444263160228729, 'right_shoulder_roll_joint': 0.0, 'left_elbow_joint': 0.0, 'right_elbow_joint': 0.0}

--- WBC DEBUG STEP ---
num_envs: 1
navigate_cmd (vel_x, vel_y, yaw): [ 0.        -0.0012513  0.00625  ]
base_height_cmd (height): [0.75]
torso_orientation_rpy_cmd: [0. 0. 0.]
wbc_obs q (first 5): [-2.97403485e-01 -1.45147744e-04 -3.28002090e-04  7.25614727e-01
 -4.28211272e-01]
wbc_action q (first 5): [-0.25891295  0.01836266 -0.00525867  0.70210642  0.11196031]
arm joint targets: {'left_shoulder_roll_joint': -0.12096569687128067, 'right_shoulder_roll_joint': 0.0, 'left_elbow_joint': 0.0, 'right_elbow_joint': 0.0}

--- WBC DEBUG STEP ---
num_envs: 1
navigate_cmd (vel_x, vel_y, yaw): [ 0.         -0.00146023  0.00820313]
base_height_cmd (height): [0.75]
torso_orientation_rpy_cmd: [0. 0. 0.]
wbc_obs q (first 5): [-2.97404289e-01 -1.45364058e-04 -3.28328286e-04  7.25616157e-01
 -4.28212047e-01]
wbc_action q (first 5): [-0.25879249  0.018286   -0.00544874  0.70209157  0.11192606]
arm joint targets: {'left_shoulder_roll_joint': -0.11552980542182922, 'right_shoulder_roll_joint': 0.0, 'left_elbow_joint': 0.0, 'right_elbow_joint': 0.0}

--- WBC DEBUG STEP ---
num_envs: 1
navigate_cmd (vel_x, vel_y, yaw): [ 0.         -0.00013703  0.00722656]
base_height_cmd (height): [0.75]
torso_orientation_rpy_cmd: [0. 0. 0.]
wbc_obs q (first 5): [-2.97404021e-01 -1.45627331e-04 -3.28744762e-04  7.25615919e-01
 -4.28212404e-01]
wbc_action q (first 5): [-0.25873312  0.018087   -0.00532251  0.70218325  0.11237688]
arm joint targets: {'left_shoulder_roll_joint': -0.11661698669195175, 'right_shoulder_roll_joint': 0.0, 'left_elbow_joint': 0.0, 'right_elbow_joint': 0.0}

--- WBC DEBUG STEP ---
num_envs: 1
navigate_cmd (vel_x, vel_y, yaw): [ 0.        -0.0004156  0.00625  ]
base_height_cmd (height): [0.74970704]
torso_orientation_rpy_cmd: [0. 0. 0.]
wbc_obs q (first 5): [-2.97404170e-01 -1.45097059e-04 -3.28183465e-04  7.25616455e-01
 -4.28212404e-01]
wbc_action q (first 5): [-0.25869557  0.01817072 -0.00519647  0.70261604  0.11259402]
arm joint targets: {'left_shoulder_roll_joint': -0.11444263160228729, 'right_shoulder_roll_joint': 0.0, 'left_elbow_joint': 0.0, 'right_elbow_joint': 0.0}

--- WBC DEBUG STEP ---
num_envs: 1
navigate_cmd (vel_x, vel_y, yaw): [ 0.         -0.00083345  0.00820313]
base_height_cmd (height): [0.7494141]
torso_orientation_rpy_cmd: [0. 0. 0.]
wbc_obs q (first 5): [-2.97404140e-01 -1.45118262e-04 -3.27815564e-04  7.25616038e-01
 -4.28211719e-01]
wbc_action q (first 5): [-0.25873131  0.01819062 -0.00523873  0.70303613  0.11280234]
arm joint targets: {'left_shoulder_roll_joint': -0.11009392142295837, 'right_shoulder_roll_joint': 0.0, 'left_elbow_joint': 0.0, 'right_elbow_joint': 0.0}

--- WBC DEBUG STEP ---
num_envs: 1
navigate_cmd (vel_x, vel_y, yaw): [ 0.         -0.00055488  0.00820313]
base_height_cmd (height): [0.75]
torso_orientation_rpy_cmd: [0. 0. 0.]
wbc_obs q (first 5): [-2.97403842e-01 -1.45100028e-04 -3.28590453e-04  7.25615144e-01
 -4.28211868e-01]
wbc_action q (first 5): [-0.25856644  0.01814209 -0.00521582  0.70263875  0.11371361]
arm joint targets: {'left_shoulder_roll_joint': -0.11335545033216476, 'right_shoulder_roll_joint': 0.0, 'left_elbow_joint': 0.0, 'right_elbow_joint': 0.0}

--- WBC DEBUG STEP ---
num_envs: 1
navigate_cmd (vel_x, vel_y, yaw): [ 0.         -0.00097274  0.01015625]
base_height_cmd (height): [0.74970704]
torso_orientation_rpy_cmd: [0. 0. 0.]
wbc_obs q (first 5): [-2.97403127e-01 -1.45174650e-04 -3.28158319e-04  7.25614190e-01
 -4.28211331e-01]
wbc_action q (first 5): [-0.25836775  0.01808618 -0.00534533  0.70292044  0.11414073]
arm joint targets: {'left_shoulder_roll_joint': -0.11009392142295837, 'right_shoulder_roll_joint': 0.0, 'left_elbow_joint': 0.0, 'right_elbow_joint': 0.0}

--- WBC DEBUG STEP ---
num_envs: 1
navigate_cmd (vel_x, vel_y, yaw): [ 0.         -0.00132094  0.00820313]
base_height_cmd (height): [0.7488281]
torso_orientation_rpy_cmd: [0. 0. 0.]
wbc_obs q (first 5): [-2.97403157e-01 -1.45153375e-04 -3.28092545e-04  7.25614607e-01
 -4.28211421e-01]
wbc_action q (first 5): [-0.25854522  0.0181351  -0.00534449  0.70386535  0.11414219]
arm joint targets: {'left_shoulder_roll_joint': -0.1220528706908226, 'right_shoulder_roll_joint': 0.0, 'left_elbow_joint': 0.0, 'right_elbow_joint': 0.0}

--- WBC DEBUG STEP ---
num_envs: 1
navigate_cmd (vel_x, vel_y, yaw): [ 0.         -0.00139059  0.00917969]
base_height_cmd (height): [0.75]
torso_orientation_rpy_cmd: [0. 0. 0.]
wbc_obs q (first 5): [-2.97403961e-01 -1.45201135e-04 -3.27994960e-04  7.25615561e-01
 -4.28211898e-01]
wbc_action q (first 5): [-0.25835517  0.01818957 -0.00544184  0.70300305  0.11467393]
arm joint targets: {'left_shoulder_roll_joint': -0.12640157341957092, 'right_shoulder_roll_joint': 0.0, 'left_elbow_joint': 0.0, 'right_elbow_joint': 0.0}

--- WBC DEBUG STEP ---
num_envs: 1
navigate_cmd (vel_x, vel_y, yaw): [ 0.         -0.00132094  0.00625   ]
base_height_cmd (height): [0.74853516]
torso_orientation_rpy_cmd: [0. 0. 0.]
wbc_obs q (first 5): [-2.97403425e-01 -1.45672588e-04 -3.28921771e-04  7.25614667e-01
 -4.28211689e-01]
wbc_action q (first 5): [-0.25856856  0.01820818 -0.00535107  0.70439953  0.11409713]
arm joint targets: {'left_shoulder_roll_joint': -0.11716057360172272, 'right_shoulder_roll_joint': 0.0, 'left_elbow_joint': 0.0, 'right_elbow_joint': 0.0}

--- WBC DEBUG STEP ---
num_envs: 1
navigate_cmd (vel_x, vel_y, yaw): [ 0.         -0.00236557  0.00234375]
base_height_cmd (height): [0.74912107]
torso_orientation_rpy_cmd: [0. 0. 0.]
wbc_obs q (first 5): [-2.97403753e-01 -1.45082784e-04 -3.28284194e-04  7.25615144e-01
 -4.28211689e-01]
wbc_action q (first 5): [-0.25858328  0.01865223 -0.00512925  0.70415062  0.11462907]
arm joint targets: {'left_shoulder_roll_joint': -0.11498621851205826, 'right_shoulder_roll_joint': 0.0, 'left_elbow_joint': 0.0, 'right_elbow_joint': 0.0}

--- WBC DEBUG STEP ---
num_envs: 1
navigate_cmd (vel_x, vel_y, yaw): [ 0.         -0.002087    0.00722656]
base_height_cmd (height): [0.75]
torso_orientation_rpy_cmd: [0. 0. 0.]
wbc_obs q (first 5): [-2.97404081e-01 -1.45315367e-04 -3.28401249e-04  7.25616157e-01
 -4.28212285e-01]
wbc_action q (first 5): [-0.2582902   0.01838804 -0.00529983  0.70326614  0.11589102]
arm joint targets: {'left_shoulder_roll_joint': -0.1128118634223938, 'right_shoulder_roll_joint': 0.0, 'left_elbow_joint': 0.0, 'right_elbow_joint': 0.0}

--- WBC DEBUG STEP ---
num_envs: 1
navigate_cmd (vel_x, vel_y, yaw): [ 0.         -0.00139059  0.00625   ]
base_height_cmd (height): [0.74912107]
torso_orientation_rpy_cmd: [0. 0. 0.]
wbc_obs q (first 5): [-2.97404021e-01 -1.45346232e-04 -3.28281370e-04  7.25615680e-01
 -4.28212374e-01]
wbc_action q (first 5): [-0.25821081  0.018181   -0.0051843   0.70409179  0.11617281]
arm joint targets: {'left_shoulder_roll_joint': -0.12042210251092911, 'right_shoulder_roll_joint': 0.0, 'left_elbow_joint': 0.0, 'right_elbow_joint': 0.0}

--- WBC DEBUG STEP ---
num_envs: 1
navigate_cmd (vel_x, vel_y, yaw): [ 0.         -0.00132094  0.00625   ]
base_height_cmd (height): [0.74912107]
torso_orientation_rpy_cmd: [0. 0. 0.]
wbc_obs q (first 5): [-2.97403693e-01 -1.45188795e-04 -3.28327093e-04  7.25614727e-01
 -4.28211302e-01]
wbc_action q (first 5): [-0.25838029  0.01819859 -0.00508592  0.70437932  0.11586632]
arm joint targets: {'left_shoulder_roll_joint': -0.11933492869138718, 'right_shoulder_roll_joint': 0.0, 'left_elbow_joint': 0.0, 'right_elbow_joint': 0.0}

--- WBC DEBUG STEP ---
num_envs: 1
navigate_cmd (vel_x, vel_y, yaw): [ 0.         -0.00236557  0.00429688]
base_height_cmd (height): [0.74853516]
torso_orientation_rpy_cmd: [0. 0. 0.]
wbc_obs q (first 5): [-2.97403455e-01 -1.45317448e-04 -3.27981339e-04  7.25614965e-01
 -4.28211480e-01]
wbc_action q (first 5): [-0.25859097  0.01844383 -0.0051055   0.70493269  0.11538808]
arm joint targets: {'left_shoulder_roll_joint': -0.11987851560115814, 'right_shoulder_roll_joint': 0.0, 'left_elbow_joint': 0.0, 'right_elbow_joint': 0.0}

--- WBC DEBUG STEP ---
num_envs: 1
navigate_cmd (vel_x, vel_y, yaw): [0.        0.0004201 0.00625  ]
base_height_cmd (height): [0.7488281]
torso_orientation_rpy_cmd: [0. 0. 0.]
wbc_obs q (first 5): [-2.97403544e-01 -1.45119440e-04 -3.27675574e-04  7.25615382e-01
 -4.28211540e-01]
wbc_action q (first 5): [-0.2588481   0.018029   -0.00499861  0.70496142  0.11535592]
arm joint targets: {'left_shoulder_roll_joint': -0.11335545033216476, 'right_shoulder_roll_joint': 0.0, 'left_elbow_joint': 0.0, 'right_elbow_joint': 0.0}

--- WBC DEBUG STEP ---
num_envs: 1
navigate_cmd (vel_x, vel_y, yaw): [ 0.        -0.0012513  0.00625  ]
base_height_cmd (height): [0.74794924]
torso_orientation_rpy_cmd: [0. 0. 0.]
wbc_obs q (first 5): [-2.97403634e-01 -1.45155922e-04 -3.27924470e-04  7.25615263e-01
 -4.28211629e-01]
wbc_action q (first 5): [-0.25922146  0.0181778  -0.00509193  0.70562017  0.11496352]
arm joint targets: {'left_shoulder_roll_joint': -0.11389904469251633, 'right_shoulder_roll_joint': 0.0, 'left_elbow_joint': 0.0, 'right_elbow_joint': 0.0}

--- WBC DEBUG STEP ---
num_envs: 1
navigate_cmd (vel_x, vel_y, yaw): [ 0.          0.00306649 -0.0015625 ]
base_height_cmd (height): [0.7482422]
torso_orientation_rpy_cmd: [0. 0. 0.]
wbc_obs q (first 5): [-2.97403574e-01 -1.44821955e-04 -3.27368587e-04  7.25614965e-01
 -4.28212374e-01]
wbc_action q (first 5): [-0.25932896  0.01799552 -0.00437557  0.70593452  0.11472391]
arm joint targets: {'left_shoulder_roll_joint': -0.04703764244914055, 'right_shoulder_roll_joint': 0.0, 'left_elbow_joint': 0.0, 'right_elbow_joint': 0.0}

--- WBC DEBUG STEP ---
num_envs: 1
navigate_cmd (vel_x, vel_y, yaw): [0.         0.00487718 0.00527344]
base_height_cmd (height): [0.74853516]
torso_orientation_rpy_cmd: [0. 0. 0.]
wbc_obs q (first 5): [-2.97403246e-01 -1.44092541e-04 -3.26245354e-04  7.25614488e-01
 -4.28211510e-01]
wbc_action q (first 5): [-0.25948372  0.01811072 -0.00365412  0.70597839  0.11706658]
arm joint targets: {'left_shoulder_roll_joint': -0.04921199753880501, 'right_shoulder_roll_joint': 0.0, 'left_elbow_joint': 0.0, 'right_elbow_joint': 0.0}

--- WBC DEBUG STEP ---
num_envs: 1
navigate_cmd (vel_x, vel_y, yaw): [ 0.          0.00299685 -0.00253906]
base_height_cmd (height): [0.74853516]
torso_orientation_rpy_cmd: [0. 0. 0.]
wbc_obs q (first 5): [-2.97403485e-01 -1.44538120e-04 -3.26632144e-04  7.25615382e-01
 -4.28212285e-01]
wbc_action q (first 5): [-0.25897267  0.0190687  -0.00304545  0.70622003  0.11706083]
arm joint targets: {'left_shoulder_roll_joint': -0.057909414172172546, 'right_shoulder_roll_joint': 0.0, 'left_elbow_joint': 0.0, 'right_elbow_joint': 0.0}

--- WBC DEBUG STEP ---
num_envs: 1
navigate_cmd (vel_x, vel_y, yaw): [0.         0.00223079 0.00625   ]
base_height_cmd (height): [0.75]
torso_orientation_rpy_cmd: [0. 0. 0.]
wbc_obs q (first 5): [-2.97402978e-01 -1.43631594e-04 -3.24336666e-04  7.25614429e-01
 -4.28211272e-01]
wbc_action q (first 5): [-0.25865763  0.01903827 -0.00377145  0.70441496  0.11644228]
arm joint targets: {'left_shoulder_roll_joint': -0.04268893226981163, 'right_shoulder_roll_joint': 0.0, 'left_elbow_joint': 0.0, 'right_elbow_joint': 0.0}

--- WBC DEBUG STEP ---
num_envs: 1
navigate_cmd (vel_x, vel_y, yaw): [0.         0.00188258 0.00136719]
base_height_cmd (height): [0.7488281]
torso_orientation_rpy_cmd: [0. 0. 0.]
wbc_obs q (first 5): [-2.97404140e-01 -1.43647791e-04 -3.24782624e-04  7.25616634e-01
 -4.28212881e-01]
wbc_action q (first 5): [-0.25844643  0.01925836 -0.00394032  0.7048465   0.11533658]
arm joint targets: {'left_shoulder_roll_joint': -0.03507869318127632, 'right_shoulder_roll_joint': 0.0, 'left_elbow_joint': 0.0, 'right_elbow_joint': 0.0}

--- WBC DEBUG STEP ---
num_envs: 1
navigate_cmd (vel_x, vel_y, yaw): [0.         0.00320577 0.00234375]
base_height_cmd (height): [0.74853516]
torso_orientation_rpy_cmd: [0. 0. 0.]
wbc_obs q (first 5): [-2.97403932e-01 -1.43978992e-04 -3.25363420e-04  7.25615859e-01
 -4.28212196e-01]
wbc_action q (first 5): [-0.25860837  0.01909627 -0.00412996  0.70495987  0.11458676]
arm joint targets: {'left_shoulder_roll_joint': -0.03399151563644409, 'right_shoulder_roll_joint': 0.0, 'left_elbow_joint': 0.0, 'right_elbow_joint': 0.0}

--- WBC DEBUG STEP ---
num_envs: 1
navigate_cmd (vel_x, vel_y, yaw): [0.         0.00139509 0.00332031]
base_height_cmd (height): [0.74912107]
torso_orientation_rpy_cmd: [0. 0. 0.]
wbc_obs q (first 5): [-2.97403991e-01 -1.43465382e-04 -3.24974622e-04  7.25616872e-01
 -4.28212613e-01]
wbc_action q (first 5): [-0.25834721  0.01927572 -0.00465883  0.70391512  0.11439829]
arm joint targets: {'left_shoulder_roll_joint': -0.03181716054677963, 'right_shoulder_roll_joint': 0.0, 'left_elbow_joint': 0.0, 'right_elbow_joint': 0.0}

--- WBC DEBUG STEP ---
num_envs: 1
navigate_cmd (vel_x, vel_y, yaw): [0.         0.00292721 0.00429688]
base_height_cmd (height): [0.7488281]
torso_orientation_rpy_cmd: [0. 0. 0.]
wbc_obs q (first 5): [-2.97404379e-01 -1.43999903e-04 -3.25559056e-04  7.25616574e-01
 -4.28212792e-01]
wbc_action q (first 5): [-0.25826681  0.01879191 -0.0046374   0.70405495  0.11410047]
arm joint targets: {'left_shoulder_roll_joint': -0.030729984864592552, 'right_shoulder_roll_joint': 0.0, 'left_elbow_joint': 0.0, 'right_elbow_joint': 0.0}

--- WBC DEBUG STEP ---
num_envs: 1
navigate_cmd (vel_x, vel_y, yaw): [0.         0.00083795 0.00234375]
base_height_cmd (height): [0.74970704]
torso_orientation_rpy_cmd: [0. 0. 0.]
wbc_obs q (first 5): [-2.97403932e-01 -1.43590660e-04 -3.24779772e-04  7.25615799e-01
 -4.28212434e-01]
wbc_action q (first 5): [-0.25787741  0.01900291 -0.00492849  0.70293421  0.11446492]
arm joint targets: {'left_shoulder_roll_joint': -0.04486328735947609, 'right_shoulder_roll_joint': 0.0, 'left_elbow_joint': 0.0, 'right_elbow_joint': 0.0}

--- WBC DEBUG STEP ---
num_envs: 1
navigate_cmd (vel_x, vel_y, yaw): [0.         0.00097724 0.00429688]
base_height_cmd (height): [0.74912107]
torso_orientation_rpy_cmd: [0. 0. 0.]
wbc_obs q (first 5): [-2.97403932e-01 -1.44318008e-04 -3.25720059e-04  7.25615799e-01
 -4.28212106e-01]
wbc_action q (first 5): [-0.25790322  0.01865759 -0.00532228  0.70323771  0.11411442]
arm joint targets: {'left_shoulder_roll_joint': -0.025294099003076553, 'right_shoulder_roll_joint': 0.0, 'left_elbow_joint': 0.0, 'right_elbow_joint': 0.0}

--- WBC DEBUG STEP ---
num_envs: 1
navigate_cmd (vel_x, vel_y, yaw): [ 0.          0.0004201  -0.00058594]
base_height_cmd (height): [0.7476562]
torso_orientation_rpy_cmd: [0. 0. 0.]
wbc_obs q (first 5): [-2.97403574e-01 -1.44394828e-04 -3.25634843e-04  7.25615859e-01
 -4.28211957e-01]
wbc_action q (first 5): [-0.25826153  0.01874226 -0.00522483  0.70461845  0.11387323]
arm joint targets: {'left_shoulder_roll_joint': -0.029642807319760323, 'right_shoulder_roll_joint': 0.0, 'left_elbow_joint': 0.0, 'right_elbow_joint': 0.0}

--- WBC DEBUG STEP ---
num_envs: 1
navigate_cmd (vel_x, vel_y, yaw): [0.         0.00195222 0.00234375]
base_height_cmd (height): [0.7482422]
torso_orientation_rpy_cmd: [0. 0. 0.]
wbc_obs q (first 5): [-2.97403604e-01 -1.44033533e-04 -3.25245463e-04  7.25615799e-01
 -4.28212434e-01]
wbc_action q (first 5): [-0.25863552  0.01822923 -0.00532776  0.70443356  0.114197  ]
arm joint targets: {'left_shoulder_roll_joint': -0.024206921458244324, 'right_shoulder_roll_joint': 0.0, 'left_elbow_joint': 0.0, 'right_elbow_joint': 0.0}

--- WBC DEBUG STEP ---
num_envs: 1
navigate_cmd (vel_x, vel_y, yaw): [0.         0.00090759 0.00332031]
base_height_cmd (height): [0.74853516]
torso_orientation_rpy_cmd: [0. 0. 0.]
wbc_obs q (first 5): [-2.97403038e-01 -1.44278441e-04 -3.25685716e-04  7.25614607e-01
 -4.28211600e-01]
wbc_action q (first 5): [-0.25860852  0.01825736 -0.00545899  0.70402396  0.11478968]
arm joint targets: {'left_shoulder_roll_joint': -0.03290433809161186, 'right_shoulder_roll_joint': 0.0, 'left_elbow_joint': 0.0, 'right_elbow_joint': 0.0}

--- WBC DEBUG STEP ---
num_envs: 1
navigate_cmd (vel_x, vel_y, yaw): [0.         0.0004201  0.00039063]
base_height_cmd (height): [0.7476562]
torso_orientation_rpy_cmd: [0. 0. 0.]
wbc_obs q (first 5): [-2.97403872e-01 -1.44380363e-04 -3.25452304e-04  7.25615501e-01
 -4.28211778e-01]
wbc_action q (first 5): [-0.25885361  0.0182638  -0.00547218  0.70482552  0.11433356]
arm joint targets: {'left_shoulder_roll_joint': -0.029642807319760323, 'right_shoulder_roll_joint': 0.0, 'left_elbow_joint': 0.0, 'right_elbow_joint': 0.0}

--- WBC DEBUG STEP ---
num_envs: 1
navigate_cmd (vel_x, vel_y, yaw): [ 0.         -0.00055488 -0.00058594]
base_height_cmd (height): [0.7470703]
torso_orientation_rpy_cmd: [0. 0. 0.]
wbc_obs q (first 5): [-2.97403187e-01 -1.43816724e-04 -3.25095170e-04  7.25614846e-01
 -4.28211600e-01]
wbc_action q (first 5): [-0.25920293  0.01851568 -0.00546531  0.70559514  0.11394064]
arm joint targets: {'left_shoulder_roll_joint': -0.03507869318127632, 'right_shoulder_roll_joint': 0.0, 'left_elbow_joint': 0.0, 'right_elbow_joint': 0.0}

--- WBC DEBUG STEP ---
num_envs: 1
navigate_cmd (vel_x, vel_y, yaw): [ 0.          0.00035046 -0.0015625 ]
base_height_cmd (height): [0.7482422]
torso_orientation_rpy_cmd: [0. 0. 0.]
wbc_obs q (first 5): [-2.97403544e-01 -1.43561076e-04 -3.24546068e-04  7.25615382e-01
 -4.28212255e-01]
wbc_action q (first 5): [-0.25918171  0.01855632 -0.00544218  0.70475006  0.11440556]
arm joint targets: {'left_shoulder_roll_joint': -0.019858213141560555, 'right_shoulder_roll_joint': 0.0, 'left_elbow_joint': 0.0, 'right_elbow_joint': 0.0}

--- WBC DEBUG STEP ---
num_envs: 1
navigate_cmd (vel_x, vel_y, yaw): [0.         0.00028082 0.00234375]
base_height_cmd (height): [0.7464844]
torso_orientation_rpy_cmd: [0. 0. 0.]
wbc_obs q (first 5): [-2.97404349e-01 -1.43758036e-04 -3.25494038e-04  7.25616276e-01
 -4.28212404e-01]
wbc_action q (first 5): [-0.25978616  0.01824173 -0.00560179  0.70610487  0.11399479]
arm joint targets: {'left_shoulder_roll_joint': -0.03399151563644409, 'right_shoulder_roll_joint': 0.0, 'left_elbow_joint': 0.0, 'right_elbow_joint': 0.0}

--- WBC DEBUG STEP ---
num_envs: 1
navigate_cmd (vel_x, vel_y, yaw): [0.         0.00069867 0.00136719]
base_height_cmd (height): [0.7470703]
torso_orientation_rpy_cmd: [0. 0. 0.]
wbc_obs q (first 5): [-2.97403425e-01 -1.43193334e-04 -3.24321940e-04  7.25614846e-01
 -4.28211629e-01]
wbc_action q (first 5): [-0.26018929  0.01833535 -0.00548613  0.70592439  0.1135435 ]
arm joint targets: {'left_shoulder_roll_joint': -0.03725304827094078, 'right_shoulder_roll_joint': 0.0, 'left_elbow_joint': 0.0, 'right_elbow_joint': 0.0}

--- WBC DEBUG STEP ---
num_envs: 1
navigate_cmd (vel_x, vel_y, yaw): [0.         0.00055939 0.00039063]
base_height_cmd (height): [0.74736327]
torso_orientation_rpy_cmd: [0. 0. 0.]
wbc_obs q (first 5): [-2.97402710e-01 -1.43637866e-04 -3.24670691e-04  7.25613594e-01
 -4.28210974e-01]
wbc_action q (first 5): [-0.26021159  0.0186579  -0.00516959  0.70574212  0.11270566]
arm joint targets: {'left_shoulder_roll_joint': -0.04051458090543747, 'right_shoulder_roll_joint': 0.0, 'left_elbow_joint': 0.0, 'right_elbow_joint': 0.0}

--- WBC DEBUG STEP ---
num_envs: 1
navigate_cmd (vel_x, vel_y, yaw): [0.         0.00097724 0.00234375]
base_height_cmd (height): [0.74677736]
torso_orientation_rpy_cmd: [0. 0. 0.]
wbc_obs q (first 5): [-2.97404349e-01 -1.43869038e-04 -3.25360132e-04  7.25617111e-01
 -4.28213000e-01]
wbc_action q (first 5): [-0.26066154  0.01850968 -0.00532152  0.70611215  0.11144163]
arm joint targets: {'left_shoulder_roll_joint': -0.04486328735947609, 'right_shoulder_roll_joint': 0.0, 'left_elbow_joint': 0.0, 'right_elbow_joint': 0.0}

--- WBC DEBUG STEP ---
num_envs: 1
navigate_cmd (vel_x, vel_y, yaw): [ 0.         -0.00069417  0.00234375]
base_height_cmd (height): [0.7470703]
torso_orientation_rpy_cmd: [0. 0. 0.]
wbc_obs q (first 5): [-2.97404647e-01 -1.43619647e-04 -3.24624270e-04  7.25617290e-01
 -4.28212732e-01]
wbc_action q (first 5): [-0.26089665  0.01896953 -0.0052989   0.70579588  0.11048536]
arm joint targets: {'left_shoulder_roll_joint': -0.04486328735947609, 'right_shoulder_roll_joint': 0.0, 'left_elbow_joint': 0.0, 'right_elbow_joint': 0.0}

--- WBC DEBUG STEP ---
num_envs: 1
navigate_cmd (vel_x, vel_y, yaw): [0.         0.00014153 0.00332031]
base_height_cmd (height): [0.7470703]
torso_orientation_rpy_cmd: [0. 0. 0.]
wbc_obs q (first 5): [-2.97403455e-01 -1.43930374e-04 -3.24829220e-04  7.25615323e-01
 -4.28211898e-01]
wbc_action q (first 5): [-0.26104209  0.01874469 -0.00535648  0.70558321  0.1096582 ]
arm joint targets: {'left_shoulder_roll_joint': -0.04703764244914055, 'right_shoulder_roll_joint': 0.0, 'left_elbow_joint': 0.0, 'right_elbow_joint': 0.0}

--- WBC DEBUG STEP ---
num_envs: 1
navigate_cmd (vel_x, vel_y, yaw): [0.0000000e+00 2.2504828e-06 2.3437501e-03]
base_height_cmd (height): [0.74794924]
torso_orientation_rpy_cmd: [0. 0. 0.]
wbc_obs q (first 5): [-2.97403455e-01 -1.43217709e-04 -3.24144552e-04  7.25615084e-01
 -4.28211957e-01]
wbc_action q (first 5): [-0.26090652  0.01877832 -0.00529594  0.70466423  0.10945757]
arm joint targets: {'left_shoulder_roll_joint': -0.04921199753880501, 'right_shoulder_roll_joint': 0.0, 'left_elbow_joint': 0.0, 'right_elbow_joint': 0.0}

--- WBC DEBUG STEP ---
num_envs: 1
navigate_cmd (vel_x, vel_y, yaw): [ 0.          0.0004201  -0.00058594]
base_height_cmd (height): [0.7464844]
torso_orientation_rpy_cmd: [0. 0. 0.]
wbc_obs q (first 5): [-2.97403902e-01 -1.43660669e-04 -3.24424997e-04  7.25615680e-01
 -4.28211600e-01]
wbc_action q (first 5): [-0.2611624   0.01871931 -0.00508973  0.7058928   0.10806395]
arm joint targets: {'left_shoulder_roll_joint': -0.062258124351501465, 'right_shoulder_roll_joint': 0.0, 'left_elbow_joint': 0.0, 'right_elbow_joint': 0.0}

--- WBC DEBUG STEP ---
num_envs: 1
navigate_cmd (vel_x, vel_y, yaw): [0.         0.00014153 0.00234375]
base_height_cmd (height): [0.7458984]
torso_orientation_rpy_cmd: [0. 0. 0.]
wbc_obs q (first 5): [-2.97403604e-01 -1.43549332e-04 -3.24442371e-04  7.25614905e-01
 -4.28211182e-01]
wbc_action q (first 5): [-0.26185104  0.01867335 -0.00526477  0.70661962  0.10628687]
arm joint targets: {'left_shoulder_roll_joint': -0.0524735301733017, 'right_shoulder_roll_joint': 0.0, 'left_elbow_joint': 0.0, 'right_elbow_joint': 0.0}

--- WBC DEBUG STEP ---
num_envs: 1
navigate_cmd (vel_x, vel_y, yaw): [0.         0.0004201  0.00234375]
base_height_cmd (height): [0.7470703]
torso_orientation_rpy_cmd: [0. 0. 0.]
wbc_obs q (first 5): [-2.97403932e-01 -1.43655168e-04 -3.24504974e-04  7.25616217e-01
 -4.28211898e-01]
wbc_action q (first 5): [-0.26193941  0.01880192 -0.00512073  0.70558131  0.1062008 ]
arm joint targets: {'left_shoulder_roll_joint': -0.062258124351501465, 'right_shoulder_roll_joint': 0.0, 'left_elbow_joint': 0.0, 'right_elbow_joint': 0.0}

--- WBC DEBUG STEP ---
num_envs: 1
navigate_cmd (vel_x, vel_y, yaw): [0.         0.00069867 0.00625   ]
base_height_cmd (height): [0.74560547]
torso_orientation_rpy_cmd: [0. 0. 0.]
wbc_obs q (first 5): [-2.97403306e-01 -1.43998797e-04 -3.24715918e-04  7.25614309e-01
 -4.28211242e-01]
wbc_action q (first 5): [-0.26248255  0.01843918 -0.0053866   0.70663518  0.10494511]
arm joint targets: {'left_shoulder_roll_joint': -0.0709555447101593, 'right_shoulder_roll_joint': 0.0, 'left_elbow_joint': 0.0, 'right_elbow_joint': 0.0}

--- WBC DEBUG STEP ---
num_envs: 1
navigate_cmd (vel_x, vel_y, yaw): [0.         0.0004201  0.00234375]
base_height_cmd (height): [0.7476562]
torso_orientation_rpy_cmd: [0. 0. 0.]
wbc_obs q (first 5): [-2.97403634e-01 -1.43505531e-04 -3.24097840e-04  7.25615680e-01
 -4.28211927e-01]
wbc_action q (first 5): [-0.26215464  0.01885889 -0.00516589  0.70496291  0.10509856]
arm joint targets: {'left_shoulder_roll_joint': -0.06878118962049484, 'right_shoulder_roll_joint': 0.0, 'left_elbow_joint': 0.0, 'right_elbow_joint': 0.0}

--- WBC DEBUG STEP ---
num_envs: 1
navigate_cmd (vel_x, vel_y, yaw): [ 0.         -0.00027632 -0.0015625 ]
base_height_cmd (height): [0.7453125]
torso_orientation_rpy_cmd: [0. 0. 0.]
wbc_obs q (first 5): [-2.97403485e-01 -1.43381170e-04 -3.24199122e-04  7.25615144e-01
 -4.28211510e-01]
wbc_action q (first 5): [-0.26243675  0.01900634 -0.00496724  0.70691061  0.1036707 ]
arm joint targets: {'left_shoulder_roll_joint': -0.060083769261837006, 'right_shoulder_roll_joint': 0.0, 'left_elbow_joint': 0.0, 'right_elbow_joint': 0.0}

--- WBC DEBUG STEP ---
num_envs: 1
navigate_cmd (vel_x, vel_y, yaw): [ 0.         -0.00139059  0.00332031]
base_height_cmd (height): [0.74560547]
torso_orientation_rpy_cmd: [0. 0. 0.]
wbc_obs q (first 5): [-2.97403544e-01 -1.43305966e-04 -3.24134337e-04  7.25615203e-01
 -4.28211927e-01]
wbc_action q (first 5): [-0.26297539  0.01903071 -0.0051741   0.70685661  0.10350175]
arm joint targets: {'left_shoulder_roll_joint': -0.06878118962049484, 'right_shoulder_roll_joint': 0.0, 'left_elbow_joint': 0.0, 'right_elbow_joint': 0.0}

--- WBC DEBUG STEP ---
num_envs: 1
navigate_cmd (vel_x, vel_y, yaw): [ 0.         -0.00055488  0.00429688]
base_height_cmd (height): [0.74472654]
torso_orientation_rpy_cmd: [0. 0. 0.]
wbc_obs q (first 5): [-2.97403604e-01 -1.43391750e-04 -3.24090186e-04  7.25615382e-01
 -4.28211480e-01]
wbc_action q (first 5): [-0.26343507  0.01883879 -0.00513795  0.70785952  0.10287575]
arm joint targets: {'left_shoulder_roll_joint': -0.07965295761823654, 'right_shoulder_roll_joint': 0.0, 'left_elbow_joint': 0.0, 'right_elbow_joint': 0.0}

--- WBC DEBUG STEP ---
num_envs: 1
navigate_cmd (vel_x, vel_y, yaw): [ 0.         -0.00027632  0.00429688]
base_height_cmd (height): [0.74472654]
torso_orientation_rpy_cmd: [0. 0. 0.]
wbc_obs q (first 5): [-2.97403336e-01 -1.43526457e-04 -3.24132125e-04  7.25614607e-01
 -4.28211153e-01]
wbc_action q (first 5): [-0.26396012  0.01882798 -0.00516622  0.70810449  0.10203673]
arm joint targets: {'left_shoulder_roll_joint': -0.06986836344003677, 'right_shoulder_roll_joint': 0.0, 'left_elbow_joint': 0.0, 'right_elbow_joint': 0.0}

--- WBC DEBUG STEP ---
num_envs: 1
navigate_cmd (vel_x, vel_y, yaw): [0.0000000e+00 2.2504828e-06 2.3437501e-03]
base_height_cmd (height): [0.7458984]
torso_orientation_rpy_cmd: [0. 0. 0.]
wbc_obs q (first 5): [-2.97404349e-01 -1.43346013e-04 -3.24332534e-04  7.25617409e-01
 -4.28213328e-01]
wbc_action q (first 5): [-0.26360017  0.0189579  -0.00504041  0.70693421  0.10264452]
arm joint targets: {'left_shoulder_roll_joint': -0.06986836344003677, 'right_shoulder_roll_joint': 0.0, 'left_elbow_joint': 0.0, 'right_elbow_joint': 0.0}

--- WBC DEBUG STEP ---
num_envs: 1
navigate_cmd (vel_x, vel_y, yaw): [0.         0.00083795 0.00234375]
base_height_cmd (height): [0.7470703]
torso_orientation_rpy_cmd: [0. 0. 0.]
wbc_obs q (first 5): [-2.97403663e-01 -1.43748504e-04 -3.24166729e-04  7.25615382e-01
 -4.28211927e-01]
wbc_action q (first 5): [-0.26285815  0.01896778 -0.00488193  0.70577312  0.10375635]
arm joint targets: {'left_shoulder_roll_joint': -0.0633452981710434, 'right_shoulder_roll_joint': 0.0, 'left_elbow_joint': 0.0, 'right_elbow_joint': 0.0}

--- WBC DEBUG STEP ---
num_envs: 1
navigate_cmd (vel_x, vel_y, yaw): [0.         0.00090759 0.00625   ]
base_height_cmd (height): [0.7458984]
torso_orientation_rpy_cmd: [0. 0. 0.]
wbc_obs q (first 5): [-2.97404140e-01 -1.43243204e-04 -3.23481683e-04  7.25616992e-01
 -4.28212851e-01]
wbc_action q (first 5): [-0.26286715  0.01866227 -0.0049498   0.70662278  0.10383989]
arm joint targets: {'left_shoulder_roll_joint': -0.06878118962049484, 'right_shoulder_roll_joint': 0.0, 'left_elbow_joint': 0.0, 'right_elbow_joint': 0.0}

--- WBC DEBUG STEP ---
num_envs: 1
navigate_cmd (vel_x, vel_y, yaw): [ 0.         -0.00013703  0.00234375]
base_height_cmd (height): [0.74501956]
torso_orientation_rpy_cmd: [0. 0. 0.]
wbc_obs q (first 5): [-2.97404647e-01 -1.43322075e-04 -3.24269990e-04  7.25617707e-01
 -4.28213418e-01]
wbc_action q (first 5): [-0.26312736  0.01897824 -0.00480109  0.70769441  0.10321997]
arm joint targets: {'left_shoulder_roll_joint': -0.06769400835037231, 'right_shoulder_roll_joint': 0.0, 'left_elbow_joint': 0.0, 'right_elbow_joint': 0.0}

--- WBC DEBUG STEP ---
num_envs: 1
navigate_cmd (vel_x, vel_y, yaw): [ 0.         -0.00152987  0.00234375]
base_height_cmd (height): [0.7458984]
torso_orientation_rpy_cmd: [0. 0. 0.]
wbc_obs q (first 5): [-2.97403514e-01 -1.43356563e-04 -3.23962246e-04  7.25614965e-01
 -4.28212106e-01]
wbc_action q (first 5): [-0.26306111  0.01923972 -0.00497725  0.70688617  0.10353293]
arm joint targets: {'left_shoulder_roll_joint': -0.06878118962049484, 'right_shoulder_roll_joint': 0.0, 'left_elbow_joint': 0.0, 'right_elbow_joint': 0.0}

--- WBC DEBUG STEP ---
num_envs: 1
navigate_cmd (vel_x, vel_y, yaw): [ 0.          0.00069867 -0.00253906]
base_height_cmd (height): [0.7435547]
torso_orientation_rpy_cmd: [0. 0. 0.]
wbc_obs q (first 5): [-2.97404349e-01 -1.43267767e-04 -3.23980843e-04  7.25616753e-01
 -4.28211987e-01]
wbc_action q (first 5): [-0.26355091  0.0189721  -0.00466081  0.70923388  0.10256492]
arm joint targets: {'left_shoulder_roll_joint': -0.06769400835037231, 'right_shoulder_roll_joint': 0.0, 'left_elbow_joint': 0.0, 'right_elbow_joint': 0.0}

--- WBC DEBUG STEP ---
num_envs: 1
navigate_cmd (vel_x, vel_y, yaw): [ 0.         -0.00097274  0.00234375]
base_height_cmd (height): [0.7435547]
torso_orientation_rpy_cmd: [0. 0. 0.]
wbc_obs q (first 5): [-2.97404945e-01 -1.43909740e-04 -3.25261935e-04  7.25618005e-01
 -4.28213626e-01]
wbc_action q (first 5): [-0.26428798  0.01906352 -0.00498704  0.70953482  0.1022545 ]
arm joint targets: {'left_shoulder_roll_joint': -0.06660683453083038, 'right_shoulder_roll_joint': 0.0, 'left_elbow_joint': 0.0, 'right_elbow_joint': 0.0}

--- WBC DEBUG STEP ---
num_envs: 1
navigate_cmd (vel_x, vel_y, yaw): [0.         0.00055939 0.00136719]
base_height_cmd (height): [0.7435547]
torso_orientation_rpy_cmd: [0. 0. 0.]
wbc_obs q (first 5): [-2.97404200e-01 -1.42983059e-04 -3.23344226e-04  7.25616276e-01
 -4.28212017e-01]
wbc_action q (first 5): [-0.26456457  0.01890841 -0.00483925  0.70965254  0.10206242]
arm joint targets: {'left_shoulder_roll_joint': -0.0633452981710434, 'right_shoulder_roll_joint': 0.0, 'left_elbow_joint': 0.0, 'right_elbow_joint': 0.0}

--- WBC DEBUG STEP ---
num_envs: 1
navigate_cmd (vel_x, vel_y, yaw): [0.         0.0004201  0.00136719]
base_height_cmd (height): [0.7435547]
torso_orientation_rpy_cmd: [0. 0. 0.]
wbc_obs q (first 5): [-2.97403544e-01 -1.42816469e-04 -3.21802072e-04  7.25615084e-01
 -4.28211868e-01]
wbc_action q (first 5): [-0.26472384  0.01891512 -0.00481005  0.70970464  0.10205595]
arm joint targets: {'left_shoulder_roll_joint': -0.06986836344003677, 'right_shoulder_roll_joint': 0.0, 'left_elbow_joint': 0.0, 'right_elbow_joint': 0.0}

--- WBC DEBUG STEP ---
num_envs: 1
navigate_cmd (vel_x, vel_y, yaw): [ 0.         -0.00097274  0.00429688]
base_height_cmd (height): [0.74296874]
torso_orientation_rpy_cmd: [0. 0. 0.]
wbc_obs q (first 5): [-2.97403306e-01 -1.42388482e-04 -3.20912513e-04  7.25614905e-01
 -4.28211898e-01]
wbc_action q (first 5): [-0.26506063  0.01892981 -0.00507078  0.71020651  0.10153483]
arm joint targets: {'left_shoulder_roll_joint': -0.062258124351501465, 'right_shoulder_roll_joint': 0.0, 'left_elbow_joint': 0.0, 'right_elbow_joint': 0.0}

--- WBC DEBUG STEP ---
num_envs: 1
navigate_cmd (vel_x, vel_y, yaw): [ 0.         -0.00069417  0.00039063]
base_height_cmd (height): [0.74121094]
torso_orientation_rpy_cmd: [0. 0. 0.]
wbc_obs q (first 5): [-2.97403872e-01 -1.42342338e-04 -3.21553875e-04  7.25615621e-01
 -4.28211838e-01]
wbc_action q (first 5): [-0.26572701  0.01909873 -0.00477826  0.71210921  0.10045086]
arm joint targets: {'left_shoulder_roll_joint': -0.06660683453083038, 'right_shoulder_roll_joint': 0.0, 'left_elbow_joint': 0.0, 'right_elbow_joint': 0.0}

--- WBC DEBUG STEP ---
num_envs: 1
navigate_cmd (vel_x, vel_y, yaw): [ 0.         -0.00013703 -0.0015625 ]
base_height_cmd (height): [0.74179685]
torso_orientation_rpy_cmd: [0. 0. 0.]
wbc_obs q (first 5): [-2.97404259e-01 -1.41688230e-04 -3.20788473e-04  7.25616574e-01
 -4.28212285e-01]
wbc_action q (first 5): [-0.26627433  0.01931673 -0.00453658  0.71205723  0.09983285]
arm joint targets: {'left_shoulder_roll_joint': -0.062258124351501465, 'right_shoulder_roll_joint': 0.0, 'left_elbow_joint': 0.0, 'right_elbow_joint': 0.0}

--- WBC DEBUG STEP ---
num_envs: 1
navigate_cmd (vel_x, vel_y, yaw): [ 0.         -0.00013703 -0.0015625 ]
base_height_cmd (height): [0.74121094]
torso_orientation_rpy_cmd: [0. 0. 0.]
wbc_obs q (first 5): [-2.97403723e-01 -1.49772328e-04 -3.41292092e-04  7.25616515e-01
 -4.28212881e-01]
wbc_action q (first 5): [-0.26655671  0.0193378  -0.00455991  0.71254456  0.09901153]
arm joint targets: {'left_shoulder_roll_joint': -0.060083769261837006, 'right_shoulder_roll_joint': 0.0, 'left_elbow_joint': 0.0, 'right_elbow_joint': 0.0}

--- WBC DEBUG STEP ---
num_envs: 1
navigate_cmd (vel_x, vel_y, yaw): [ 0.         -0.0004156  -0.00253906]
base_height_cmd (height): [0.7397461]
torso_orientation_rpy_cmd: [0. 0. 0.]
wbc_obs q (first 5): [-2.97405362e-01 -1.39666095e-04 -3.14118137e-04  7.25616336e-01
 -4.28211302e-01]
wbc_action q (first 5): [-0.26718104  0.01938762 -0.00449652  0.7139594   0.09771486]
arm joint targets: {'left_shoulder_roll_joint': -0.062258124351501465, 'right_shoulder_roll_joint': 0.0, 'left_elbow_joint': 0.0, 'right_elbow_joint': 0.0}

--- WBC DEBUG STEP ---
num_envs: 1
navigate_cmd (vel_x, vel_y, yaw): [ 0.         -0.002087   -0.00058594]
base_height_cmd (height): [0.73886716]
torso_orientation_rpy_cmd: [0. 0. 0.]
wbc_obs q (first 5): [-2.97496438e-01 -1.12446302e-04 -2.46826618e-04  7.25778341e-01
 -4.28136945e-01]
wbc_action q (first 5): [-0.26839238  0.01943752 -0.00503838  0.71476948  0.09623195]
arm joint targets: {'left_shoulder_roll_joint': -0.07747860252857208, 'right_shoulder_roll_joint': 0.0, 'left_elbow_joint': 0.0, 'right_elbow_joint': 0.0}

--- WBC DEBUG STEP ---
num_envs: 1
navigate_cmd (vel_x, vel_y, yaw): [ 0.          0.0012558  -0.00253906]
base_height_cmd (height): [0.74003905]
torso_orientation_rpy_cmd: [0. 0. 0.]
wbc_obs q (first 5): [-2.97837943e-01 -9.96798990e-05 -2.11646780e-04  7.26408184e-01
 -4.27844316e-01]
wbc_action q (first 5): [-0.26911819  0.01936156 -0.00475086  0.7143501   0.09458487]
arm joint targets: {'left_shoulder_roll_joint': -0.0633452981710434, 'right_shoulder_roll_joint': 0.0, 'left_elbow_joint': 0.0, 'right_elbow_joint': 0.0}

--- WBC DEBUG STEP ---
num_envs: 1
navigate_cmd (vel_x, vel_y, yaw): [ 0.         -0.00111202  0.00234375]
base_height_cmd (height): [0.7385742]
torso_orientation_rpy_cmd: [0. 0. 0.]
wbc_obs q (first 5): [-2.98135400e-01 -9.74561626e-05 -2.06639248e-04  7.26957738e-01
 -4.27589506e-01]
wbc_action q (first 5): [-0.26960543  0.01957593 -0.00471964  0.7155326   0.09271096]
arm joint targets: {'left_shoulder_roll_joint': -0.07312989979982376, 'right_shoulder_roll_joint': 0.0, 'left_elbow_joint': 0.0, 'right_elbow_joint': 0.0}

--- WBC DEBUG STEP ---
num_envs: 1
navigate_cmd (vel_x, vel_y, yaw): [ 0.0015625   0.00181294 -0.00058594]
base_height_cmd (height): [0.73652345]
torso_orientation_rpy_cmd: [0. 0. 0.]
wbc_obs q (first 5): [-2.98448890e-01 -8.70166914e-05 -1.79501454e-04  7.27534473e-01
 -4.27321494e-01]
wbc_action q (first 5): [-0.27047276  0.01949602 -0.00398301  0.71806669  0.0890203 ]
arm joint targets: {'left_shoulder_roll_joint': -0.06769400835037231, 'right_shoulder_roll_joint': 0.0, 'left_elbow_joint': 0.0, 'right_elbow_joint': 0.0}

--- WBC DEBUG STEP ---
num_envs: 1
navigate_cmd (vel_x, vel_y, yaw): [0.0015625  0.00264864 0.00722656]
base_height_cmd (height): [0.75]
torso_orientation_rpy_cmd: [0. 0. 0.]
wbc_obs q (first 5): [-2.99232215e-01 -7.28351952e-05 -1.41694632e-04  7.28976309e-01
 -4.26644444e-01]
wbc_action q (first 5): [-0.26797995  0.02003728 -0.00441104  0.70561993  0.09317373]
arm joint targets: {'left_shoulder_roll_joint': -0.04812481999397278, 'right_shoulder_roll_joint': 0.0, 'left_elbow_joint': 0.0, 'right_elbow_joint': 0.0}

--- WBC DEBUG STEP ---
num_envs: 1
navigate_cmd (vel_x, vel_y, yaw): [0.         0.00348434 0.00429688]
base_height_cmd (height): [0.75]
torso_orientation_rpy_cmd: [0. 0. 0.]
wbc_obs q (first 5): [-2.97410429e-01 -7.58835959e-05 -1.53677509e-04  7.25616992e-01
 -4.28203702e-01]
wbc_action q (first 5): [-0.26298392  0.02036283 -0.00348711  0.70365739  0.10038848]
arm joint targets: {'left_shoulder_roll_joint': -0.0524735301733017, 'right_shoulder_roll_joint': 0.0, 'left_elbow_joint': 0.0, 'right_elbow_joint': 0.0}

--- WBC DEBUG STEP ---
num_envs: 1
navigate_cmd (vel_x, vel_y, yaw): [0.         0.00237007 0.00332031]
base_height_cmd (height): [0.75]
torso_orientation_rpy_cmd: [0. 0. 0.]
wbc_obs q (first 5): [-2.97416240e-01 -7.29368548e-05 -1.40539647e-04  7.25619018e-01
 -4.28202540e-01]
wbc_action q (first 5): [-0.26096016  0.02025061 -0.00377731  0.70364267  0.10483833]
arm joint targets: {'left_shoulder_roll_joint': -0.04377610981464386, 'right_shoulder_roll_joint': 0.0, 'left_elbow_joint': 0.0, 'right_elbow_joint': 0.0}

--- WBC DEBUG STEP ---
num_envs: 1
navigate_cmd (vel_x, vel_y, yaw): [0.         0.00209151 0.00429688]
base_height_cmd (height): [0.75]
torso_orientation_rpy_cmd: [0. 0. 0.]
wbc_obs q (first 5): [-2.97415882e-01 -7.28832820e-05 -1.40137679e-04  7.25618303e-01
 -4.28202718e-01]
wbc_action q (first 5): [-0.25994721  0.0198723  -0.00403862  0.70357049  0.10793974]
arm joint targets: {'left_shoulder_roll_joint': -0.04486328735947609, 'right_shoulder_roll_joint': 0.0, 'left_elbow_joint': 0.0, 'right_elbow_joint': 0.0}

--- WBC DEBUG STEP ---
num_envs: 1
navigate_cmd (vel_x, vel_y, yaw): [0.         0.00404148 0.00332031]
base_height_cmd (height): [0.75]
torso_orientation_rpy_cmd: [0. 0. 0.]
wbc_obs q (first 5): [-2.97416836e-01 -7.29911335e-05 -1.40423814e-04  7.25620151e-01
 -4.28202957e-01]
wbc_action q (first 5): [-0.25938222  0.01929608 -0.00412261  0.70353842  0.11023925]
arm joint targets: {'left_shoulder_roll_joint': -0.04812481999397278, 'right_shoulder_roll_joint': 0.0, 'left_elbow_joint': 0.0, 'right_elbow_joint': 0.0}

--- WBC DEBUG STEP ---
num_envs: 1
navigate_cmd (vel_x, vel_y, yaw): [0.         0.00139509 0.00625   ]
base_height_cmd (height): [0.75]
torso_orientation_rpy_cmd: [0. 0. 0.]
wbc_obs q (first 5): [-2.97415644e-01 -7.33478300e-05 -1.41026190e-04  7.25618184e-01
 -4.28202391e-01]
wbc_action q (first 5): [-0.25905901  0.01914583 -0.00469341  0.70310354  0.11222859]
arm joint targets: {'left_shoulder_roll_joint': -0.03942740336060524, 'right_shoulder_roll_joint': 0.0, 'left_elbow_joint': 0.0, 'right_elbow_joint': 0.0}

--- WBC DEBUG STEP ---
num_envs: 1
navigate_cmd (vel_x, vel_y, yaw): [ 0.         -0.00013703  0.00625   ]
base_height_cmd (height): [0.75]
torso_orientation_rpy_cmd: [0. 0. 0.]
wbc_obs q (first 5): [-2.97415853e-01 -7.29929234e-05 -1.40251650e-04  7.25617945e-01
 -4.28202331e-01]
wbc_action q (first 5): [-0.25847483  0.01915667 -0.00489142  0.70275265  0.11405335]
arm joint targets: {'left_shoulder_roll_joint': -0.03616587072610855, 'right_shoulder_roll_joint': 0.0, 'left_elbow_joint': 0.0, 'right_elbow_joint': 0.0}

--- WBC DEBUG STEP ---
num_envs: 1
navigate_cmd (vel_x, vel_y, yaw): [0.         0.00278792 0.00527344]
base_height_cmd (height): [0.75]
torso_orientation_rpy_cmd: [0. 0. 0.]
wbc_obs q (first 5): [-2.97415912e-01 -7.38304516e-05 -1.41496610e-04  7.25618124e-01
 -4.28202033e-01]
wbc_action q (first 5): [-0.25798446  0.01844573 -0.00485328  0.70273751  0.11521517]
arm joint targets: {'left_shoulder_roll_joint': -0.03507869318127632, 'right_shoulder_roll_joint': 0.0, 'left_elbow_joint': 0.0, 'right_elbow_joint': 0.0}

--- WBC DEBUG STEP ---
num_envs: 1
navigate_cmd (vel_x, vel_y, yaw): [0.         0.00146473 0.00429688]
base_height_cmd (height): [0.75]
torso_orientation_rpy_cmd: [0. 0. 0.]
wbc_obs q (first 5): [-2.97415853e-01 -7.31125619e-05 -1.40865406e-04  7.25618184e-01
 -4.28202301e-01]
wbc_action q (first 5): [-0.25780687  0.0185308  -0.00497166  0.70261931  0.11587913]
arm joint targets: {'left_shoulder_roll_joint': -0.04377610981464386, 'right_shoulder_roll_joint': 0.0, 'left_elbow_joint': 0.0, 'right_elbow_joint': 0.0}

--- WBC DEBUG STEP ---
num_envs: 1
navigate_cmd (vel_x, vel_y, yaw): [0.         0.00167365 0.00332031]
base_height_cmd (height): [0.75]
torso_orientation_rpy_cmd: [0. 0. 0.]
wbc_obs q (first 5): [-2.97416210e-01 -7.25088539e-05 -1.39706564e-04  7.25618660e-01
 -4.28202480e-01]
wbc_action q (first 5): [-0.25757539  0.01854491 -0.00496721  0.70256829  0.11587931]
arm joint targets: {'left_shoulder_roll_joint': -0.03725304827094078, 'right_shoulder_roll_joint': 0.0, 'left_elbow_joint': 0.0, 'right_elbow_joint': 0.0}

--- WBC DEBUG STEP ---
num_envs: 1
navigate_cmd (vel_x, vel_y, yaw): [0.         0.00097724 0.00234375]
base_height_cmd (height): [0.75]
torso_orientation_rpy_cmd: [0. 0. 0.]
wbc_obs q (first 5): [-2.97416300e-01 -7.32212648e-05 -1.40917429e-04  7.25619018e-01
 -4.28202808e-01]
wbc_action q (first 5): [-0.25753713  0.01869637 -0.00493816  0.70248604  0.11602531]
arm joint targets: {'left_shoulder_roll_joint': -0.03507869318127632, 'right_shoulder_roll_joint': 0.0, 'left_elbow_joint': 0.0, 'right_elbow_joint': 0.0}

--- WBC DEBUG STEP ---
num_envs: 1
navigate_cmd (vel_x, vel_y, yaw): [0.         0.00223079 0.00722656]
base_height_cmd (height): [0.75]
torso_orientation_rpy_cmd: [0. 0. 0.]
wbc_obs q (first 5): [-2.97415942e-01 -7.38774979e-05 -1.41367185e-04  7.25618124e-01
 -4.28202242e-01]
wbc_action q (first 5): [-0.25750366  0.01825207 -0.00512819  0.70242     0.11619832]
arm joint targets: {'left_shoulder_roll_joint': -0.03181716054677963, 'right_shoulder_roll_joint': 0.0, 'left_elbow_joint': 0.0, 'right_elbow_joint': 0.0}

--- WBC DEBUG STEP ---
num_envs: 1
navigate_cmd (vel_x, vel_y, yaw): [ 0.         -0.00034596  0.00332031]
base_height_cmd (height): [0.74912107]
torso_orientation_rpy_cmd: [0. 0. 0.]
wbc_obs q (first 5): [-2.97415376e-01 -7.32247863e-05 -1.40743476e-04  7.25617588e-01
 -4.28201884e-01]
wbc_action q (first 5): [-0.25784007  0.01854084 -0.00534011  0.70304918  0.11609043]
arm joint targets: {'left_shoulder_roll_joint': -0.03181716054677963, 'right_shoulder_roll_joint': 0.0, 'left_elbow_joint': 0.0, 'right_elbow_joint': 0.0}

--- WBC DEBUG STEP ---
num_envs: 1
navigate_cmd (vel_x, vel_y, yaw): [0.         0.00069867 0.00722656]
base_height_cmd (height): [0.75]
torso_orientation_rpy_cmd: [0. 0. 0.]
wbc_obs q (first 5): [-2.97415614e-01 -7.32936751e-05 -1.40893695e-04  7.25617826e-01
 -4.28202391e-01]
wbc_action q (first 5): [-0.25772962  0.01835786 -0.00528289  0.70246077  0.11649545]
arm joint targets: {'left_shoulder_roll_joint': -0.03507869318127632, 'right_shoulder_roll_joint': 0.0, 'left_elbow_joint': 0.0, 'right_elbow_joint': 0.0}

--- WBC DEBUG STEP ---
num_envs: 1
navigate_cmd (vel_x, vel_y, yaw): [ 0.         -0.00013703  0.00429688]
base_height_cmd (height): [0.7488281]
torso_orientation_rpy_cmd: [0. 0. 0.]
wbc_obs q (first 5): [-2.97415465e-01 -7.32238768e-05 -1.40359320e-04  7.25617409e-01
 -4.28201467e-01]
wbc_action q (first 5): [-0.25796339  0.01844381 -0.005309    0.70348406  0.11580642]
arm joint targets: {'left_shoulder_roll_joint': -0.03616587072610855, 'right_shoulder_roll_joint': 0.0, 'left_elbow_joint': 0.0, 'right_elbow_joint': 0.0}

--- WBC DEBUG STEP ---
num_envs: 1
navigate_cmd (vel_x, vel_y, yaw): [ 0.         -0.00069417  0.00234375]
base_height_cmd (height): [0.7488281]
torso_orientation_rpy_cmd: [0. 0. 0.]
wbc_obs q (first 5): [-2.97416598e-01 -7.31948603e-05 -1.40730219e-04  7.25619376e-01
 -4.28202569e-01]
wbc_action q (first 5): [-0.25839967  0.0186778  -0.00528841  0.70362616  0.1152658 ]
arm joint targets: {'left_shoulder_roll_joint': -0.03725304827094078, 'right_shoulder_roll_joint': 0.0, 'left_elbow_joint': 0.0, 'right_elbow_joint': 0.0}

--- WBC DEBUG STEP ---
num_envs: 1
navigate_cmd (vel_x, vel_y, yaw): [0.         0.00014153 0.00625   ]
base_height_cmd (height): [0.74853516]
torso_orientation_rpy_cmd: [0. 0. 0.]
wbc_obs q (first 5): [-2.97415555e-01 -7.28939413e-05 -1.39876676e-04  7.25617588e-01
 -4.28201944e-01]
wbc_action q (first 5): [-0.25886732  0.0185393  -0.00529629  0.70397389  0.11464201]
arm joint targets: {'left_shoulder_roll_joint': -0.03942740336060524, 'right_shoulder_roll_joint': 0.0, 'left_elbow_joint': 0.0, 'right_elbow_joint': 0.0}

--- WBC DEBUG STEP ---
num_envs: 1
navigate_cmd (vel_x, vel_y, yaw): [0.         0.00014153 0.00332031]
base_height_cmd (height): [0.75]
torso_orientation_rpy_cmd: [0. 0. 0.]
wbc_obs q (first 5): [-2.97415763e-01 -7.29225139e-05 -1.40288044e-04  7.25617826e-01
 -4.28202212e-01]
wbc_action q (first 5): [-0.25859374  0.01870632 -0.00518045  0.70259011  0.11482607]
arm joint targets: {'left_shoulder_roll_joint': -0.03942740336060524, 'right_shoulder_roll_joint': 0.0, 'left_elbow_joint': 0.0, 'right_elbow_joint': 0.0}

--- WBC DEBUG STEP ---
num_envs: 1
navigate_cmd (vel_x, vel_y, yaw): [0.         0.00048974 0.00039063]
base_height_cmd (height): [0.74970704]
torso_orientation_rpy_cmd: [0. 0. 0.]
wbc_obs q (first 5): [-2.97416210e-01 -7.33136912e-05 -1.40451040e-04  7.25619078e-01
 -4.28202718e-01]
wbc_action q (first 5): [-0.2583726   0.01887283 -0.00489991  0.7026782   0.11438034]
arm joint targets: {'left_shoulder_roll_joint': -0.03616587072610855, 'right_shoulder_roll_joint': 0.0, 'left_elbow_joint': 0.0, 'right_elbow_joint': 0.0}

--- WBC DEBUG STEP ---
num_envs: 1
navigate_cmd (vel_x, vel_y, yaw): [0.         0.00014153 0.00039063]
base_height_cmd (height): [0.7494141]
torso_orientation_rpy_cmd: [0. 0. 0.]
wbc_obs q (first 5): [-2.97415972e-01 -7.36720613e-05 -1.40970544e-04  7.25618601e-01
 -4.28202689e-01]
wbc_action q (first 5): [-0.2583994   0.01884662 -0.00493195  0.70281559  0.1136982 ]
arm joint targets: {'left_shoulder_roll_joint': -0.05138635262846947, 'right_shoulder_roll_joint': 0.0, 'left_elbow_joint': 0.0, 'right_elbow_joint': 0.0}

--- WBC DEBUG STEP ---
num_envs: 1
navigate_cmd (vel_x, vel_y, yaw): [ 0.         -0.00013703  0.00820313]
base_height_cmd (height): [0.75]
torso_orientation_rpy_cmd: [0. 0. 0.]
wbc_obs q (first 5): [-2.97416359e-01 -7.29352541e-05 -1.40374323e-04  7.25618958e-01
 -4.28202420e-01]
wbc_action q (first 5): [-0.25846934  0.01855085 -0.00538801  0.70213866  0.11322404]
arm joint targets: {'left_shoulder_roll_joint': -0.0416017584502697, 'right_shoulder_roll_joint': 0.0, 'left_elbow_joint': 0.0, 'right_elbow_joint': 0.0}

--- WBC DEBUG STEP ---
num_envs: 1
navigate_cmd (vel_x, vel_y, yaw): [0.0000000e+00 7.1892311e-05 5.2734376e-03]
base_height_cmd (height): [0.74970704]
torso_orientation_rpy_cmd: [0. 0. 0.]
wbc_obs q (first 5): [-2.97416478e-01 -7.34085843e-05 -1.40655015e-04  7.25619137e-01
 -4.28203076e-01]
wbc_action q (first 5): [-0.25837642  0.01851007 -0.00533282  0.70216769  0.11309676]
arm joint targets: {'left_shoulder_roll_joint': -0.04703764244914055, 'right_shoulder_roll_joint': 0.0, 'left_elbow_joint': 0.0, 'right_elbow_joint': 0.0}

--- WBC DEBUG STEP ---
num_envs: 1
navigate_cmd (vel_x, vel_y, yaw): [0.         0.0004201  0.00136719]
base_height_cmd (height): [0.74853516]
torso_orientation_rpy_cmd: [0. 0. 0.]
wbc_obs q (first 5): [-2.97415674e-01 -7.30906977e-05 -1.40468808e-04  7.25617528e-01
 -4.28202033e-01]
wbc_action q (first 5): [-0.25873628  0.01841466 -0.00523172  0.70337582  0.11229561]
arm joint targets: {'left_shoulder_roll_joint': -0.054647885262966156, 'right_shoulder_roll_joint': 0.0, 'left_elbow_joint': 0.0, 'right_elbow_joint': 0.0}

--- WBC DEBUG STEP ---
num_envs: 1
navigate_cmd (vel_x, vel_y, yaw): [0.         0.00097724 0.00820313]
base_height_cmd (height): [0.75]
torso_orientation_rpy_cmd: [0. 0. 0.]
wbc_obs q (first 5): [-2.97415763e-01 -7.33451234e-05 -1.40418299e-04  7.25618243e-01
 -4.28201646e-01]
wbc_action q (first 5): [-0.25886041  0.01815739 -0.00549109  0.70203966  0.1123905 ]
arm joint targets: {'left_shoulder_roll_joint': -0.054647885262966156, 'right_shoulder_roll_joint': 0.0, 'left_elbow_joint': 0.0, 'right_elbow_joint': 0.0}

--- WBC DEBUG STEP ---
num_envs: 1
navigate_cmd (vel_x, vel_y, yaw): [ 0.         -0.00132094  0.00332031]
base_height_cmd (height): [0.74970704]
torso_orientation_rpy_cmd: [0. 0. 0.]
wbc_obs q (first 5): [-2.97415674e-01 -7.30399915e-05 -1.40171527e-04  7.25617588e-01
 -4.28202063e-01]
wbc_action q (first 5): [-0.25860241  0.01868175 -0.00540688  0.70192766  0.11229171]
arm joint targets: {'left_shoulder_roll_joint': -0.060083769261837006, 'right_shoulder_roll_joint': 0.0, 'left_elbow_joint': 0.0, 'right_elbow_joint': 0.0}

--- WBC DEBUG STEP ---
num_envs: 1
navigate_cmd (vel_x, vel_y, yaw): [ 0.         -0.00111202  0.00429688]
base_height_cmd (height): [0.7476562]
torso_orientation_rpy_cmd: [0. 0. 0.]
wbc_obs q (first 5): [-2.97415704e-01 -7.33610141e-05 -1.40612057e-04  7.25617826e-01
 -4.28201765e-01]
wbc_action q (first 5): [-0.25932306  0.01849572 -0.00544329  0.70389998  0.11081459]
arm joint targets: {'left_shoulder_roll_joint': -0.06443247944116592, 'right_shoulder_roll_joint': 0.0, 'left_elbow_joint': 0.0, 'right_elbow_joint': 0.0}

--- WBC DEBUG STEP ---
num_envs: 1
navigate_cmd (vel_x, vel_y, yaw): [ 0.         -0.00097274  0.00234375]
base_height_cmd (height): [0.7494141]
torso_orientation_rpy_cmd: [0. 0. 0.]
wbc_obs q (first 5): [-2.97416031e-01 -7.29831663e-05 -1.40162767e-04  7.25618839e-01
 -4.28202778e-01]
wbc_action q (first 5): [-0.25940415  0.01872442 -0.00533174  0.70261395  0.11088417]
arm joint targets: {'left_shoulder_roll_joint': -0.061170946806669235, 'right_shoulder_roll_joint': 0.0, 'left_elbow_joint': 0.0, 'right_elbow_joint': 0.0}

--- WBC DEBUG STEP ---
num_envs: 1
navigate_cmd (vel_x, vel_y, yaw): [ 0.         -0.00013703  0.00820313]
base_height_cmd (height): [0.7476562]
torso_orientation_rpy_cmd: [0. 0. 0.]
wbc_obs q (first 5): [-2.97415555e-01 -7.35915819e-05 -1.41441225e-04  7.25617349e-01
 -4.28202361e-01]
wbc_action q (first 5): [-0.25991705  0.01824927 -0.00544301  0.70410544  0.11000268]
arm joint targets: {'left_shoulder_roll_joint': -0.06986836344003677, 'right_shoulder_roll_joint': 0.0, 'left_elbow_joint': 0.0, 'right_elbow_joint': 0.0}

--- WBC DEBUG STEP ---
num_envs: 1
navigate_cmd (vel_x, vel_y, yaw): [0.         0.00097724 0.01796875]
base_height_cmd (height): [0.75]
torso_orientation_rpy_cmd: [0. 0. 0.]
wbc_obs q (first 5): [-2.97415823e-01 -7.28013329e-05 -1.40392935e-04  7.25618839e-01
 -4.28202838e-01]
wbc_action q (first 5): [-0.25993228  0.01785434 -0.00577317  0.7020573   0.11070044]
arm joint targets: {'left_shoulder_roll_joint': -0.06769400835037231, 'right_shoulder_roll_joint': 0.0, 'left_elbow_joint': 0.0, 'right_elbow_joint': 0.0}

--- WBC DEBUG STEP ---
num_envs: 1
navigate_cmd (vel_x, vel_y, yaw): [ 0.         -0.00013703  0.00527344]
base_height_cmd (height): [0.7494141]
torso_orientation_rpy_cmd: [0. 0. 0.]
wbc_obs q (first 5): [-2.97415972e-01 -7.33449997e-05 -1.40468153e-04  7.25618839e-01
 -4.28202569e-01]
wbc_action q (first 5): [-0.25945893  0.01832137 -0.00537325  0.70214832  0.11069255]
arm joint targets: {'left_shoulder_roll_joint': -0.057909414172172546, 'right_shoulder_roll_joint': 0.0, 'left_elbow_joint': 0.0, 'right_elbow_joint': 0.0}

--- WBC DEBUG STEP ---
num_envs: 1
navigate_cmd (vel_x, vel_y, yaw): [0.         0.0004201  0.00429688]
base_height_cmd (height): [0.7482422]
torso_orientation_rpy_cmd: [0. 0. 0.]
wbc_obs q (first 5): [-2.97416061e-01 -7.35368085e-05 -1.40813310e-04  7.25618720e-01
 -4.28202599e-01]
wbc_action q (first 5): [-0.25973022  0.01843149 -0.00493513  0.70347637  0.1100298 ]
arm joint targets: {'left_shoulder_roll_joint': -0.06551965326070786, 'right_shoulder_roll_joint': 0.0, 'left_elbow_joint': 0.0, 'right_elbow_joint': 0.0}

--- WBC DEBUG STEP ---
num_envs: 1
navigate_cmd (vel_x, vel_y, yaw): [ 0.         -0.0004156   0.00917969]
base_height_cmd (height): [0.74970704]
torso_orientation_rpy_cmd: [0. 0. 0.]
wbc_obs q (first 5): [-2.97416091e-01 -7.31228865e-05 -1.40146483e-04  7.25618601e-01
 -4.28202540e-01]
wbc_action q (first 5): [-0.25974032  0.01850561 -0.00507519  0.7022723   0.1102391 ]
arm joint targets: {'left_shoulder_roll_joint': -0.06443247944116592, 'right_shoulder_roll_joint': 0.0, 'left_elbow_joint': 0.0, 'right_elbow_joint': 0.0}

--- WBC DEBUG STEP ---
num_envs: 1
navigate_cmd (vel_x, vel_y, yaw): [0.         0.00090759 0.00527344]
base_height_cmd (height): [0.75]
torso_orientation_rpy_cmd: [0. 0. 0.]
wbc_obs q (first 5): [-2.97415614e-01 -7.35397407e-05 -1.40795149e-04  7.25617945e-01
 -4.28202510e-01]
wbc_action q (first 5): [-0.25922155  0.01857764 -0.00477921  0.70192128  0.11051749]
arm joint targets: {'left_shoulder_roll_joint': -0.06443247944116592, 'right_shoulder_roll_joint': 0.0, 'left_elbow_joint': 0.0, 'right_elbow_joint': 0.0}

--- WBC DEBUG STEP ---
num_envs: 1
navigate_cmd (vel_x, vel_y, yaw): [ 0.         -0.00027632  0.00625   ]
base_height_cmd (height): [0.7494141]
torso_orientation_rpy_cmd: [0. 0. 0.]
wbc_obs q (first 5): [-2.97415733e-01 -7.35256326e-05 -1.41558543e-04  7.25618243e-01
 -4.28202361e-01]
wbc_action q (first 5): [-0.25922039  0.01862913 -0.00504535  0.70217955  0.11043085]
arm joint targets: {'left_shoulder_roll_joint': -0.07421707361936569, 'right_shoulder_roll_joint': 0.0, 'left_elbow_joint': 0.0, 'right_elbow_joint': 0.0}

--- WBC DEBUG STEP ---
num_envs: 1
navigate_cmd (vel_x, vel_y, yaw): [ 0.         -0.00027632  0.00429688]
base_height_cmd (height): [0.7488281]
torso_orientation_rpy_cmd: [0. 0. 0.]
wbc_obs q (first 5): [-2.97415286e-01 -7.34443674e-05 -1.40502889e-04  7.25617170e-01
 -4.28201735e-01]
wbc_action q (first 5): [-0.25933895  0.01863874 -0.00501053  0.70289314  0.11001255]
arm joint targets: {'left_shoulder_roll_joint': -0.06769400835037231, 'right_shoulder_roll_joint': 0.0, 'left_elbow_joint': 0.0, 'right_elbow_joint': 0.0}

--- WBC DEBUG STEP ---
num_envs: 1
navigate_cmd (vel_x, vel_y, yaw): [0.0000000e+00 7.1892311e-05 5.2734376e-03]
base_height_cmd (height): [0.74853516]
torso_orientation_rpy_cmd: [0. 0. 0.]
wbc_obs q (first 5): [-2.97416270e-01 -7.29120511e-05 -1.40167365e-04  7.25619674e-01
 -4.28202927e-01]
wbc_action q (first 5): [-0.25971058  0.0186923  -0.00482449  0.70341641  0.1098858 ]
arm joint targets: {'left_shoulder_roll_joint': -0.0709555447101593, 'right_shoulder_roll_joint': 0.0, 'left_elbow_joint': 0.0, 'right_elbow_joint': 0.0}

--- WBC DEBUG STEP ---
num_envs: 1
navigate_cmd (vel_x, vel_y, yaw): [0.         0.00209151 0.00917969]
base_height_cmd (height): [0.74912107]
torso_orientation_rpy_cmd: [0. 0. 0.]
wbc_obs q (first 5): [-2.97416061e-01 -7.33204288e-05 -1.40539210e-04  7.25618958e-01
 -4.28202927e-01]
wbc_action q (first 5): [-0.25983998  0.01819888 -0.00489227  0.70306301  0.11023481]
arm joint targets: {'left_shoulder_roll_joint': -0.06878118962049484, 'right_shoulder_roll_joint': 0.0, 'left_elbow_joint': 0.0, 'right_elbow_joint': 0.0}

--- WBC DEBUG STEP ---
num_envs: 1
navigate_cmd (vel_x, vel_y, yaw): [ 0.         -0.00069417  0.00429688]
base_height_cmd (height): [0.7470703]
torso_orientation_rpy_cmd: [0. 0. 0.]
wbc_obs q (first 5): [-2.97415614e-01 -7.35324065e-05 -1.40888995e-04  7.25618243e-01
 -4.28202540e-01]
wbc_action q (first 5): [-0.26025668  0.01859585 -0.00491755  0.70476699  0.10913344]
arm joint targets: {'left_shoulder_roll_joint': -0.060083769261837006, 'right_shoulder_roll_joint': 0.0, 'left_elbow_joint': 0.0, 'right_elbow_joint': 0.0}

--- WBC DEBUG STEP ---
num_envs: 1
navigate_cmd (vel_x, vel_y, yaw): [0.         0.0012558  0.00917969]
base_height_cmd (height): [0.7464844]
torso_orientation_rpy_cmd: [0. 0. 0.]
wbc_obs q (first 5): [-2.97415882e-01 -7.28473460e-05 -1.39915282e-04  7.25618362e-01
 -4.28202063e-01]
wbc_action q (first 5): [-0.26109013  0.01811531 -0.00488701  0.7058056   0.10862945]
arm joint targets: {'left_shoulder_roll_joint': -0.06660683453083038, 'right_shoulder_roll_joint': 0.0, 'left_elbow_joint': 0.0, 'right_elbow_joint': 0.0}

--- WBC DEBUG STEP ---
num_envs: 1
navigate_cmd (vel_x, vel_y, yaw): [0.         0.0004201  0.00234375]
base_height_cmd (height): [0.7464844]
torso_orientation_rpy_cmd: [0. 0. 0.]
wbc_obs q (first 5): [-2.97416300e-01 -7.27414226e-05 -1.40100383e-04  7.25619316e-01
 -4.28202927e-01]
wbc_action q (first 5): [-0.26153213  0.01848964 -0.00467021  0.7061069   0.10804372]
arm joint targets: {'left_shoulder_roll_joint': -0.06551965326070786, 'right_shoulder_roll_joint': 0.0, 'left_elbow_joint': 0.0, 'right_elbow_joint': 0.0}

--- WBC DEBUG STEP ---
num_envs: 1
navigate_cmd (vel_x, vel_y, yaw): [0.         0.00055939 0.00039063]
base_height_cmd (height): [0.7458984]
torso_orientation_rpy_cmd: [0. 0. 0.]
wbc_obs q (first 5): [-2.97416776e-01 -7.28231826e-05 -1.40175340e-04  7.25619912e-01
 -4.28203076e-01]
wbc_action q (first 5): [-0.26183906  0.01878431 -0.00441488  0.7067886   0.10699059]
arm joint targets: {'left_shoulder_roll_joint': -0.06878118962049484, 'right_shoulder_roll_joint': 0.0, 'left_elbow_joint': 0.0, 'right_elbow_joint': 0.0}

--- WBC DEBUG STEP ---
num_envs: 1
navigate_cmd (vel_x, vel_y, yaw): [0.         0.0004201  0.00429688]
base_height_cmd (height): [0.7461914]
torso_orientation_rpy_cmd: [0. 0. 0.]
wbc_obs q (first 5): [-2.97416002e-01 -7.23108678e-05 -1.39209107e-04  7.25618184e-01
 -4.28202540e-01]
wbc_action q (first 5): [-0.2622177   0.01885504 -0.00459262  0.70660299  0.10640784]
arm joint targets: {'left_shoulder_roll_joint': -0.05682223662734032, 'right_shoulder_roll_joint': 0.0, 'left_elbow_joint': 0.0, 'right_elbow_joint': 0.0}

--- WBC DEBUG STEP ---
num_envs: 1
navigate_cmd (vel_x, vel_y, yaw): [0.         0.00055939 0.00429688]
base_height_cmd (height): [0.74560547]
torso_orientation_rpy_cmd: [0. 0. 0.]
wbc_obs q (first 5): [-2.97415912e-01 -7.27051229e-05 -1.39093710e-04  7.25618422e-01
 -4.28202361e-01]
wbc_action q (first 5): [-0.26243865  0.01874316 -0.00466415  0.70699054  0.10618927]
arm joint targets: {'left_shoulder_roll_joint': -0.060083769261837006, 'right_shoulder_roll_joint': 0.0, 'left_elbow_joint': 0.0, 'right_elbow_joint': 0.0}

--- WBC DEBUG STEP ---
num_envs: 1
navigate_cmd (vel_x, vel_y, yaw): [ 0.         -0.00062453  0.00625   ]
base_height_cmd (height): [0.74501956]
torso_orientation_rpy_cmd: [0. 0. 0.]
wbc_obs q (first 5): [-2.97416359e-01 -7.25172576e-05 -1.39539989e-04  7.25618660e-01
 -4.28202897e-01]
wbc_action q (first 5): [-0.26284671  0.01879708 -0.0049075   0.7075218   0.1056159 ]
arm joint targets: {'left_shoulder_roll_joint': -0.06660683453083038, 'right_shoulder_roll_joint': 0.0, 'left_elbow_joint': 0.0, 'right_elbow_joint': 0.0}

--- WBC DEBUG STEP ---
num_envs: 1
navigate_cmd (vel_x, vel_y, yaw): [0.         0.00097724 0.00527344]
base_height_cmd (height): [0.7444336]
torso_orientation_rpy_cmd: [0. 0. 0.]
wbc_obs q (first 5): [-2.97417223e-01 -7.26728322e-05 -1.39679265e-04  7.25621045e-01
 -4.28203791e-01]
wbc_action q (first 5): [-0.26326168  0.01862082 -0.00465216  0.70848215  0.10457458]
arm joint targets: {'left_shoulder_roll_joint': -0.07312989979982376, 'right_shoulder_roll_joint': 0.0, 'left_elbow_joint': 0.0, 'right_elbow_joint': 0.0}

--- WBC DEBUG STEP ---
num_envs: 1
navigate_cmd (vel_x, vel_y, yaw): [ 0.         -0.00069417  0.00234375]
base_height_cmd (height): [0.74296874]
torso_orientation_rpy_cmd: [0. 0. 0.]
wbc_obs q (first 5): [-2.97416389e-01 -7.14678681e-05 -1.37224051e-04  7.25619555e-01
 -4.28202957e-01]
wbc_action q (first 5): [-0.26408985  0.01878702 -0.00492147  0.70973146  0.10272585]
arm joint targets: {'left_shoulder_roll_joint': -0.06769400835037231, 'right_shoulder_roll_joint': 0.0, 'left_elbow_joint': 0.0, 'right_elbow_joint': 0.0}

--- WBC DEBUG STEP ---
num_envs: 1
navigate_cmd (vel_x, vel_y, yaw): [0.         0.00083795 0.00234375]
base_height_cmd (height): [0.7444336]
torso_orientation_rpy_cmd: [0. 0. 0.]
wbc_obs q (first 5): [-2.97416031e-01 -7.08635562e-05 -1.35566326e-04  7.25618660e-01
 -4.28202420e-01]
wbc_action q (first 5): [-0.26442426  0.01889859 -0.00465929  0.70877683  0.10282211]
arm joint targets: {'left_shoulder_roll_joint': -0.07312989979982376, 'right_shoulder_roll_joint': 0.0, 'left_elbow_joint': 0.0, 'right_elbow_joint': 0.0}

--- WBC DEBUG STEP ---
num_envs: 1
navigate_cmd (vel_x, vel_y, yaw): [0.         0.00104688 0.00039063]
base_height_cmd (height): [0.740918]
torso_orientation_rpy_cmd: [0. 0. 0.]
wbc_obs q (first 5): [-2.97416210e-01 -7.07226645e-05 -1.35056413e-04  7.25618541e-01
 -4.28202391e-01]
wbc_action q (first 5): [-0.2656039   0.018832   -0.00443031  0.7119329   0.10015886]
arm joint targets: {'left_shoulder_roll_joint': -0.06878118962049484, 'right_shoulder_roll_joint': 0.0, 'left_elbow_joint': 0.0, 'right_elbow_joint': 0.0}

--- WBC DEBUG STEP ---
num_envs: 1
navigate_cmd (vel_x, vel_y, yaw): [0.         0.00014153 0.00039063]
base_height_cmd (height): [0.740332]
torso_orientation_rpy_cmd: [0. 0. 0.]
wbc_obs q (first 5): [-2.97416061e-01 -6.92068352e-05 -1.32007946e-04  7.25618184e-01
 -4.28202808e-01]
wbc_action q (first 5): [-0.26690629  0.01915353 -0.00423314  0.71311378  0.09817474]
arm joint targets: {'left_shoulder_roll_joint': -0.06660683453083038, 'right_shoulder_roll_joint': 0.0, 'left_elbow_joint': 0.0, 'right_elbow_joint': 0.0}

--- WBC DEBUG STEP ---
num_envs: 1
navigate_cmd (vel_x, vel_y, yaw): [ 0.         -0.00083345  0.00039063]
base_height_cmd (height): [0.7415039]
torso_orientation_rpy_cmd: [0. 0. 0.]
wbc_obs q (first 5): [-2.97436625e-01 -9.37165314e-05 -1.95228902e-04  7.25658357e-01
 -4.28184301e-01]
wbc_action q (first 5): [-0.26674345  0.01937705 -0.00447297  0.71224046  0.09748353]
arm joint targets: {'left_shoulder_roll_joint': -0.06443247944116592, 'right_shoulder_roll_joint': 0.0, 'left_elbow_joint': 0.0, 'right_elbow_joint': 0.0}

--- WBC DEBUG STEP ---
num_envs: 1
navigate_cmd (vel_x, vel_y, yaw): [0.         0.00264864 0.00136719]
base_height_cmd (height): [0.75]
torso_orientation_rpy_cmd: [0. 0. 0.]
wbc_obs q (first 5): [-2.97416300e-01 -8.44208043e-05 -1.70190120e-04  7.25619316e-01
 -4.28202003e-01]
wbc_action q (first 5): [-0.26395118  0.01945477 -0.00424806  0.70413989  0.10230593]
arm joint targets: {'left_shoulder_roll_joint': -0.029642807319760323, 'right_shoulder_roll_joint': 0.0, 'left_elbow_joint': 0.0, 'right_elbow_joint': 0.0}

--- WBC DEBUG STEP ---
num_envs: 1
navigate_cmd (vel_x, vel_y, yaw): [0.         0.0012558  0.00332031]
base_height_cmd (height): [0.74794924]
torso_orientation_rpy_cmd: [0. 0. 0.]
wbc_obs q (first 5): [-2.97416180e-01 -7.87632162e-05 -1.55616595e-04  7.25619316e-01
 -4.28202748e-01]
wbc_action q (first 5): [-0.26162416  0.01998905 -0.00375666  0.70515972  0.10579325]
arm joint targets: {'left_shoulder_roll_joint': -0.03725304827094078, 'right_shoulder_roll_joint': 0.0, 'left_elbow_joint': 0.0, 'right_elbow_joint': 0.0}

--- WBC DEBUG STEP ---
num_envs: 1
navigate_cmd (vel_x, vel_y, yaw): [0.         0.00285757 0.00234375]
base_height_cmd (height): [0.7488281]
torso_orientation_rpy_cmd: [0. 0. 0.]
wbc_obs q (first 5): [-2.97416151e-01 -7.52939013e-05 -1.46632316e-04  7.25618601e-01
 -4.28201944e-01]
wbc_action q (first 5): [-0.2605626   0.01985403 -0.00364948  0.70500147  0.10790594]
arm joint targets: {'left_shoulder_roll_joint': -0.03181716054677963, 'right_shoulder_roll_joint': 0.0, 'left_elbow_joint': 0.0, 'right_elbow_joint': 0.0}

--- WBC DEBUG STEP ---
num_envs: 1
navigate_cmd (vel_x, vel_y, yaw): [0.         0.00390219 0.00625   ]
base_height_cmd (height): [0.75]
torso_orientation_rpy_cmd: [0. 0. 0.]
wbc_obs q (first 5): [-2.97415793e-01 -7.38759263e-05 -1.42966121e-04  7.25617707e-01
 -4.28201824e-01]
wbc_action q (first 5): [-0.25996205  0.01951063 -0.00382857  0.7038064   0.1098531 ]
arm joint targets: {'left_shoulder_roll_joint': -0.025294099003076553, 'right_shoulder_roll_joint': 0.0, 'left_elbow_joint': 0.0, 'right_elbow_joint': 0.0}

--- WBC DEBUG STEP ---
num_envs: 1
navigate_cmd (vel_x, vel_y, yaw): [0.         0.00097724 0.00625   ]
base_height_cmd (height): [0.7494141]
torso_orientation_rpy_cmd: [0. 0. 0.]
wbc_obs q (first 5): [-2.97416002e-01 -7.48290695e-05 -1.44605234e-04  7.25618422e-01
 -4.28202271e-01]
wbc_action q (first 5): [-0.25940976  0.01967472 -0.00427199  0.70364225  0.1109717 ]
arm joint targets: {'left_shoulder_roll_joint': -0.03181716054677963, 'right_shoulder_roll_joint': 0.0, 'left_elbow_joint': 0.0, 'right_elbow_joint': 0.0}

--- WBC DEBUG STEP ---
num_envs: 1
navigate_cmd (vel_x, vel_y, yaw): [0.         0.00139509 0.00625   ]
base_height_cmd (height): [0.75]
torso_orientation_rpy_cmd: [0. 0. 0.]
wbc_obs q (first 5): [-2.97416061e-01 -7.45195648e-05 -1.43491663e-04  7.25618243e-01
 -4.28202271e-01]
wbc_action q (first 5): [-0.25886533  0.01935704 -0.00456425  0.70296901  0.11260079]
arm joint targets: {'left_shoulder_roll_joint': -0.020945388823747635, 'right_shoulder_roll_joint': 0.0, 'left_elbow_joint': 0.0, 'right_elbow_joint': 0.0}

--- WBC DEBUG STEP ---
num_envs: 1
navigate_cmd (vel_x, vel_y, yaw): [0.         0.00278792 0.00722656]
base_height_cmd (height): [0.75]
torso_orientation_rpy_cmd: [0. 0. 0.]
wbc_obs q (first 5): [-2.97415823e-01 -7.48014936e-05 -1.44020334e-04  7.25617766e-01
 -4.28201884e-01]
wbc_action q (first 5): [-0.2583833   0.01883723 -0.0046994   0.70273948  0.1140006 ]
arm joint targets: {'left_shoulder_roll_joint': -0.027468452230095863, 'right_shoulder_roll_joint': 0.0, 'left_elbow_joint': 0.0, 'right_elbow_joint': 0.0}

--- WBC DEBUG STEP ---
num_envs: 1
navigate_cmd (vel_x, vel_y, yaw): [0.         0.00167365 0.00527344]
base_height_cmd (height): [0.75]
torso_orientation_rpy_cmd: [0. 0. 0.]
wbc_obs q (first 5): [-2.97415704e-01 -7.48678794e-05 -1.44121703e-04  7.25618243e-01
 -4.28202152e-01]
wbc_action q (first 5): [-0.25809199  0.0189035  -0.00479021  0.70254558  0.11444362]
arm joint targets: {'left_shoulder_roll_joint': -0.024206921458244324, 'right_shoulder_roll_joint': 0.0, 'left_elbow_joint': 0.0, 'right_elbow_joint': 0.0}

--- WBC DEBUG STEP ---
num_envs: 1
navigate_cmd (vel_x, vel_y, yaw): [0.         0.00097724 0.00234375]
base_height_cmd (height): [0.75]
torso_orientation_rpy_cmd: [0. 0. 0.]
wbc_obs q (first 5): [-2.97415972e-01 -7.43114579e-05 -1.43743964e-04  7.25618005e-01
 -4.28202033e-01]
wbc_action q (first 5): [-0.25772995  0.01903877 -0.00484307  0.70233923  0.11491571]
arm joint targets: {'left_shoulder_roll_joint': -0.022032566368579865, 'right_shoulder_roll_joint': 0.0, 'left_elbow_joint': 0.0, 'right_elbow_joint': 0.0}

--- WBC DEBUG STEP ---
num_envs: 1
navigate_cmd (vel_x, vel_y, yaw): [0.         0.0012558  0.00332031]
base_height_cmd (height): [0.7494141]
torso_orientation_rpy_cmd: [0. 0. 0.]
wbc_obs q (first 5): [-2.97415912e-01 -7.41693875e-05 -1.43054742e-04  7.25618422e-01
 -4.28202331e-01]
wbc_action q (first 5): [-0.25783217  0.01876881 -0.00492059  0.70290864  0.11502911]
arm joint targets: {'left_shoulder_roll_joint': -0.017683858051896095, 'right_shoulder_roll_joint': 0.0, 'left_elbow_joint': 0.0, 'right_elbow_joint': 0.0}

--- WBC DEBUG STEP ---
num_envs: 1
navigate_cmd (vel_x, vel_y, yaw): [0.         0.00237007 0.00527344]
base_height_cmd (height): [0.75]
torso_orientation_rpy_cmd: [0. 0. 0.]
wbc_obs q (first 5): [-2.97415823e-01 -7.39417083e-05 -1.42714183e-04  7.25617349e-01
 -4.28201675e-01]
wbc_action q (first 5): [-0.25785139  0.01839406 -0.0050224   0.70240271  0.11557482]
arm joint targets: {'left_shoulder_roll_joint': -0.018771035596728325, 'right_shoulder_roll_joint': 0.0, 'left_elbow_joint': 0.0, 'right_elbow_joint': 0.0}

--- WBC DEBUG STEP ---
num_envs: 1
navigate_cmd (vel_x, vel_y, yaw): [0.         0.00083795 0.00429688]
base_height_cmd (height): [0.74853516]
torso_orientation_rpy_cmd: [0. 0. 0.]
wbc_obs q (first 5): [-2.97415525e-01 -7.47081867e-05 -1.43906509e-04  7.25617409e-01
 -4.28201705e-01]
wbc_action q (first 5): [-0.25827295  0.01845089 -0.00520842  0.70349264  0.11478515]
arm joint targets: {'left_shoulder_roll_joint': -0.023119743913412094, 'right_shoulder_roll_joint': 0.0, 'left_elbow_joint': 0.0, 'right_elbow_joint': 0.0}

--- WBC DEBUG STEP ---
num_envs: 1
navigate_cmd (vel_x, vel_y, yaw): [0.         0.00076831 0.00332031]
base_height_cmd (height): [0.74912107]
torso_orientation_rpy_cmd: [0. 0. 0.]
wbc_obs q (first 5): [-2.97416508e-01 -7.40113683e-05 -1.43034413e-04  7.25618899e-01
 -4.28202510e-01]
wbc_action q (first 5): [-0.25831616  0.01854027 -0.0052225   0.70313931  0.11455952]
arm joint targets: {'left_shoulder_roll_joint': -0.019858213141560555, 'right_shoulder_roll_joint': 0.0, 'left_elbow_joint': 0.0, 'right_elbow_joint': 0.0}

--- WBC DEBUG STEP ---
num_envs: 1
navigate_cmd (vel_x, vel_y, yaw): [0.         0.00181294 0.00039063]
base_height_cmd (height): [0.74853516]
torso_orientation_rpy_cmd: [0. 0. 0.]
wbc_obs q (first 5): [-2.97415853e-01 -7.39575917e-05 -1.43075420e-04  7.25618541e-01
 -4.28202868e-01]
wbc_action q (first 5): [-0.25854492  0.01844158 -0.0050419   0.70373434  0.11406396]
arm joint targets: {'left_shoulder_roll_joint': -0.030729984864592552, 'right_shoulder_roll_joint': 0.0, 'left_elbow_joint': 0.0, 'right_elbow_joint': 0.0}

--- WBC DEBUG STEP ---
num_envs: 1
navigate_cmd (vel_x, vel_y, yaw): [0.         0.00055939 0.00136719]
base_height_cmd (height): [0.75]
torso_orientation_rpy_cmd: [0. 0. 0.]
wbc_obs q (first 5): [-2.97416151e-01 -7.42237462e-05 -1.43152705e-04  7.25619078e-01
 -4.28202838e-01]
wbc_action q (first 5): [-0.25825644  0.01868279 -0.00527954  0.70227164  0.11416708]
arm joint targets: {'left_shoulder_roll_joint': -0.018771035596728325, 'right_shoulder_roll_joint': 0.0, 'left_elbow_joint': 0.0, 'right_elbow_joint': 0.0}

--- WBC DEBUG STEP ---
num_envs: 1
navigate_cmd (vel_x, vel_y, yaw): [ 0.         -0.00013703  0.00039063]
base_height_cmd (height): [0.74853516]
torso_orientation_rpy_cmd: [0. 0. 0.]
wbc_obs q (first 5): [-2.97416121e-01 -7.45095676e-05 -1.44218502e-04  7.25618839e-01
 -4.28202510e-01]
wbc_action q (first 5): [-0.25849479  0.0186803  -0.00534154  0.70330548  0.11392452]
arm joint targets: {'left_shoulder_roll_joint': -0.027468452230095863, 'right_shoulder_roll_joint': 0.0, 'left_elbow_joint': 0.0, 'right_elbow_joint': 0.0}

--- WBC DEBUG STEP ---
num_envs: 1
navigate_cmd (vel_x, vel_y, yaw): [0.0000000e+00 2.2504828e-06 4.2968751e-03]
base_height_cmd (height): [0.75]
torso_orientation_rpy_cmd: [0. 0. 0.]
wbc_obs q (first 5): [-2.97415853e-01 -7.47307204e-05 -1.44132500e-04  7.25618124e-01
 -4.28201765e-01]
wbc_action q (first 5): [-0.25839147  0.01867573 -0.00539798  0.70214123  0.11431234]
arm joint targets: {'left_shoulder_roll_joint': -0.029642807319760323, 'right_shoulder_roll_joint': 0.0, 'left_elbow_joint': 0.0, 'right_elbow_joint': 0.0}

--- WBC DEBUG STEP ---
num_envs: 1
navigate_cmd (vel_x, vel_y, yaw): [0.         0.0004201  0.00234375]
base_height_cmd (height): [0.75]
torso_orientation_rpy_cmd: [0. 0. 0.]
wbc_obs q (first 5): [-2.97415823e-01 -7.45093130e-05 -1.43987651e-04  7.25618064e-01
 -4.28202212e-01]
wbc_action q (first 5): [-0.25820759  0.01867627 -0.00526331  0.70195705  0.11431627]
arm joint targets: {'left_shoulder_roll_joint': -0.023119743913412094, 'right_shoulder_roll_joint': 0.0, 'left_elbow_joint': 0.0, 'right_elbow_joint': 0.0}

--- WBC DEBUG STEP ---
num_envs: 1
navigate_cmd (vel_x, vel_y, yaw): [ 0.         -0.0004156   0.00429688]
base_height_cmd (height): [0.74853516]
torso_orientation_rpy_cmd: [0. 0. 0.]
wbc_obs q (first 5): [-2.97415912e-01 -7.44698627e-05 -1.44082107e-04  7.25618303e-01
 -4.28203315e-01]
wbc_action q (first 5): [-0.25862679  0.01863278 -0.00540264  0.70319712  0.11357222]
arm joint targets: {'left_shoulder_roll_joint': -0.03290433809161186, 'right_shoulder_roll_joint': 0.0, 'left_elbow_joint': 0.0, 'right_elbow_joint': 0.0}

--- WBC DEBUG STEP ---
num_envs: 1
navigate_cmd (vel_x, vel_y, yaw): [ 0.         -0.00034596  0.00039063]
base_height_cmd (height): [0.74853516]
torso_orientation_rpy_cmd: [0. 0. 0.]
wbc_obs q (first 5): [-2.97415704e-01 -7.43769342e-05 -1.43760219e-04  7.25617945e-01
 -4.28202242e-01]
wbc_action q (first 5): [-0.25901449  0.01879257 -0.00518694  0.70355606  0.11271028]
arm joint targets: {'left_shoulder_roll_joint': -0.03181716054677963, 'right_shoulder_roll_joint': 0.0, 'left_elbow_joint': 0.0, 'right_elbow_joint': 0.0}

--- WBC DEBUG STEP ---
num_envs: 1
navigate_cmd (vel_x, vel_y, yaw): [ 0.         -0.0004156   0.00234375]
base_height_cmd (height): [0.7488281]
torso_orientation_rpy_cmd: [0. 0. 0.]
wbc_obs q (first 5): [-2.97415733e-01 -7.42336633e-05 -1.43259560e-04  7.25618184e-01
 -4.28202003e-01]
wbc_action q (first 5): [-0.25933015  0.01883575 -0.00517764  0.70326185  0.11217473]
arm joint targets: {'left_shoulder_roll_joint': -0.03399151563644409, 'right_shoulder_roll_joint': 0.0, 'left_elbow_joint': 0.0, 'right_elbow_joint': 0.0}

--- WBC DEBUG STEP ---
num_envs: 1
navigate_cmd (vel_x, vel_y, yaw): [ 0.         -0.00076381  0.00820313]
base_height_cmd (height): [0.7488281]
torso_orientation_rpy_cmd: [0. 0. 0.]
wbc_obs q (first 5): [-2.97415763e-01 -7.45101934e-05 -1.43438199e-04  7.25617409e-01
 -4.28201824e-01]
wbc_action q (first 5): [-0.25953132  0.01861129 -0.005497    0.70296669  0.11162047]
arm joint targets: {'left_shoulder_roll_joint': -0.04486328735947609, 'right_shoulder_roll_joint': 0.0, 'left_elbow_joint': 0.0, 'right_elbow_joint': 0.0}

--- WBC DEBUG STEP ---
num_envs: 1
navigate_cmd (vel_x, vel_y, yaw): [ 0.         -0.00055488  0.00527344]
base_height_cmd (height): [0.7482422]
torso_orientation_rpy_cmd: [0. 0. 0.]
wbc_obs q (first 5): [-2.97416270e-01 -7.41738404e-05 -1.43007113e-04  7.25619197e-01
 -4.28202778e-01]
wbc_action q (first 5): [-0.25975567  0.01851911 -0.0055635   0.70336741  0.11038421]
arm joint targets: {'left_shoulder_roll_joint': -0.04268893226981163, 'right_shoulder_roll_joint': 0.0, 'left_elbow_joint': 0.0, 'right_elbow_joint': 0.0}

--- WBC DEBUG STEP ---
num_envs: 1
navigate_cmd (vel_x, vel_y, yaw): [0.         0.00062903 0.00234375]
base_height_cmd (height): [0.7488281]
torso_orientation_rpy_cmd: [0. 0. 0.]
wbc_obs q (first 5): [-2.97415912e-01 -7.40987598e-05 -1.43536090e-04  7.25618482e-01
 -4.28202659e-01]
wbc_action q (first 5): [-0.25988749  0.01865277 -0.00516601  0.70301449  0.10978954]
arm joint targets: {'left_shoulder_roll_joint': -0.03181716054677963, 'right_shoulder_roll_joint': 0.0, 'left_elbow_joint': 0.0, 'right_elbow_joint': 0.0}

--- WBC DEBUG STEP ---
num_envs: 1
navigate_cmd (vel_x, vel_y, yaw): [ 0.         -0.00048524  0.00234375]
base_height_cmd (height): [0.75]
torso_orientation_rpy_cmd: [0. 0. 0.]
wbc_obs q (first 5): [-2.97416210e-01 -7.40054311e-05 -1.43387952e-04  7.25618720e-01
 -4.28202718e-01]
wbc_action q (first 5): [-0.2593112   0.01894857 -0.00506109  0.7016387   0.11036752]
arm joint targets: {'left_shoulder_roll_joint': -0.04921199753880501, 'right_shoulder_roll_joint': 0.0, 'left_elbow_joint': 0.0, 'right_elbow_joint': 0.0}

--- WBC DEBUG STEP ---
num_envs: 1
navigate_cmd (vel_x, vel_y, yaw): [ 0.         -0.00013703  0.00429688]
base_height_cmd (height): [0.7494141]
torso_orientation_rpy_cmd: [0. 0. 0.]
wbc_obs q (first 5): [-2.97416180e-01 -7.39909010e-05 -1.43388228e-04  7.25618720e-01
 -4.28203136e-01]
wbc_action q (first 5): [-0.25921786  0.01869013 -0.00527949  0.70193195  0.10980926]
arm joint targets: {'left_shoulder_roll_joint': -0.05682223662734032, 'right_shoulder_roll_joint': 0.0, 'left_elbow_joint': 0.0, 'right_elbow_joint': 0.0}

--- WBC DEBUG STEP ---
num_envs: 1
navigate_cmd (vel_x, vel_y, yaw): [ 0.         -0.00013703  0.00234375]
base_height_cmd (height): [0.7482422]
torso_orientation_rpy_cmd: [0. 0. 0.]
wbc_obs q (first 5): [-2.97416508e-01 -7.41633849e-05 -1.43752011e-04  7.25619614e-01
 -4.28203225e-01]
wbc_action q (first 5): [-0.2597535   0.01868238 -0.00525336  0.70308018  0.10830499]
arm joint targets: {'left_shoulder_roll_joint': -0.04921199753880501, 'right_shoulder_roll_joint': 0.0, 'left_elbow_joint': 0.0, 'right_elbow_joint': 0.0}

--- WBC DEBUG STEP ---
num_envs: 1
navigate_cmd (vel_x, vel_y, yaw): [0.         0.00292721 0.00625   ]
base_height_cmd (height): [0.7488281]
torso_orientation_rpy_cmd: [0. 0. 0.]
wbc_obs q (first 5): [-2.97416091e-01 -7.42669872e-05 -1.43445010e-04  7.25619018e-01
 -4.28202569e-01]
wbc_action q (first 5): [-0.26013285  0.01825526 -0.00498253  0.70283687  0.1078928 ]
arm joint targets: {'left_shoulder_roll_joint': -0.04703764244914055, 'right_shoulder_roll_joint': 0.0, 'left_elbow_joint': 0.0, 'right_elbow_joint': 0.0}

--- WBC DEBUG STEP ---
num_envs: 1
navigate_cmd (vel_x, vel_y, yaw): [0.         0.00097724 0.00136719]
base_height_cmd (height): [0.74853516]
torso_orientation_rpy_cmd: [0. 0. 0.]
wbc_obs q (first 5): [-2.97415882e-01 -7.46381775e-05 -1.43862606e-04  7.25618422e-01
 -4.28202242e-01]
wbc_action q (first 5): [-0.26010722  0.01865322 -0.00493632  0.70287204  0.1075599 ]
arm joint targets: {'left_shoulder_roll_joint': -0.053560707718133926, 'right_shoulder_roll_joint': 0.0, 'left_elbow_joint': 0.0, 'right_elbow_joint': 0.0}

--- WBC DEBUG STEP ---
num_envs: 1
navigate_cmd (vel_x, vel_y, yaw): [0.         0.00055939 0.00722656]
base_height_cmd (height): [0.7488281]
torso_orientation_rpy_cmd: [0. 0. 0.]
wbc_obs q (first 5): [-2.97416091e-01 -7.39693496e-05 -1.42975696e-04  7.25618482e-01
 -4.28202331e-01]
wbc_action q (first 5): [-0.26016593  0.01846971 -0.00518222  0.70261019  0.1076989 ]
arm joint targets: {'left_shoulder_roll_joint': -0.05029917508363724, 'right_shoulder_roll_joint': 0.0, 'left_elbow_joint': 0.0, 'right_elbow_joint': 0.0}

--- WBC DEBUG STEP ---
num_envs: 1
navigate_cmd (vel_x, vel_y, yaw): [ 0.         -0.0004156   0.00234375]
base_height_cmd (height): [0.75]
torso_orientation_rpy_cmd: [0. 0. 0.]
wbc_obs q (first 5): [-2.97416300e-01 -7.48567836e-05 -1.43683734e-04  7.25618482e-01
 -4.28202391e-01]
wbc_action q (first 5): [-0.25953162  0.01882417 -0.00504163  0.70139408  0.1086985 ]
arm joint targets: {'left_shoulder_roll_joint': -0.060083769261837006, 'right_shoulder_roll_joint': 0.0, 'left_elbow_joint': 0.0, 'right_elbow_joint': 0.0}

--- WBC DEBUG STEP ---
num_envs: 1
navigate_cmd (vel_x, vel_y, yaw): [0.         0.00209151 0.00722656]
base_height_cmd (height): [0.7470703]
torso_orientation_rpy_cmd: [0. 0. 0.]
wbc_obs q (first 5): [-2.97416061e-01 -7.44430945e-05 -1.43873491e-04  7.25618899e-01
 -4.28202987e-01]
wbc_action q (first 5): [-0.26014143  0.01810876 -0.00510425  0.70436496  0.10738482]
arm joint targets: {'left_shoulder_roll_joint': -0.054647885262966156, 'right_shoulder_roll_joint': 0.0, 'left_elbow_joint': 0.0, 'right_elbow_joint': 0.0}

--- WBC DEBUG STEP ---
num_envs: 1
navigate_cmd (vel_x, vel_y, yaw): [ 0.         -0.00166915  0.00625   ]
base_height_cmd (height): [0.74736327]
torso_orientation_rpy_cmd: [0. 0. 0.]
wbc_obs q (first 5): [-2.97415257e-01 -7.47405284e-05 -1.43699071e-04  7.25617230e-01
 -4.28202003e-01]
wbc_action q (first 5): [-0.26086879  0.01872433 -0.00544679  0.70421517  0.10717802]
arm joint targets: {'left_shoulder_roll_joint': -0.06551965326070786, 'right_shoulder_roll_joint': 0.0, 'left_elbow_joint': 0.0, 'right_elbow_joint': 0.0}

--- WBC DEBUG STEP ---
num_envs: 1
navigate_cmd (vel_x, vel_y, yaw): [ 0.         -0.00020668  0.00332031]
base_height_cmd (height): [0.7482422]
torso_orientation_rpy_cmd: [0. 0. 0.]
wbc_obs q (first 5): [-2.97416389e-01 -7.37592345e-05 -1.42470672e-04  7.25618780e-01
 -4.28202808e-01]
wbc_action q (first 5): [-0.2606847   0.01870575 -0.00522301  0.70355469  0.10777895]
arm joint targets: {'left_shoulder_roll_joint': -0.06660683453083038, 'right_shoulder_roll_joint': 0.0, 'left_elbow_joint': 0.0, 'right_elbow_joint': 0.0}

--- WBC DEBUG STEP ---
num_envs: 1
navigate_cmd (vel_x, vel_y, yaw): [0.         0.0012558  0.00234375]
base_height_cmd (height): [0.7482422]
torso_orientation_rpy_cmd: [0. 0. 0.]
wbc_obs q (first 5): [-2.97415823e-01 -7.40254836e-05 -1.43456011e-04  7.25618422e-01
 -4.28201973e-01]
wbc_action q (first 5): [-0.26057047  0.01856799 -0.00497372  0.70365584  0.10799654]
arm joint targets: {'left_shoulder_roll_joint': -0.058996591717004776, 'right_shoulder_roll_joint': 0.0, 'left_elbow_joint': 0.0, 'right_elbow_joint': 0.0}

--- WBC DEBUG STEP ---
num_envs: 1
navigate_cmd (vel_x, vel_y, yaw): [ 0.         -0.00013703  0.00625   ]
base_height_cmd (height): [0.7482422]
torso_orientation_rpy_cmd: [0. 0. 0.]
wbc_obs q (first 5): [-2.97415972e-01 -7.38660237e-05 -1.43075085e-04  7.25618482e-01
 -4.28202808e-01]
wbc_action q (first 5): [-0.26069748  0.01860699 -0.0051023   0.70353043  0.10830288]
arm joint targets: {'left_shoulder_roll_joint': -0.062258124351501465, 'right_shoulder_roll_joint': 0.0, 'left_elbow_joint': 0.0, 'right_elbow_joint': 0.0}

--- WBC DEBUG STEP ---
num_envs: 1
navigate_cmd (vel_x, vel_y, yaw): [ 0.         -0.00097274  0.00429688]
base_height_cmd (height): [0.7482422]
torso_orientation_rpy_cmd: [0. 0. 0.]
wbc_obs q (first 5): [-2.97416300e-01 -7.42570774e-05 -1.43564379e-04  7.25618780e-01
 -4.28202689e-01]
wbc_action q (first 5): [-0.26042095  0.01892485 -0.0049925   0.70357049  0.10835458]
arm joint targets: {'left_shoulder_roll_joint': -0.057909414172172546, 'right_shoulder_roll_joint': 0.0, 'left_elbow_joint': 0.0, 'right_elbow_joint': 0.0}

--- WBC DEBUG STEP ---
num_envs: 1
navigate_cmd (vel_x, vel_y, yaw): [0.         0.00153437 0.00234375]
base_height_cmd (height): [0.7458984]
torso_orientation_rpy_cmd: [0. 0. 0.]
wbc_obs q (first 5): [-2.97415733e-01 -7.40915275e-05 -1.43576224e-04  7.25618303e-01
 -4.28202808e-01]
wbc_action q (first 5): [-0.26126868  0.01844107 -0.00470111  0.70614183  0.10725816]
arm joint targets: {'left_shoulder_roll_joint': -0.06769400835037231, 'right_shoulder_roll_joint': 0.0, 'left_elbow_joint': 0.0, 'right_elbow_joint': 0.0}

--- WBC DEBUG STEP ---
num_envs: 1
navigate_cmd (vel_x, vel_y, yaw): [0.         0.00209151 0.00429688]
base_height_cmd (height): [0.74736327]
torso_orientation_rpy_cmd: [0. 0. 0.]
wbc_obs q (first 5): [-2.97415555e-01 -7.37886512e-05 -1.42184988e-04  7.25617588e-01
 -4.28202033e-01]
wbc_action q (first 5): [-0.26167601  0.0185197  -0.00460147  0.70537615  0.10690548]
arm joint targets: {'left_shoulder_roll_joint': -0.05682223662734032, 'right_shoulder_roll_joint': 0.0, 'left_elbow_joint': 0.0, 'right_elbow_joint': 0.0}

--- WBC DEBUG STEP ---
num_envs: 1
navigate_cmd (vel_x, vel_y, yaw): [0.         0.0012558  0.00234375]
base_height_cmd (height): [0.7458984]
torso_orientation_rpy_cmd: [0. 0. 0.]
wbc_obs q (first 5): [-2.97416389e-01 -7.36714283e-05 -1.41915662e-04  7.25619137e-01
 -4.28202122e-01]
wbc_action q (first 5): [-0.2620337   0.01860856 -0.00464465  0.70638943  0.10623385]
arm joint targets: {'left_shoulder_roll_joint': -0.05573505908250809, 'right_shoulder_roll_joint': 0.0, 'left_elbow_joint': 0.0, 'right_elbow_joint': 0.0}

--- WBC DEBUG STEP ---
num_envs: 1
navigate_cmd (vel_x, vel_y, yaw): [0.         0.00167365 0.00820313]
base_height_cmd (height): [0.7464844]
torso_orientation_rpy_cmd: [0. 0. 0.]
wbc_obs q (first 5): [-2.97415286e-01 -7.28712112e-05 -1.40433564e-04  7.25616992e-01
 -4.28201675e-01]
wbc_action q (first 5): [-0.26220453  0.01838528 -0.00484701  0.70600432  0.10633124]
arm joint targets: {'left_shoulder_roll_joint': -0.05682223662734032, 'right_shoulder_roll_joint': 0.0, 'left_elbow_joint': 0.0, 'right_elbow_joint': 0.0}

--- WBC DEBUG STEP ---
num_envs: 1
navigate_cmd (vel_x, vel_y, yaw): [ 0.         -0.00097274  0.00527344]
base_height_cmd (height): [0.7458984]
torso_orientation_rpy_cmd: [0. 0. 0.]
wbc_obs q (first 5): [-2.97415972e-01 -7.24406709e-05 -1.39580879e-04  7.25618601e-01
 -4.28202391e-01]
wbc_action q (first 5): [-0.26243302  0.0187889  -0.00493222  0.70643532  0.10624014]
arm joint targets: {'left_shoulder_roll_joint': -0.061170946806669235, 'right_shoulder_roll_joint': 0.0, 'left_elbow_joint': 0.0, 'right_elbow_joint': 0.0}

--- WBC DEBUG STEP ---
num_envs: 1
navigate_cmd (vel_x, vel_y, yaw): [ 0.         -0.00069417  0.00136719]
base_height_cmd (height): [0.74560547]
torso_orientation_rpy_cmd: [0. 0. 0.]
wbc_obs q (first 5): [-2.97416508e-01 -7.23726407e-05 -1.39124881e-04  7.25619674e-01
 -4.28202927e-01]
wbc_action q (first 5): [-0.26261657  0.01910642 -0.00466847  0.70688349  0.10556237]
arm joint targets: {'left_shoulder_roll_joint': -0.05573505908250809, 'right_shoulder_roll_joint': 0.0, 'left_elbow_joint': 0.0, 'right_elbow_joint': 0.0}

--- WBC DEBUG STEP ---
num_envs: 1
navigate_cmd (vel_x, vel_y, yaw): [ 0.         -0.00055488  0.00039063]
base_height_cmd (height): [0.74501956]
torso_orientation_rpy_cmd: [0. 0. 0.]
wbc_obs q (first 5): [-2.97416091e-01 -7.21136457e-05 -1.38099407e-04  7.25618184e-01
 -4.28202748e-01]
wbc_action q (first 5): [-0.26302779  0.01923313 -0.00456366  0.70750165  0.10484512]
arm joint targets: {'left_shoulder_roll_joint': -0.0524735301733017, 'right_shoulder_roll_joint': 0.0, 'left_elbow_joint': 0.0, 'right_elbow_joint': 0.0}

--- WBC DEBUG STEP ---
num_envs: 1
navigate_cmd (vel_x, vel_y, yaw): [ 0.         -0.00034596  0.00234375]
base_height_cmd (height): [0.7444336]
torso_orientation_rpy_cmd: [0. 0. 0.]
wbc_obs q (first 5): [-2.97416866e-01 -7.16584691e-05 -1.36655784e-04  7.25620210e-01
 -4.28203255e-01]
wbc_action q (first 5): [-0.26355857  0.01921179 -0.00454414  0.70820785  0.10405515]
arm joint targets: {'left_shoulder_roll_joint': -0.061170946806669235, 'right_shoulder_roll_joint': 0.0, 'left_elbow_joint': 0.0, 'right_elbow_joint': 0.0}

--- WBC DEBUG STEP ---
num_envs: 1
navigate_cmd (vel_x, vel_y, yaw): [0.         0.00097724 0.00234375]
base_height_cmd (height): [0.7423828]
torso_orientation_rpy_cmd: [0. 0. 0.]
wbc_obs q (first 5): [-2.97415882e-01 -7.07609870e-05 -1.34874324e-04  7.25617945e-01
 -4.28202003e-01]
wbc_action q (first 5): [-0.26462358  0.01893713 -0.00443486  0.71039259  0.10167931]
arm joint targets: {'left_shoulder_roll_joint': -0.04486328735947609, 'right_shoulder_roll_joint': 0.0, 'left_elbow_joint': 0.0, 'right_elbow_joint': 0.0}

--- WBC DEBUG STEP ---
num_envs: 1
navigate_cmd (vel_x, vel_y, yaw): [0.         0.0012558  0.00039063]
base_height_cmd (height): [0.74208987]
torso_orientation_rpy_cmd: [0. 0. 0.]
wbc_obs q (first 5): [-2.97416389e-01 -7.12458204e-05 -1.35855909e-04  7.25618541e-01
 -4.28202689e-01]
wbc_action q (first 5): [-0.26555881  0.0189478  -0.00427059  0.71105254  0.100376  ]
arm joint targets: {'left_shoulder_roll_joint': -0.062258124351501465, 'right_shoulder_roll_joint': 0.0, 'left_elbow_joint': 0.0, 'right_elbow_joint': 0.0}

--- WBC DEBUG STEP ---
num_envs: 1
navigate_cmd (vel_x, vel_y, yaw): [ 0.         -0.00083345  0.00039063]
base_height_cmd (height): [0.74179685]
torso_orientation_rpy_cmd: [0. 0. 0.]
wbc_obs q (first 5): [-2.97416449e-01 -7.16173745e-05 -1.37033450e-04  7.25619197e-01
 -4.28203285e-01]
wbc_action q (first 5): [-0.26625305  0.01923156 -0.00455841  0.71125448  0.09875633]
arm joint targets: {'left_shoulder_roll_joint': -0.0633452981710434, 'right_shoulder_roll_joint': 0.0, 'left_elbow_joint': 0.0, 'right_elbow_joint': 0.0}

--- WBC DEBUG STEP ---
num_envs: 1
navigate_cmd (vel_x, vel_y, yaw): [0.         0.0012558  0.00039063]
base_height_cmd (height): [0.74208987]
torso_orientation_rpy_cmd: [0. 0. 0.]
wbc_obs q (first 5): [-2.97416896e-01 -7.07649378e-05 -1.36015558e-04  7.25619853e-01
 -4.28203225e-01]
wbc_action q (first 5): [-0.26652208  0.01922956 -0.004248    0.71128261  0.09780218]
arm joint targets: {'left_shoulder_roll_joint': -0.060083769261837006, 'right_shoulder_roll_joint': 0.0, 'left_elbow_joint': 0.0, 'right_elbow_joint': 0.0}

--- WBC DEBUG STEP ---
num_envs: 1
navigate_cmd (vel_x, vel_y, yaw): [ 0.         -0.00166915 -0.00351563]
base_height_cmd (height): [0.74121094]
torso_orientation_rpy_cmd: [0. 0. 0.]
wbc_obs q (first 5): [-2.97416627e-01 -7.13120244e-05 -1.36648843e-04  7.25619376e-01
 -4.28202957e-01]
wbc_action q (first 5): [-0.26690328  0.01981426 -0.00434866  0.7118988   0.09674861]
arm joint targets: {'left_shoulder_roll_joint': -0.05682223662734032, 'right_shoulder_roll_joint': 0.0, 'left_elbow_joint': 0.0, 'right_elbow_joint': 0.0}

--- WBC DEBUG STEP ---
num_envs: 1
navigate_cmd (vel_x, vel_y, yaw): [0.         0.00209151 0.00039063]
base_height_cmd (height): [0.7494141]
torso_orientation_rpy_cmd: [0. 0. 0.]
wbc_obs q (first 5): [-2.97415674e-01 -8.84261681e-05 -1.81351090e-04  7.25618303e-01
 -4.28202331e-01]
wbc_action q (first 5): [-0.26401204  0.01975971 -0.00427329  0.70454538  0.10109429]
arm joint targets: {'left_shoulder_roll_joint': -0.03616587072610855, 'right_shoulder_roll_joint': 0.0, 'left_elbow_joint': 0.0, 'right_elbow_joint': 0.0}

--- WBC DEBUG STEP ---
num_envs: 1
navigate_cmd (vel_x, vel_y, yaw): [0.         0.00320577 0.00332031]
base_height_cmd (height): [0.75]
torso_orientation_rpy_cmd: [0. 0. 0.]
wbc_obs q (first 5): [-2.97415704e-01 -7.66832673e-05 -1.50640000e-04  7.25617886e-01
 -4.28202033e-01]
wbc_action q (first 5): [-0.26114359  0.01985142 -0.00383606  0.70336592  0.10566466]
arm joint targets: {'left_shoulder_roll_joint': -0.03290433809161186, 'right_shoulder_roll_joint': 0.0, 'left_elbow_joint': 0.0, 'right_elbow_joint': 0.0}

--- WBC DEBUG STEP ---
num_envs: 1
navigate_cmd (vel_x, vel_y, yaw): [0.         0.00432004 0.00527344]
base_height_cmd (height): [0.75]
torso_orientation_rpy_cmd: [0. 0. 0.]
wbc_obs q (first 5): [-2.97415584e-01 -7.65305886e-05 -1.49011699e-04  7.25617826e-01
 -4.28201765e-01]
wbc_action q (first 5): [-0.25999224  0.01942879 -0.00380747  0.70352882  0.10860302]
arm joint targets: {'left_shoulder_roll_joint': -0.03616587072610855, 'right_shoulder_roll_joint': 0.0, 'left_elbow_joint': 0.0, 'right_elbow_joint': 0.0}

--- WBC DEBUG STEP ---
num_envs: 1
navigate_cmd (vel_x, vel_y, yaw): [0.         0.00139509 0.00625   ]
base_height_cmd (height): [0.75]
torso_orientation_rpy_cmd: [0. 0. 0.]
wbc_obs q (first 5): [-2.97415972e-01 -7.59496688e-05 -1.47570521e-04  7.25618184e-01
 -4.28202152e-01]
wbc_action q (first 5): [-0.25929955  0.01958879 -0.00434914  0.70322382  0.11040582]
arm joint targets: {'left_shoulder_roll_joint': -0.027468452230095863, 'right_shoulder_roll_joint': 0.0, 'left_elbow_joint': 0.0, 'right_elbow_joint': 0.0}

--- WBC DEBUG STEP ---
num_envs: 1
navigate_cmd (vel_x, vel_y, yaw): [0.         0.00181294 0.00332031]
base_height_cmd (height): [0.7488281]
torso_orientation_rpy_cmd: [0. 0. 0.]
wbc_obs q (first 5): [-2.97415704e-01 -7.56436275e-05 -1.46436229e-04  7.25617647e-01
 -4.28202093e-01]
wbc_action q (first 5): [-0.25920093  0.01944843 -0.0042269   0.70435131  0.11152066]
arm joint targets: {'left_shoulder_roll_joint': -0.030729984864592552, 'right_shoulder_roll_joint': 0.0, 'left_elbow_joint': 0.0, 'right_elbow_joint': 0.0}

--- WBC DEBUG STEP ---
num_envs: 1
navigate_cmd (vel_x, vel_y, yaw): [0.         0.00167365 0.00527344]
base_height_cmd (height): [0.74912107]
torso_orientation_rpy_cmd: [0. 0. 0.]
wbc_obs q (first 5): [-2.97416270e-01 -7.40177275e-05 -1.43471436e-04  7.25618243e-01
 -4.28202271e-01]
wbc_action q (first 5): [-0.25934678  0.01893494 -0.00474104  0.70392847  0.11270367]
arm joint targets: {'left_shoulder_roll_joint': -0.028555629774928093, 'right_shoulder_roll_joint': 0.0, 'left_elbow_joint': 0.0, 'right_elbow_joint': 0.0}

--- WBC DEBUG STEP ---
num_envs: 1
navigate_cmd (vel_x, vel_y, yaw): [0.         0.00104688 0.00527344]
base_height_cmd (height): [0.75]
torso_orientation_rpy_cmd: [0. 0. 0.]
wbc_obs q (first 5): [-2.97415555e-01 -7.41698968e-05 -1.43137382e-04  7.25617826e-01
 -4.28201824e-01]
wbc_action q (first 5): [-0.2587682   0.01897569 -0.00483735  0.70286107  0.11426271]
arm joint targets: {'left_shoulder_roll_joint': -0.024206921458244324, 'right_shoulder_roll_joint': 0.0, 'left_elbow_joint': 0.0, 'right_elbow_joint': 0.0}

--- WBC DEBUG STEP ---
num_envs: 1
navigate_cmd (vel_x, vel_y, yaw): [0.         0.0012558  0.00527344]
base_height_cmd (height): [0.75]
torso_orientation_rpy_cmd: [0. 0. 0.]
wbc_obs q (first 5): [-2.97416031e-01 -7.35427966e-05 -1.42056175e-04  7.25618184e-01
 -4.28202659e-01]
wbc_action q (first 5): [-0.25813138  0.01888438 -0.00486484  0.70256323  0.11526947]
arm joint targets: {'left_shoulder_roll_joint': -0.028555629774928093, 'right_shoulder_roll_joint': 0.0, 'left_elbow_joint': 0.0, 'right_elbow_joint': 0.0}

--- WBC DEBUG STEP ---
num_envs: 1
navigate_cmd (vel_x, vel_y, yaw): [0.         0.00014153 0.00332031]
base_height_cmd (height): [0.74970704]
torso_orientation_rpy_cmd: [0. 0. 0.]
wbc_obs q (first 5): [-2.97416270e-01 -7.37255468e-05 -1.42298857e-04  7.25618303e-01
 -4.28202301e-01]
wbc_action q (first 5): [-0.25799087  0.0189552  -0.00493201  0.70276403  0.11541693]
arm joint targets: {'left_shoulder_roll_joint': -0.027468452230095863, 'right_shoulder_roll_joint': 0.0, 'left_elbow_joint': 0.0, 'right_elbow_joint': 0.0}

--- WBC DEBUG STEP ---
num_envs: 1
navigate_cmd (vel_x, vel_y, yaw): [0.         0.00097724 0.00234375]
base_height_cmd (height): [0.75]
torso_orientation_rpy_cmd: [0. 0. 0.]
wbc_obs q (first 5): [-2.97415495e-01 -7.41016192e-05 -1.42437028e-04  7.25617468e-01
 -4.28201914e-01]
wbc_action q (first 5): [-0.25782269  0.01876721 -0.00501289  0.70239729  0.11563088]
arm joint targets: {'left_shoulder_roll_joint': -0.023119743913412094, 'right_shoulder_roll_joint': 0.0, 'left_elbow_joint': 0.0, 'right_elbow_joint': 0.0}

--- WBC DEBUG STEP ---
num_envs: 1
navigate_cmd (vel_x, vel_y, yaw): [0.         0.0004201  0.00429688]
base_height_cmd (height): [0.74912107]
torso_orientation_rpy_cmd: [0. 0. 0.]
wbc_obs q (first 5): [-2.97416449e-01 -7.34602727e-05 -1.42186618e-04  7.25619316e-01
 -4.28203136e-01]
wbc_action q (first 5): [-0.25804394  0.01864136 -0.00513309  0.70308959  0.11545964]
arm joint targets: {'left_shoulder_roll_joint': -0.022032566368579865, 'right_shoulder_roll_joint': 0.0, 'left_elbow_joint': 0.0, 'right_elbow_joint': 0.0}

--- WBC DEBUG STEP ---
num_envs: 1
navigate_cmd (vel_x, vel_y, yaw): [0.         0.00055939 0.00234375]
base_height_cmd (height): [0.7494141]
torso_orientation_rpy_cmd: [0. 0. 0.]
wbc_obs q (first 5): [-2.97415793e-01 -7.41162512e-05 -1.42881734e-04  7.25618184e-01
 -4.28202599e-01]
wbc_action q (first 5): [-0.25812575  0.01867862 -0.00501674  0.70297933  0.11557285]
arm joint targets: {'left_shoulder_roll_joint': -0.025294099003076553, 'right_shoulder_roll_joint': 0.0, 'left_elbow_joint': 0.0, 'right_elbow_joint': 0.0}

--- WBC DEBUG STEP ---
num_envs: 1
navigate_cmd (vel_x, vel_y, yaw): [ 0.         -0.00013703  0.00234375]
base_height_cmd (height): [0.7494141]
torso_orientation_rpy_cmd: [0. 0. 0.]
wbc_obs q (first 5): [-2.97416121e-01 -7.39634561e-05 -1.42534118e-04  7.25618780e-01
 -4.28202420e-01]
wbc_action q (first 5): [-0.25812078  0.01872893 -0.00513038  0.7028715   0.115371  ]
arm joint targets: {'left_shoulder_roll_joint': -0.024206921458244324, 'right_shoulder_roll_joint': 0.0, 'left_elbow_joint': 0.0, 'right_elbow_joint': 0.0}

--- WBC DEBUG STEP ---
num_envs: 1
navigate_cmd (vel_x, vel_y, yaw): [0.         0.00014153 0.00332031]
base_height_cmd (height): [0.74970704]
torso_orientation_rpy_cmd: [0. 0. 0.]
wbc_obs q (first 5): [-2.97415942e-01 -7.37524751e-05 -1.42150675e-04  7.25618124e-01
 -4.28202152e-01]
wbc_action q (first 5): [-0.25819606  0.01869476 -0.00513436  0.70257151  0.11538114]
arm joint targets: {'left_shoulder_roll_joint': -0.020945388823747635, 'right_shoulder_roll_joint': 0.0, 'left_elbow_joint': 0.0, 'right_elbow_joint': 0.0}

--- WBC DEBUG STEP ---
num_envs: 1
navigate_cmd (vel_x, vel_y, yaw): [0.         0.00014153 0.00234375]
base_height_cmd (height): [0.7494141]
torso_orientation_rpy_cmd: [0. 0. 0.]
wbc_obs q (first 5): [-2.97415555e-01 -7.42293487e-05 -1.43034646e-04  7.25617230e-01
 -4.28201675e-01]
wbc_action q (first 5): [-0.25813439  0.01871282 -0.0051301   0.70274377  0.11517622]
arm joint targets: {'left_shoulder_roll_joint': -0.023119743913412094, 'right_shoulder_roll_joint': 0.0, 'left_elbow_joint': 0.0, 'right_elbow_joint': 0.0}

--- WBC DEBUG STEP ---
num_envs: 1
navigate_cmd (vel_x, vel_y, yaw): [ 0.         -0.00069417  0.00234375]
base_height_cmd (height): [0.7494141]
torso_orientation_rpy_cmd: [0. 0. 0.]
wbc_obs q (first 5): [-2.97415495e-01 -7.37894079e-05 -1.41988072e-04  7.25616872e-01
 -4.28201199e-01]
wbc_action q (first 5): [-0.25824967  0.01884844 -0.00519769  0.7027458   0.11496942]
arm joint targets: {'left_shoulder_roll_joint': -0.018771035596728325, 'right_shoulder_roll_joint': 0.0, 'left_elbow_joint': 0.0, 'right_elbow_joint': 0.0}

--- WBC DEBUG STEP ---
num_envs: 1
navigate_cmd (vel_x, vel_y, yaw): [0.         0.00083795 0.00332031]
base_height_cmd (height): [0.74970704]
torso_orientation_rpy_cmd: [0. 0. 0.]
wbc_obs q (first 5): [-2.97416180e-01 -7.39428360e-05 -1.42510602e-04  7.25618303e-01
 -4.28202480e-01]
wbc_action q (first 5): [-0.25820994  0.01857653 -0.00514598  0.70246881  0.11508109]
arm joint targets: {'left_shoulder_roll_joint': -0.016596680507063866, 'right_shoulder_roll_joint': 0.0, 'left_elbow_joint': 0.0, 'right_elbow_joint': 0.0}

--- WBC DEBUG STEP ---
num_envs: 1
navigate_cmd (vel_x, vel_y, yaw): [0.         0.0004201  0.00234375]
base_height_cmd (height): [0.7494141]
torso_orientation_rpy_cmd: [0. 0. 0.]
wbc_obs q (first 5): [-2.97415555e-01 -7.40141695e-05 -1.42311692e-04  7.25617051e-01
 -4.28201467e-01]
wbc_action q (first 5): [-0.25825229  0.01858333 -0.00512916  0.70266652  0.11479925]
arm joint targets: {'left_shoulder_roll_joint': -0.027468452230095863, 'right_shoulder_roll_joint': 0.0, 'left_elbow_joint': 0.0, 'right_elbow_joint': 0.0}

--- WBC DEBUG STEP ---
num_envs: 1
navigate_cmd (vel_x, vel_y, yaw): [ 0.         -0.00055488  0.00234375]
base_height_cmd (height): [0.7476562]
torso_orientation_rpy_cmd: [0. 0. 0.]
wbc_obs q (first 5): [-2.97415525e-01 -7.41553376e-05 -1.42621022e-04  7.25617051e-01
 -4.28201467e-01]
wbc_action q (first 5): [-0.25901711  0.01861936 -0.00525612  0.70433974  0.11307167]
arm joint targets: {'left_shoulder_roll_joint': -0.028555629774928093, 'right_shoulder_roll_joint': 0.0, 'left_elbow_joint': 0.0, 'right_elbow_joint': 0.0}

--- WBC DEBUG STEP ---
num_envs: 1
navigate_cmd (vel_x, vel_y, yaw): [ 0.         -0.00097274 -0.0015625 ]
base_height_cmd (height): [0.7494141]
torso_orientation_rpy_cmd: [0. 0. 0.]
wbc_obs q (first 5): [-2.97416061e-01 -7.35370122e-05 -1.41810815e-04  7.25618482e-01
 -4.28202420e-01]
wbc_action q (first 5): [-0.25901484  0.01912041 -0.00506482  0.702887    0.11302842]
arm joint targets: {'left_shoulder_roll_joint': -0.024206921458244324, 'right_shoulder_roll_joint': 0.0, 'left_elbow_joint': 0.0, 'right_elbow_joint': 0.0}

--- WBC DEBUG STEP ---
num_envs: 1
navigate_cmd (vel_x, vel_y, yaw): [ 0.         -0.00055488  0.00332031]
base_height_cmd (height): [0.7494141]
torso_orientation_rpy_cmd: [0. 0. 0.]
wbc_obs q (first 5): [-2.97416598e-01 -7.39464886e-05 -1.42250996e-04  7.25619256e-01
 -4.28202718e-01]
wbc_action q (first 5): [-0.25875056  0.0188456  -0.00527171  0.70244002  0.11311458]
arm joint targets: {'left_shoulder_roll_joint': -0.03616587072610855, 'right_shoulder_roll_joint': 0.0, 'left_elbow_joint': 0.0, 'right_elbow_joint': 0.0}

--- WBC DEBUG STEP ---
num_envs: 1
navigate_cmd (vel_x, vel_y, yaw): [ 0.         -0.00027632  0.00527344]
base_height_cmd (height): [0.74912107]
torso_orientation_rpy_cmd: [0. 0. 0.]
wbc_obs q (first 5): [-2.97416031e-01 -7.37723676e-05 -1.42030971e-04  7.25619018e-01
 -4.28203106e-01]
wbc_action q (first 5): [-0.25890344  0.01862425 -0.00547087  0.70268703  0.11265902]
arm joint targets: {'left_shoulder_roll_joint': -0.04051458090543747, 'right_shoulder_roll_joint': 0.0, 'left_elbow_joint': 0.0, 'right_elbow_joint': 0.0}

--- WBC DEBUG STEP ---
num_envs: 1
navigate_cmd (vel_x, vel_y, yaw): [ 0.         -0.0004156   0.00429688]
base_height_cmd (height): [0.74912107]
torso_orientation_rpy_cmd: [0. 0. 0.]
wbc_obs q (first 5): [-2.97415614e-01 -7.36641377e-05 -1.41648663e-04  7.25617290e-01
 -4.28201914e-01]
wbc_action q (first 5): [-0.25920668  0.01867015 -0.00536134  0.70272851  0.11185817]
arm joint targets: {'left_shoulder_roll_joint': -0.03399151563644409, 'right_shoulder_roll_joint': 0.0, 'left_elbow_joint': 0.0, 'right_elbow_joint': 0.0}

--- WBC DEBUG STEP ---
num_envs: 1
navigate_cmd (vel_x, vel_y, yaw): [ 0.         -0.00097274  0.00234375]
base_height_cmd (height): [0.7494141]
torso_orientation_rpy_cmd: [0. 0. 0.]
wbc_obs q (first 5): [-2.97415555e-01 -7.40179385e-05 -1.42132092e-04  7.25617528e-01
 -4.28202212e-01]
wbc_action q (first 5): [-0.25918946  0.01887263 -0.00524943  0.70220274  0.11151333]
arm joint targets: {'left_shoulder_roll_joint': -0.03834022581577301, 'right_shoulder_roll_joint': 0.0, 'left_elbow_joint': 0.0, 'right_elbow_joint': 0.0}

--- WBC DEBUG STEP ---
num_envs: 1
navigate_cmd (vel_x, vel_y, yaw): [0.         0.00097724 0.00234375]
base_height_cmd (height): [0.74736327]
torso_orientation_rpy_cmd: [0. 0. 0.]
wbc_obs q (first 5): [-2.97416091e-01 -7.34142523e-05 -1.42323974e-04  7.25618839e-01
 -4.28202599e-01]
wbc_action q (first 5): [-0.25982913  0.01847812 -0.00503367  0.70426166  0.10983075]
arm joint targets: {'left_shoulder_roll_joint': -0.04377610981464386, 'right_shoulder_roll_joint': 0.0, 'left_elbow_joint': 0.0, 'right_elbow_joint': 0.0}

--- WBC DEBUG STEP ---
num_envs: 1
navigate_cmd (vel_x, vel_y, yaw): [ 0.         -0.0004156   0.00234375]
base_height_cmd (height): [0.7488281]
torso_orientation_rpy_cmd: [0. 0. 0.]
wbc_obs q (first 5): [-2.97416180e-01 -7.35548601e-05 -1.41626850e-04  7.25618541e-01
 -4.28202569e-01]
wbc_action q (first 5): [-0.26001367  0.01875898 -0.00513101  0.70316714  0.10952906]
arm joint targets: {'left_shoulder_roll_joint': -0.03834022581577301, 'right_shoulder_roll_joint': 0.0, 'left_elbow_joint': 0.0, 'right_elbow_joint': 0.0}

--- WBC DEBUG STEP ---
num_envs: 1
navigate_cmd (vel_x, vel_y, yaw): [0.         0.00014153 0.00234375]
base_height_cmd (height): [0.74853516]
torso_orientation_rpy_cmd: [0. 0. 0.]
wbc_obs q (first 5): [-2.97415465e-01 -7.36623115e-05 -1.42281846e-04  7.25618005e-01
 -4.28202152e-01]
wbc_action q (first 5): [-0.26014671  0.01860585 -0.00509984  0.70310473  0.10938434]
arm joint targets: {'left_shoulder_roll_joint': -0.04595046490430832, 'right_shoulder_roll_joint': 0.0, 'left_elbow_joint': 0.0, 'right_elbow_joint': 0.0}

--- WBC DEBUG STEP ---
num_envs: 1
navigate_cmd (vel_x, vel_y, yaw): [ 0.         -0.00076381  0.00429688]
base_height_cmd (height): [0.7494141]
torso_orientation_rpy_cmd: [0. 0. 0.]
wbc_obs q (first 5): [-2.97415704e-01 -7.39370007e-05 -1.42084740e-04  7.25617886e-01
 -4.28202212e-01]
wbc_action q (first 5): [-0.25979671  0.01887358 -0.00512373  0.70219302  0.1094292 ]
arm joint targets: {'left_shoulder_roll_joint': -0.05138635262846947, 'right_shoulder_roll_joint': 0.0, 'left_elbow_joint': 0.0, 'right_elbow_joint': 0.0}

--- WBC DEBUG STEP ---
num_envs: 1
navigate_cmd (vel_x, vel_y, yaw): [0.         0.0004201  0.00234375]
base_height_cmd (height): [0.7482422]
torso_orientation_rpy_cmd: [0. 0. 0.]
wbc_obs q (first 5): [-2.97414988e-01 -7.39798561e-05 -1.42635850e-04  7.25616038e-01
 -4.28201616e-01]
wbc_action q (first 5): [-0.25997111  0.01865374 -0.00506334  0.70317751  0.1084971 ]
arm joint targets: {'left_shoulder_roll_joint': -0.04703764244914055, 'right_shoulder_roll_joint': 0.0, 'left_elbow_joint': 0.0, 'right_elbow_joint': 0.0}

--- WBC DEBUG STEP ---
num_envs: 1
navigate_cmd (vel_x, vel_y, yaw): [0.0000000e+00 2.2504828e-06 3.9062501e-04]
base_height_cmd (height): [0.74912107]
torso_orientation_rpy_cmd: [0. 0. 0.]
wbc_obs q (first 5): [-2.97415972e-01 -7.38960880e-05 -1.42485500e-04  7.25618660e-01
 -4.28202301e-01]
wbc_action q (first 5): [-0.259909    0.01907425 -0.0047818   0.70265055  0.10854025]
arm joint targets: {'left_shoulder_roll_joint': -0.04268893226981163, 'right_shoulder_roll_joint': 0.0, 'left_elbow_joint': 0.0, 'right_elbow_joint': 0.0}

--- WBC DEBUG STEP ---
num_envs: 1
navigate_cmd (vel_x, vel_y, yaw): [0.         0.00069867 0.00136719]
base_height_cmd (height): [0.7482422]
torso_orientation_rpy_cmd: [0. 0. 0.]
wbc_obs q (first 5): [-2.97416061e-01 -7.36141155e-05 -1.41913479e-04  7.25618660e-01
 -4.28202122e-01]
wbc_action q (first 5): [-0.26014307  0.0187834  -0.00477521  0.70337349  0.108272  ]
arm joint targets: {'left_shoulder_roll_joint': -0.05138635262846947, 'right_shoulder_roll_joint': 0.0, 'left_elbow_joint': 0.0, 'right_elbow_joint': 0.0}

--- WBC DEBUG STEP ---
num_envs: 1
navigate_cmd (vel_x, vel_y, yaw): [ 0.         -0.00013703  0.00234375]
base_height_cmd (height): [0.75]
torso_orientation_rpy_cmd: [0. 0. 0.]
wbc_obs q (first 5): [-2.97416031e-01 -7.35828871e-05 -1.41945638e-04  7.25618482e-01
 -4.28202450e-01]
wbc_action q (first 5): [-0.25972006  0.01902509 -0.00488432  0.70178682  0.10914476]
arm joint targets: {'left_shoulder_roll_joint': -0.04268893226981163, 'right_shoulder_roll_joint': 0.0, 'left_elbow_joint': 0.0, 'right_elbow_joint': 0.0}

--- WBC DEBUG STEP ---
num_envs: 1
navigate_cmd (vel_x, vel_y, yaw): [0.         0.00097724 0.00234375]
base_height_cmd (height): [0.7476562]
torso_orientation_rpy_cmd: [0. 0. 0.]
wbc_obs q (first 5): [-2.97416151e-01 -7.39836905e-05 -1.42017452e-04  7.25619197e-01
 -4.28202659e-01]
wbc_action q (first 5): [-0.25987667  0.01854613 -0.00489646  0.70372784  0.10864221]
arm joint targets: {'left_shoulder_roll_joint': -0.05682223662734032, 'right_shoulder_roll_joint': 0.0, 'left_elbow_joint': 0.0, 'right_elbow_joint': 0.0}

--- WBC DEBUG STEP ---
num_envs: 1
navigate_cmd (vel_x, vel_y, yaw): [0.         0.00111652 0.00527344]
base_height_cmd (height): [0.7488281]
torso_orientation_rpy_cmd: [0. 0. 0.]
wbc_obs q (first 5): [-2.97415704e-01 -7.34150890e-05 -1.41714525e-04  7.25618482e-01
 -4.28202987e-01]
wbc_action q (first 5): [-0.26008105  0.01846904 -0.00506371  0.70308602  0.10873194]
arm joint targets: {'left_shoulder_roll_joint': -0.057909414172172546, 'right_shoulder_roll_joint': 0.0, 'left_elbow_joint': 0.0, 'right_elbow_joint': 0.0}

--- WBC DEBUG STEP ---
num_envs: 1
navigate_cmd (vel_x, vel_y, yaw): [0.         0.00014153 0.00820313]
base_height_cmd (height): [0.74736327]
torso_orientation_rpy_cmd: [0. 0. 0.]
wbc_obs q (first 5): [-2.97415584e-01 -7.40138348e-05 -1.42705685e-04  7.25617588e-01
 -4.28202063e-01]
wbc_action q (first 5): [-0.26063642  0.01840105 -0.00522487  0.70430183  0.10800008]
arm joint targets: {'left_shoulder_roll_joint': -0.060083769261837006, 'right_shoulder_roll_joint': 0.0, 'left_elbow_joint': 0.0, 'right_elbow_joint': 0.0}

--- WBC DEBUG STEP ---
num_envs: 1
navigate_cmd (vel_x, vel_y, yaw): [0.         0.00237007 0.00332031]
base_height_cmd (height): [0.74794924]
torso_orientation_rpy_cmd: [0. 0. 0.]
wbc_obs q (first 5): [-2.97415793e-01 -7.36019501e-05 -1.42179211e-04  7.25617409e-01
 -4.28202182e-01]
wbc_action q (first 5): [-0.26084876  0.01837573 -0.00487323  0.70408511  0.10788609]
arm joint targets: {'left_shoulder_roll_joint': -0.05138635262846947, 'right_shoulder_roll_joint': 0.0, 'left_elbow_joint': 0.0, 'right_elbow_joint': 0.0}

--- WBC DEBUG STEP ---
num_envs: 1
navigate_cmd (vel_x, vel_y, yaw): [0.         0.00048974 0.00625   ]
base_height_cmd (height): [0.7482422]
torso_orientation_rpy_cmd: [0. 0. 0.]
wbc_obs q (first 5): [-2.97416389e-01 -7.37379232e-05 -1.42055578e-04  7.25618899e-01
 -4.28202271e-01]
wbc_action q (first 5): [-0.26078728  0.01865791 -0.00485893  0.70368654  0.10831277]
arm joint targets: {'left_shoulder_roll_joint': -0.053560707718133926, 'right_shoulder_roll_joint': 0.0, 'left_elbow_joint': 0.0, 'right_elbow_joint': 0.0}

--- WBC DEBUG STEP ---
num_envs: 1
navigate_cmd (vel_x, vel_y, yaw): [ 0.         -0.00069417  0.00136719]
base_height_cmd (height): [0.7458984]
torso_orientation_rpy_cmd: [0. 0. 0.]
wbc_obs q (first 5): [-2.97415733e-01 -7.36221336e-05 -1.41891636e-04  7.25617588e-01
 -4.28202182e-01]
wbc_action q (first 5): [-0.26131558  0.01877946 -0.00482071  0.70587099  0.10721819]
arm joint targets: {'left_shoulder_roll_joint': -0.062258124351501465, 'right_shoulder_roll_joint': 0.0, 'left_elbow_joint': 0.0, 'right_elbow_joint': 0.0}

--- WBC DEBUG STEP ---
num_envs: 1
navigate_cmd (vel_x, vel_y, yaw): [0.         0.00097724 0.00234375]
base_height_cmd (height): [0.74736327]
torso_orientation_rpy_cmd: [0. 0. 0.]
wbc_obs q (first 5): [-2.97416121e-01 -7.33409252e-05 -1.41660697e-04  7.25618541e-01
 -4.28202569e-01]
wbc_action q (first 5): [-0.26148722  0.01865085 -0.00471738  0.70515537  0.1071745 ]
arm joint targets: {'left_shoulder_roll_joint': -0.060083769261837006, 'right_shoulder_roll_joint': 0.0, 'left_elbow_joint': 0.0, 'right_elbow_joint': 0.0}

--- WBC DEBUG STEP ---
num_envs: 1
navigate_cmd (vel_x, vel_y, yaw): [0.         0.00055939 0.00332031]
base_height_cmd (height): [0.7461914]
torso_orientation_rpy_cmd: [0. 0. 0.]
wbc_obs q (first 5): [-2.97416091e-01 -7.34525893e-05 -1.40682663e-04  7.25618303e-01
 -4.28202420e-01]
wbc_action q (first 5): [-0.2618084   0.01858244 -0.00484667  0.70603263  0.10646503]
arm joint targets: {'left_shoulder_roll_joint': -0.04595046490430832, 'right_shoulder_roll_joint': 0.0, 'left_elbow_joint': 0.0, 'right_elbow_joint': 0.0}

--- WBC DEBUG STEP ---
num_envs: 1
navigate_cmd (vel_x, vel_y, yaw): [ 0.         -0.00013703  0.00917969]
base_height_cmd (height): [0.74560547]
torso_orientation_rpy_cmd: [0. 0. 0.]
wbc_obs q (first 5): [-2.97415942e-01 -7.21433753e-05 -1.38834788e-04  7.25618184e-01
 -4.28202361e-01]
wbc_action q (first 5): [-0.26251945  0.0185449  -0.00502723  0.70670092  0.10664804]
arm joint targets: {'left_shoulder_roll_joint': -0.06660683453083038, 'right_shoulder_roll_joint': 0.0, 'left_elbow_joint': 0.0, 'right_elbow_joint': 0.0}

--- WBC DEBUG STEP ---
num_envs: 1
navigate_cmd (vel_x, vel_y, yaw): [0.         0.00014153 0.00039063]
base_height_cmd (height): [0.7444336]
torso_orientation_rpy_cmd: [0. 0. 0.]
wbc_obs q (first 5): [-2.97416031e-01 -7.20464159e-05 -1.38261152e-04  7.25617766e-01
 -4.28202391e-01]
wbc_action q (first 5): [-0.263053    0.01882568 -0.00469165  0.7081368   0.10509519]
arm joint targets: {'left_shoulder_roll_joint': -0.058996591717004776, 'right_shoulder_roll_joint': 0.0, 'left_elbow_joint': 0.0, 'right_elbow_joint': 0.0}

--- WBC DEBUG STEP ---
num_envs: 1
navigate_cmd (vel_x, vel_y, yaw): [ 0.         -0.00069417  0.00234375]
base_height_cmd (height): [0.7458984]
torso_orientation_rpy_cmd: [0. 0. 0.]
wbc_obs q (first 5): [-2.97415942e-01 -7.14583584e-05 -1.36571180e-04  7.25618601e-01
 -4.28202599e-01]
wbc_action q (first 5): [-0.26319683  0.01917382 -0.00460764  0.70703578  0.1050304 ]
arm joint targets: {'left_shoulder_roll_joint': -0.05573505908250809, 'right_shoulder_roll_joint': 0.0, 'left_elbow_joint': 0.0, 'right_elbow_joint': 0.0}

--- WBC DEBUG STEP ---
num_envs: 1
navigate_cmd (vel_x, vel_y, yaw): [ 0.         -0.00097274  0.00039063]
base_height_cmd (height): [0.74501956]
torso_orientation_rpy_cmd: [0. 0. 0.]
wbc_obs q (first 5): [-2.97416538e-01 -7.11612447e-05 -1.36417104e-04  7.25619435e-01
 -4.28202480e-01]
wbc_action q (first 5): [-0.26342657  0.01936003 -0.00446191  0.70765007  0.10451762]
arm joint targets: {'left_shoulder_roll_joint': -0.05138635262846947, 'right_shoulder_roll_joint': 0.0, 'left_elbow_joint': 0.0, 'right_elbow_joint': 0.0}

--- WBC DEBUG STEP ---
num_envs: 1
navigate_cmd (vel_x, vel_y, yaw): [0.         0.00160401 0.00136719]
base_height_cmd (height): [0.7453125]
torso_orientation_rpy_cmd: [0. 0. 0.]
wbc_obs q (first 5): [-2.97416508e-01 -7.13279151e-05 -1.35894021e-04  7.25619078e-01
 -4.28202957e-01]
wbc_action q (first 5): [-0.26343659  0.01901562 -0.00430126  0.70763683  0.10432906]
arm joint targets: {'left_shoulder_roll_joint': -0.04812481999397278, 'right_shoulder_roll_joint': 0.0, 'left_elbow_joint': 0.0, 'right_elbow_joint': 0.0}

--- WBC DEBUG STEP ---
num_envs: 1
navigate_cmd (vel_x, vel_y, yaw): [0.0000000e+00 2.2504828e-06 3.9062501e-04]
base_height_cmd (height): [0.7435547]
torso_orientation_rpy_cmd: [0. 0. 0.]
wbc_obs q (first 5): [-2.97417045e-01 -7.20357057e-05 -1.38014846e-04  7.25620627e-01
 -4.28203225e-01]
wbc_action q (first 5): [-0.26390943  0.01902262 -0.0044946   0.70908481  0.10300983]
arm joint targets: {'left_shoulder_roll_joint': -0.054647885262966156, 'right_shoulder_roll_joint': 0.0, 'left_elbow_joint': 0.0, 'right_elbow_joint': 0.0}

--- WBC DEBUG STEP ---
num_envs: 1
navigate_cmd (vel_x, vel_y, yaw): [ 0.         -0.00034596 -0.00351563]
base_height_cmd (height): [0.7435547]
torso_orientation_rpy_cmd: [0. 0. 0.]
wbc_obs q (first 5): [-2.97417402e-01 -7.23174162e-05 -1.38627598e-04  7.25621045e-01
 -4.28203821e-01]
wbc_action q (first 5): [-0.26447406  0.01936076 -0.00421406  0.7095136   0.10203345]
arm joint targets: {'left_shoulder_roll_joint': -0.04703764244914055, 'right_shoulder_roll_joint': 0.0, 'left_elbow_joint': 0.0, 'right_elbow_joint': 0.0}

--- WBC DEBUG STEP ---
num_envs: 1
navigate_cmd (vel_x, vel_y, yaw): [ 0.          0.00167365 -0.00058594]
base_height_cmd (height): [0.74179685]
torso_orientation_rpy_cmd: [0. 0. 0.]
wbc_obs q (first 5): [-2.97416300e-01 -7.15208735e-05 -1.37232098e-04  7.25618720e-01
 -4.28202957e-01]
wbc_action q (first 5): [-0.26547503  0.01899306 -0.00413394  0.71130586  0.1004696 ]
arm joint targets: {'left_shoulder_roll_joint': -0.05138635262846947, 'right_shoulder_roll_joint': 0.0, 'left_elbow_joint': 0.0, 'right_elbow_joint': 0.0}

--- WBC DEBUG STEP ---
num_envs: 1
navigate_cmd (vel_x, vel_y, yaw): [ 0.          0.00209151 -0.00644531]
base_height_cmd (height): [0.74121094]
torso_orientation_rpy_cmd: [0. 0. 0.]
wbc_obs q (first 5): [-2.97416538e-01 -7.18236915e-05 -1.37764146e-04  7.25619376e-01
 -4.28203166e-01]
wbc_action q (first 5): [-0.26629505  0.01930078 -0.0038392   0.71236122  0.09876068]
arm joint targets: {'left_shoulder_roll_joint': -0.062258124351501465, 'right_shoulder_roll_joint': 0.0, 'left_elbow_joint': 0.0, 'right_elbow_joint': 0.0}

--- WBC DEBUG STEP ---
num_envs: 1
navigate_cmd (vel_x, vel_y, yaw): [ 0.0015625   0.00014153 -0.00351563]
base_height_cmd (height): [0.74179685]
torso_orientation_rpy_cmd: [0. 0. 0.]
wbc_obs q (first 5): [-2.97415853e-01 -9.51872280e-05 -1.95870307e-04  7.25620091e-01
 -4.28202480e-01]
wbc_action q (first 5): [-0.26626891  0.01955123 -0.0042968   0.71160316  0.09676223]
arm joint targets: {'left_shoulder_roll_joint': -0.054647885262966156, 'right_shoulder_roll_joint': 0.0, 'left_elbow_joint': 0.0, 'right_elbow_joint': 0.0}

--- WBC DEBUG STEP ---
num_envs: 1
navigate_cmd (vel_x, vel_y, yaw): [0.         0.00487718 0.00429688]
base_height_cmd (height): [0.74970704]
torso_orientation_rpy_cmd: [0. 0. 0.]
wbc_obs q (first 5): [-2.97416180e-01 -8.95920457e-05 -1.81324489e-04  7.25619495e-01
 -4.28202987e-01]
wbc_action q (first 5): [-0.26402777  0.01921982 -0.00419836  0.7041409   0.10142069]
arm joint targets: {'left_shoulder_roll_joint': -0.024206921458244324, 'right_shoulder_roll_joint': 0.0, 'left_elbow_joint': 0.0, 'right_elbow_joint': 0.0}

--- WBC DEBUG STEP ---
num_envs: 1
navigate_cmd (vel_x, vel_y, yaw): [0.         0.00313613 0.01210938]
base_height_cmd (height): [0.75]
torso_orientation_rpy_cmd: [0. 0. 0.]
wbc_obs q (first 5): [-2.97415376e-01 -7.62026320e-05 -1.48879204e-04  7.25617886e-01
 -4.28202212e-01]
wbc_action q (first 5): [-0.2611424   0.01966925 -0.00384136  0.70308948  0.10581683]
arm joint targets: {'left_shoulder_roll_joint': -0.029642807319760323, 'right_shoulder_roll_joint': 0.0, 'left_elbow_joint': 0.0, 'right_elbow_joint': 0.0}

--- WBC DEBUG STEP ---
num_envs: 1
navigate_cmd (vel_x, vel_y, yaw): [0.         0.00306649 0.00820313]
base_height_cmd (height): [0.75]
torso_orientation_rpy_cmd: [0. 0. 0.]
wbc_obs q (first 5): [-2.97415167e-01 -7.64343640e-05 -1.48295469e-04  7.25618005e-01
 -4.28202629e-01]
wbc_action q (first 5): [-0.25962356  0.01936585 -0.00411336  0.70314872  0.10858203]
arm joint targets: {'left_shoulder_roll_joint': -0.024206921458244324, 'right_shoulder_roll_joint': 0.0, 'left_elbow_joint': 0.0, 'right_elbow_joint': 0.0}

--- WBC DEBUG STEP ---
num_envs: 1
navigate_cmd (vel_x, vel_y, yaw): [0.         0.00237007 0.00429688]
base_height_cmd (height): [0.7488281]
torso_orientation_rpy_cmd: [0. 0. 0.]
wbc_obs q (first 5): [-2.97416031e-01 -7.47540616e-05 -1.44566613e-04  7.25618660e-01
 -4.28202510e-01]
wbc_action q (first 5): [-0.25942561  0.01910052 -0.00440318  0.70433903  0.11051844]
arm joint targets: {'left_shoulder_roll_joint': -0.022032566368579865, 'right_shoulder_roll_joint': 0.0, 'left_elbow_joint': 0.0, 'right_elbow_joint': 0.0}

--- WBC DEBUG STEP ---
num_envs: 1
navigate_cmd (vel_x, vel_y, yaw): [0.         0.00111652 0.00625   ]
base_height_cmd (height): [0.7494141]
torso_orientation_rpy_cmd: [0. 0. 0.]
wbc_obs q (first 5): [-2.97416389e-01 -7.38609087e-05 -1.42721954e-04  7.25619316e-01
 -4.28202868e-01]
wbc_action q (first 5): [-0.25906467  0.01908128 -0.00470821  0.70381308  0.11277707]
arm joint targets: {'left_shoulder_roll_joint': -0.020945388823747635, 'right_shoulder_roll_joint': 0.0, 'left_elbow_joint': 0.0, 'right_elbow_joint': 0.0}

--- WBC DEBUG STEP ---
num_envs: 1
navigate_cmd (vel_x, vel_y, yaw): [0.         0.00153437 0.00625   ]
base_height_cmd (height): [0.7494141]
torso_orientation_rpy_cmd: [0. 0. 0.]
wbc_obs q (first 5): [-2.97415704e-01 -7.37555238e-05 -1.42852776e-04  7.25618064e-01
 -4.28202718e-01]
wbc_action q (first 5): [-0.25872192  0.01892452 -0.00478262  0.7037245   0.11483248]
arm joint targets: {'left_shoulder_roll_joint': -0.013335148803889751, 'right_shoulder_roll_joint': 0.0, 'left_elbow_joint': 0.0, 'right_elbow_joint': 0.0}

--- WBC DEBUG STEP ---
num_envs: 1
navigate_cmd (vel_x, vel_y, yaw): [0.         0.00237007 0.00625   ]
base_height_cmd (height): [0.75]
torso_orientation_rpy_cmd: [0. 0. 0.]
wbc_obs q (first 5): [-2.97414750e-01 -7.41099211e-05 -1.43612240e-04  7.25616395e-01
 -4.28201586e-01]
wbc_action q (first 5): [-0.25821728  0.01876479 -0.00477013  0.7030946   0.11662735]
arm joint targets: {'left_shoulder_roll_joint': -0.023119743913412094, 'right_shoulder_roll_joint': 0.0, 'left_elbow_joint': 0.0, 'right_elbow_joint': 0.0}

--- WBC DEBUG STEP ---
num_envs: 1
navigate_cmd (vel_x, vel_y, yaw): [0.         0.00083795 0.00625   ]
base_height_cmd (height): [0.75]
torso_orientation_rpy_cmd: [0. 0. 0.]
wbc_obs q (first 5): [-2.97415614e-01 -7.42916382e-05 -1.43071971e-04  7.25617647e-01
 -4.28202212e-01]
wbc_action q (first 5): [-0.25799498  0.0189143  -0.00492939  0.7029078   0.11711051]
arm joint targets: {'left_shoulder_roll_joint': -0.020945388823747635, 'right_shoulder_roll_joint': 0.0, 'left_elbow_joint': 0.0, 'right_elbow_joint': 0.0}

--- WBC DEBUG STEP ---
num_envs: 1
navigate_cmd (vel_x, vel_y, yaw): [0.         0.00035046 0.00722656]
base_height_cmd (height): [0.75]
torso_orientation_rpy_cmd: [0. 0. 0.]
wbc_obs q (first 5): [-2.97416061e-01 -7.37691807e-05 -1.42684599e-04  7.25618660e-01
 -4.28202689e-01]
wbc_action q (first 5): [-0.25769362  0.0189022  -0.00506344  0.70269114  0.11705841]
arm joint targets: {'left_shoulder_roll_joint': -0.017683858051896095, 'right_shoulder_roll_joint': 0.0, 'left_elbow_joint': 0.0, 'right_elbow_joint': 0.0}

--- WBC DEBUG STEP ---
num_envs: 1
navigate_cmd (vel_x, vel_y, yaw): [0.         0.0004201  0.00917969]
base_height_cmd (height): [0.75]
torso_orientation_rpy_cmd: [0. 0. 0.]
wbc_obs q (first 5): [-2.97415853e-01 -7.39851967e-05 -1.43071753e-04  7.25618720e-01
 -4.28202748e-01]
wbc_action q (first 5): [-0.25771675  0.01868066 -0.00523363  0.70255005  0.11714344]
arm joint targets: {'left_shoulder_roll_joint': -0.010073617100715637, 'right_shoulder_roll_joint': 0.0, 'left_elbow_joint': 0.0, 'right_elbow_joint': 0.0}

--- WBC DEBUG STEP ---
num_envs: 1
navigate_cmd (vel_x, vel_y, yaw): [0.         0.00083795 0.00625   ]
base_height_cmd (height): [0.75]
torso_orientation_rpy_cmd: [0. 0. 0.]
wbc_obs q (first 5): [-2.97415525e-01 -7.42492193e-05 -1.42881006e-04  7.25617409e-01
 -4.28201795e-01]
wbc_action q (first 5): [-0.25764245  0.01853604 -0.00519746  0.70239127  0.11725034]
arm joint targets: {'left_shoulder_roll_joint': -0.012247972190380096, 'right_shoulder_roll_joint': 0.0, 'left_elbow_joint': 0.0, 'right_elbow_joint': 0.0}

--- WBC DEBUG STEP ---
num_envs: 1
navigate_cmd (vel_x, vel_y, yaw): [0.         0.00083795 0.00625   ]
base_height_cmd (height): [0.74853516]
torso_orientation_rpy_cmd: [0. 0. 0.]
wbc_obs q (first 5): [-2.97416151e-01 -7.37099981e-05 -1.42698802e-04  7.25619018e-01
 -4.28202748e-01]
wbc_action q (first 5): [-0.25799248  0.01834037 -0.00520742  0.7038219   0.11612816]
arm joint targets: {'left_shoulder_roll_joint': -0.014422326348721981, 'right_shoulder_roll_joint': 0.0, 'left_elbow_joint': 0.0, 'right_elbow_joint': 0.0}

--- WBC DEBUG STEP ---
num_envs: 1
navigate_cmd (vel_x, vel_y, yaw): [0.         0.0012558  0.00527344]
base_height_cmd (height): [0.7488281]
torso_orientation_rpy_cmd: [0. 0. 0.]
wbc_obs q (first 5): [-2.97416359e-01 -7.39440657e-05 -1.42371238e-04  7.25619733e-01
 -4.28203017e-01]
wbc_action q (first 5): [-0.25848144  0.0182203  -0.00521695  0.70382637  0.11547033]
arm joint targets: {'left_shoulder_roll_joint': -0.005724908318370581, 'right_shoulder_roll_joint': 0.0, 'left_elbow_joint': 0.0, 'right_elbow_joint': 0.0}

--- WBC DEBUG STEP ---
num_envs: 1
navigate_cmd (vel_x, vel_y, yaw): [0.         0.00139509 0.00820313]
base_height_cmd (height): [0.7488281]
torso_orientation_rpy_cmd: [0. 0. 0.]
wbc_obs q (first 5): [-2.97415793e-01 -7.35327776e-05 -1.42474993e-04  7.25617647e-01
 -4.28201944e-01]
wbc_action q (first 5): [-0.25865173  0.0181117  -0.00532463  0.7037499   0.11541404]
arm joint targets: {'left_shoulder_roll_joint': -0.011160794645547867, 'right_shoulder_roll_joint': 0.0, 'left_elbow_joint': 0.0, 'right_elbow_joint': 0.0}

--- WBC DEBUG STEP ---
num_envs: 1
navigate_cmd (vel_x, vel_y, yaw): [0.         0.00111652 0.00527344]
base_height_cmd (height): [0.74853516]
torso_orientation_rpy_cmd: [0. 0. 0.]
wbc_obs q (first 5): [-2.97416061e-01 -7.36638394e-05 -1.42698103e-04  7.25619018e-01
 -4.28202748e-01]
wbc_action q (first 5): [-0.25878885  0.0182682  -0.00531354  0.70403183  0.11498563]
arm joint targets: {'left_shoulder_roll_joint': -0.0024633766151964664, 'right_shoulder_roll_joint': 0.0, 'left_elbow_joint': 0.0, 'right_elbow_joint': 0.0}

--- WBC DEBUG STEP ---
num_envs: 1
navigate_cmd (vel_x, vel_y, yaw): [0.         0.00028082 0.00429688]
base_height_cmd (height): [0.7482422]
torso_orientation_rpy_cmd: [0. 0. 0.]
wbc_obs q (first 5): [-2.97415704e-01 -7.36243819e-05 -1.41995348e-04  7.25617886e-01
 -4.28202301e-01]
wbc_action q (first 5): [-0.25898078  0.01847405 -0.00529571  0.70432907  0.11486445]
arm joint targets: {'left_shoulder_roll_joint': -0.012247972190380096, 'right_shoulder_roll_joint': 0.0, 'left_elbow_joint': 0.0, 'right_elbow_joint': 0.0}

--- WBC DEBUG STEP ---
num_envs: 1
navigate_cmd (vel_x, vel_y, yaw): [0.         0.0004201  0.00429688]
base_height_cmd (height): [0.75]
torso_orientation_rpy_cmd: [0. 0. 0.]
wbc_obs q (first 5): [-2.97416210e-01 -7.33732450e-05 -1.41164230e-04  7.25618541e-01
 -4.28202629e-01]
wbc_action q (first 5): [-0.2586351   0.01865698 -0.0052803   0.70272529  0.11545096]
arm joint targets: {'left_shoulder_roll_joint': -0.007899262942373753, 'right_shoulder_roll_joint': 0.0, 'left_elbow_joint': 0.0, 'right_elbow_joint': 0.0}

--- WBC DEBUG STEP ---
num_envs: 1
navigate_cmd (vel_x, vel_y, yaw): [0.         0.00083795 0.00625   ]
base_height_cmd (height): [0.7476562]
torso_orientation_rpy_cmd: [0. 0. 0.]
wbc_obs q (first 5): [-2.97416270e-01 -7.34860369e-05 -1.41352793e-04  7.25618780e-01
 -4.28202599e-01]
wbc_action q (first 5): [-0.25904396  0.01827831 -0.00547473  0.70451295  0.11427255]
arm joint targets: {'left_shoulder_roll_joint': -0.019858213141560555, 'right_shoulder_roll_joint': 0.0, 'left_elbow_joint': 0.0, 'right_elbow_joint': 0.0}

--- WBC DEBUG STEP ---
num_envs: 1
navigate_cmd (vel_x, vel_y, yaw): [ 0.         -0.00076381  0.00625   ]
base_height_cmd (height): [0.75]
torso_orientation_rpy_cmd: [0. 0. 0.]
wbc_obs q (first 5): [-2.97416240e-01 -7.34193018e-05 -1.40923876e-04  7.25618362e-01
 -4.28202033e-01]
wbc_action q (first 5): [-0.2587097   0.01880474 -0.00555441  0.70252359  0.11444803]
arm joint targets: {'left_shoulder_roll_joint': -0.012247972190380096, 'right_shoulder_roll_joint': 0.0, 'left_elbow_joint': 0.0, 'right_elbow_joint': 0.0}

--- WBC DEBUG STEP ---
num_envs: 1
navigate_cmd (vel_x, vel_y, yaw): [ 0.         -0.0004156   0.00527344]
base_height_cmd (height): [0.7488281]
torso_orientation_rpy_cmd: [0. 0. 0.]
wbc_obs q (first 5): [-2.97415614e-01 -7.31335604e-05 -1.41133612e-04  7.25617707e-01
 -4.28202361e-01]
wbc_action q (first 5): [-0.25889713  0.01860608 -0.00557681  0.70310855  0.11420469]
arm joint targets: {'left_shoulder_roll_joint': -0.016596680507063866, 'right_shoulder_roll_joint': 0.0, 'left_elbow_joint': 0.0, 'right_elbow_joint': 0.0}

--- WBC DEBUG STEP ---
num_envs: 1
navigate_cmd (vel_x, vel_y, yaw): [ 0.         -0.00069417  0.00429688]
base_height_cmd (height): [0.74794924]
torso_orientation_rpy_cmd: [0. 0. 0.]
wbc_obs q (first 5): [-2.97415972e-01 -7.39855022e-05 -1.41536890e-04  7.25618482e-01
 -4.28202420e-01]
wbc_action q (first 5): [-0.25927073  0.01871175 -0.00539828  0.70419085  0.1128992 ]
arm joint targets: {'left_shoulder_roll_joint': -0.012247972190380096, 'right_shoulder_roll_joint': 0.0, 'left_elbow_joint': 0.0, 'right_elbow_joint': 0.0}

--- WBC DEBUG STEP ---
num_envs: 1
navigate_cmd (vel_x, vel_y, yaw): [ 0.         -0.00055488  0.00625   ]
base_height_cmd (height): [0.74794924]
torso_orientation_rpy_cmd: [0. 0. 0.]
wbc_obs q (first 5): [-2.97415823e-01 -7.31684340e-05 -1.41041819e-04  7.25618005e-01
 -4.28202033e-01]
wbc_action q (first 5): [-0.25974336  0.01857421 -0.00543054  0.70434177  0.11224966]
arm joint targets: {'left_shoulder_roll_joint': -0.023119743913412094, 'right_shoulder_roll_joint': 0.0, 'left_elbow_joint': 0.0, 'right_elbow_joint': 0.0}

--- WBC DEBUG STEP ---
num_envs: 1
navigate_cmd (vel_x, vel_y, yaw): [0.         0.00083795 0.00722656]
base_height_cmd (height): [0.74794924]
torso_orientation_rpy_cmd: [0. 0. 0.]
wbc_obs q (first 5): [-2.97416180e-01 -7.33825873e-05 -1.41015567e-04  7.25618899e-01
 -4.28202540e-01]
wbc_action q (first 5): [-0.26015428  0.0183512  -0.00539791  0.70446348  0.11132284]
arm joint targets: {'left_shoulder_roll_joint': -0.023119743913412094, 'right_shoulder_roll_joint': 0.0, 'left_elbow_joint': 0.0, 'right_elbow_joint': 0.0}

--- WBC DEBUG STEP ---
num_envs: 1
navigate_cmd (vel_x, vel_y, yaw): [0.         0.00055939 0.00429688]
base_height_cmd (height): [0.7488281]
torso_orientation_rpy_cmd: [0. 0. 0.]
wbc_obs q (first 5): [-2.97415286e-01 -7.29460735e-05 -1.40284945e-04  7.25617230e-01
 -4.28201973e-01]
wbc_action q (first 5): [-0.25994599  0.01853595 -0.00529029  0.70349658  0.1110255 ]
arm joint targets: {'left_shoulder_roll_joint': -0.028555629774928093, 'right_shoulder_roll_joint': 0.0, 'left_elbow_joint': 0.0, 'right_elbow_joint': 0.0}

--- WBC DEBUG STEP ---
num_envs: 1
navigate_cmd (vel_x, vel_y, yaw): [ 0.         -0.00013703  0.00625   ]
base_height_cmd (height): [0.7488281]
torso_orientation_rpy_cmd: [0. 0. 0.]
wbc_obs q (first 5): [-2.97415823e-01 -7.36047805e-05 -1.40962191e-04  7.25618303e-01
 -4.28202391e-01]
wbc_action q (first 5): [-0.25989005  0.01851095 -0.00553375  0.70304549  0.11069308]
arm joint targets: {'left_shoulder_roll_joint': -0.04268893226981163, 'right_shoulder_roll_joint': 0.0, 'left_elbow_joint': 0.0, 'right_elbow_joint': 0.0}

--- WBC DEBUG STEP ---
num_envs: 1
navigate_cmd (vel_x, vel_y, yaw): [0.0000000e+00 2.2504828e-06 8.2031256e-03]
base_height_cmd (height): [0.74912107]
torso_orientation_rpy_cmd: [0. 0. 0.]
wbc_obs q (first 5): [-2.97416061e-01 -7.37819282e-05 -1.41759359e-04  7.25618362e-01
 -4.28202569e-01]
wbc_action q (first 5): [-0.2596873   0.01835387 -0.00571097  0.70268369  0.11031495]
arm joint targets: {'left_shoulder_roll_joint': -0.03507869318127632, 'right_shoulder_roll_joint': 0.0, 'left_elbow_joint': 0.0, 'right_elbow_joint': 0.0}

--- WBC DEBUG STEP ---
num_envs: 1
navigate_cmd (vel_x, vel_y, yaw): [0.         0.00048974 0.00039063]
base_height_cmd (height): [0.74912107]
torso_orientation_rpy_cmd: [0. 0. 0.]
wbc_obs q (first 5): [-2.97416121e-01 -7.36410730e-05 -1.41615645e-04  7.25618601e-01
 -4.28202748e-01]
wbc_action q (first 5): [-0.25941539  0.01860094 -0.00528974  0.70268309  0.1103598 ]
arm joint targets: {'left_shoulder_roll_joint': -0.027468452230095863, 'right_shoulder_roll_joint': 0.0, 'left_elbow_joint': 0.0, 'right_elbow_joint': 0.0}

--- WBC DEBUG STEP ---
num_envs: 1
navigate_cmd (vel_x, vel_y, yaw): [ 0.         -0.00013703  0.00820313]
base_height_cmd (height): [0.74853516]
torso_orientation_rpy_cmd: [0. 0. 0.]
wbc_obs q (first 5): [-2.97416627e-01 -7.34186688e-05 -1.41403696e-04  7.25620151e-01
 -4.28203434e-01]
wbc_action q (first 5): [-0.25982016  0.01831048 -0.00556414  0.70305991  0.11043324]
arm joint targets: {'left_shoulder_roll_joint': -0.04268893226981163, 'right_shoulder_roll_joint': 0.0, 'left_elbow_joint': 0.0, 'right_elbow_joint': 0.0}

--- WBC DEBUG STEP ---
num_envs: 1
navigate_cmd (vel_x, vel_y, yaw): [0.0000000e+00 2.2504828e-06 6.2500001e-03]
base_height_cmd (height): [0.7476562]
torso_orientation_rpy_cmd: [0. 0. 0.]
wbc_obs q (first 5): [-2.97416002e-01 -7.36514849e-05 -1.41889046e-04  7.25617826e-01
 -4.28202212e-01]
wbc_action q (first 5): [-0.2603851   0.01832506 -0.00538627  0.70408142  0.10938685]
arm joint targets: {'left_shoulder_roll_joint': -0.03834022581577301, 'right_shoulder_roll_joint': 0.0, 'left_elbow_joint': 0.0, 'right_elbow_joint': 0.0}

--- WBC DEBUG STEP ---
num_envs: 1
navigate_cmd (vel_x, vel_y, yaw): [ 0.        -0.0012513  0.00625  ]
base_height_cmd (height): [0.7488281]
torso_orientation_rpy_cmd: [0. 0. 0.]
wbc_obs q (first 5): [-2.97415972e-01 -7.32931003e-05 -1.41147670e-04  7.25618184e-01
 -4.28202718e-01]
wbc_action q (first 5): [-0.26025906  0.01864085 -0.00543551  0.70296073  0.10963644]
arm joint targets: {'left_shoulder_roll_joint': -0.0416017584502697, 'right_shoulder_roll_joint': 0.0, 'left_elbow_joint': 0.0, 'right_elbow_joint': 0.0}

--- WBC DEBUG STEP ---
num_envs: 1
navigate_cmd (vel_x, vel_y, yaw): [0.         0.0004201  0.00722656]
base_height_cmd (height): [0.7476562]
torso_orientation_rpy_cmd: [0. 0. 0.]
wbc_obs q (first 5): [-2.97416061e-01 -7.37840892e-05 -1.41617289e-04  7.25618303e-01
 -4.28202271e-01]
wbc_action q (first 5): [-0.26064396  0.01835658 -0.00526197  0.70404172  0.10888056]
arm joint targets: {'left_shoulder_roll_joint': -0.04703764244914055, 'right_shoulder_roll_joint': 0.0, 'left_elbow_joint': 0.0, 'right_elbow_joint': 0.0}

--- WBC DEBUG STEP ---
num_envs: 1
navigate_cmd (vel_x, vel_y, yaw): [ 0.         -0.00013703  0.00625   ]
base_height_cmd (height): [0.75]
torso_orientation_rpy_cmd: [0. 0. 0.]
wbc_obs q (first 5): [-2.97416389e-01 -7.30450483e-05 -1.40198419e-04  7.25619316e-01
 -4.28202510e-01]
wbc_action q (first 5): [-0.26007861  0.01876963 -0.00515128  0.70192623  0.10936512]
arm joint targets: {'left_shoulder_roll_joint': -0.053560707718133926, 'right_shoulder_roll_joint': 0.0, 'left_elbow_joint': 0.0, 'right_elbow_joint': 0.0}

--- WBC DEBUG STEP ---
num_envs: 1
navigate_cmd (vel_x, vel_y, yaw): [ 0.         -0.00069417  0.01015625]
base_height_cmd (height): [0.7488281]
torso_orientation_rpy_cmd: [0. 0. 0.]
wbc_obs q (first 5): [-2.97415912e-01 -7.38885938e-05 -1.41543904e-04  7.25618064e-01
 -4.28202033e-01]
wbc_action q (first 5): [-0.26010644  0.01854852 -0.00544641  0.70251673  0.10875081]
arm joint targets: {'left_shoulder_roll_joint': -0.04921199753880501, 'right_shoulder_roll_joint': 0.0, 'left_elbow_joint': 0.0, 'right_elbow_joint': 0.0}

--- WBC DEBUG STEP ---
num_envs: 1
navigate_cmd (vel_x, vel_y, yaw): [0.         0.00097724 0.01210938]
base_height_cmd (height): [0.74794924]
torso_orientation_rpy_cmd: [0. 0. 0.]
wbc_obs q (first 5): [-2.97415495e-01 -7.33506531e-05 -1.41120850e-04  7.25617409e-01
 -4.28202301e-01]
wbc_action q (first 5): [-0.26061034  0.01814388 -0.00537351  0.7034446   0.10796453]
arm joint targets: {'left_shoulder_roll_joint': -0.061170946806669235, 'right_shoulder_roll_joint': 0.0, 'left_elbow_joint': 0.0, 'right_elbow_joint': 0.0}

--- WBC DEBUG STEP ---
num_envs: 1
navigate_cmd (vel_x, vel_y, yaw): [ 0.        -0.0012513  0.00625  ]
base_height_cmd (height): [0.74853516]
torso_orientation_rpy_cmd: [0. 0. 0.]
wbc_obs q (first 5): [-2.97415733e-01 -7.34369751e-05 -1.41273704e-04  7.25617707e-01
 -4.28202540e-01]
wbc_action q (first 5): [-0.26055005  0.0187128  -0.00523283  0.7029959   0.10741042]
arm joint targets: {'left_shoulder_roll_joint': -0.057909414172172546, 'right_shoulder_roll_joint': 0.0, 'left_elbow_joint': 0.0, 'right_elbow_joint': 0.0}

--- WBC DEBUG STEP ---
num_envs: 1
navigate_cmd (vel_x, vel_y, yaw): [0.         0.00237007 0.00429688]
base_height_cmd (height): [0.7494141]
torso_orientation_rpy_cmd: [0. 0. 0.]
wbc_obs q (first 5): [-2.97416627e-01 -7.28574887e-05 -1.40671356e-04  7.25619078e-01
 -4.28203136e-01]
wbc_action q (first 5): [-0.2602312   0.01823305 -0.00496501  0.7021867   0.10786958]
arm joint targets: {'left_shoulder_roll_joint': -0.060083769261837006, 'right_shoulder_roll_joint': 0.0, 'left_elbow_joint': 0.0, 'right_elbow_joint': 0.0}

--- WBC DEBUG STEP ---
num_envs: 1
navigate_cmd (vel_x, vel_y, yaw): [0.         0.00069867 0.00527344]
base_height_cmd (height): [0.7482422]
torso_orientation_rpy_cmd: [0. 0. 0.]
wbc_obs q (first 5): [-2.97415972e-01 -7.36189177e-05 -1.41590848e-04  7.25618005e-01
 -4.28202271e-01]
wbc_action q (first 5): [-0.26042888  0.01830743 -0.00503939  0.70308852  0.1073489 ]
arm joint targets: {'left_shoulder_roll_joint': -0.058996591717004776, 'right_shoulder_roll_joint': 0.0, 'left_elbow_joint': 0.0, 'right_elbow_joint': 0.0}

--- WBC DEBUG STEP ---
num_envs: 1
navigate_cmd (vel_x, vel_y, yaw): [0.         0.00076831 0.00527344]
base_height_cmd (height): [0.7470703]
torso_orientation_rpy_cmd: [0. 0. 0.]
wbc_obs q (first 5): [-2.97416210e-01 -7.35545400e-05 -1.41346740e-04  7.25619137e-01
 -4.28202778e-01]
wbc_action q (first 5): [-0.26102036  0.01825611 -0.00498312  0.70439053  0.10644732]
arm joint targets: {'left_shoulder_roll_joint': -0.0524735301733017, 'right_shoulder_roll_joint': 0.0, 'left_elbow_joint': 0.0, 'right_elbow_joint': 0.0}

--- WBC DEBUG STEP ---
num_envs: 1
navigate_cmd (vel_x, vel_y, yaw): [0.         0.00083795 0.00625   ]
base_height_cmd (height): [0.7458984]
torso_orientation_rpy_cmd: [0. 0. 0.]
wbc_obs q (first 5): [-2.97416270e-01 -7.32746339e-05 -1.40615142e-04  7.25618958e-01
 -4.28202122e-01]
wbc_action q (first 5): [-0.26190171  0.01827906 -0.00491074  0.70584393  0.10561924]
arm joint targets: {'left_shoulder_roll_joint': -0.060083769261837006, 'right_shoulder_roll_joint': 0.0, 'left_elbow_joint': 0.0, 'right_elbow_joint': 0.0}

--- WBC DEBUG STEP ---
num_envs: 1
navigate_cmd (vel_x, vel_y, yaw): [0.         0.0004201  0.00234375]
base_height_cmd (height): [0.7453125]
torso_orientation_rpy_cmd: [0. 0. 0.]
wbc_obs q (first 5): [-2.97416180e-01 -7.28868690e-05 -1.40772318e-04  7.25618958e-01
 -4.28202718e-01]
wbc_action q (first 5): [-0.26266313  0.01855296 -0.00465848  0.70687234  0.10455231]
arm joint targets: {'left_shoulder_roll_joint': -0.05138635262846947, 'right_shoulder_roll_joint': 0.0, 'left_elbow_joint': 0.0, 'right_elbow_joint': 0.0}

--- WBC DEBUG STEP ---
num_envs: 1
navigate_cmd (vel_x, vel_y, yaw): [ 0.        -0.0004156  0.00625  ]
base_height_cmd (height): [0.7470703]
torso_orientation_rpy_cmd: [0. 0. 0.]
wbc_obs q (first 5): [-2.97416359e-01 -7.27583392e-05 -1.39917494e-04  7.25619614e-01
 -4.28203076e-01]
wbc_action q (first 5): [-0.26253095  0.01876255 -0.00494512  0.70514596  0.10554083]
arm joint targets: {'left_shoulder_roll_joint': -0.058996591717004776, 'right_shoulder_roll_joint': 0.0, 'left_elbow_joint': 0.0, 'right_elbow_joint': 0.0}

--- WBC DEBUG STEP ---
num_envs: 1
navigate_cmd (vel_x, vel_y, yaw): [0.0000000e+00 2.2504828e-06 5.2734376e-03]
base_height_cmd (height): [0.7464844]
torso_orientation_rpy_cmd: [0. 0. 0.]
wbc_obs q (first 5): [-2.97416061e-01 -7.20909738e-05 -1.38328949e-04  7.25618660e-01
 -4.28202510e-01]
wbc_action q (first 5): [-0.26226875  0.01868613 -0.00496231  0.70542961  0.10541673]
arm joint targets: {'left_shoulder_roll_joint': -0.053560707718133926, 'right_shoulder_roll_joint': 0.0, 'left_elbow_joint': 0.0, 'right_elbow_joint': 0.0}

--- WBC DEBUG STEP ---
num_envs: 1
navigate_cmd (vel_x, vel_y, yaw): [ 0.         -0.00097274  0.00527344]
base_height_cmd (height): [0.7464844]
torso_orientation_rpy_cmd: [0. 0. 0.]
wbc_obs q (first 5): [-2.97416598e-01 -7.12927795e-05 -1.36750634e-04  7.25619316e-01
 -4.28203225e-01]
wbc_action q (first 5): [-0.26228529  0.01891874 -0.00494847  0.70552337  0.10544236]
arm joint targets: {'left_shoulder_roll_joint': -0.0524735301733017, 'right_shoulder_roll_joint': 0.0, 'left_elbow_joint': 0.0, 'right_elbow_joint': 0.0}

--- WBC DEBUG STEP ---
num_envs: 1
navigate_cmd (vel_x, vel_y, yaw): [ 0.         -0.00236557  0.00136719]
base_height_cmd (height): [0.7441406]
torso_orientation_rpy_cmd: [0. 0. 0.]
wbc_obs q (first 5): [-2.97416717e-01 -7.13262198e-05 -1.36461356e-04  7.25619435e-01
 -4.28202778e-01]
wbc_action q (first 5): [-0.26295492  0.01919518 -0.00486326  0.70776081  0.10411446]
arm joint targets: {'left_shoulder_roll_joint': -0.054647885262966156, 'right_shoulder_roll_joint': 0.0, 'left_elbow_joint': 0.0, 'right_elbow_joint': 0.0}

--- WBC DEBUG STEP ---
num_envs: 1
navigate_cmd (vel_x, vel_y, yaw): [0.         0.00069867 0.00429688]
base_height_cmd (height): [0.7441406]
torso_orientation_rpy_cmd: [0. 0. 0.]
wbc_obs q (first 5): [-2.97416300e-01 -7.08052467e-05 -1.34967442e-04  7.25618839e-01
 -4.28202659e-01]
wbc_action q (first 5): [-0.26403707  0.0187507  -0.00466688  0.70835257  0.10305943]
arm joint targets: {'left_shoulder_roll_joint': -0.0633452981710434, 'right_shoulder_roll_joint': 0.0, 'left_elbow_joint': 0.0, 'right_elbow_joint': 0.0}

--- WBC DEBUG STEP ---
num_envs: 1
navigate_cmd (vel_x, vel_y, yaw): [0.         0.00014153 0.00039063]
base_height_cmd (height): [0.74560547]
torso_orientation_rpy_cmd: [0. 0. 0.]
wbc_obs q (first 5): [-2.97416210e-01 -7.06725696e-05 -1.34323011e-04  7.25618601e-01
 -4.28202748e-01]
wbc_action q (first 5): [-0.26381764  0.01923873 -0.00442     0.70716345  0.10259731]
arm joint targets: {'left_shoulder_roll_joint': -0.05682223662734032, 'right_shoulder_roll_joint': 0.0, 'left_elbow_joint': 0.0, 'right_elbow_joint': 0.0}

--- WBC DEBUG STEP ---
num_envs: 1
navigate_cmd (vel_x, vel_y, yaw): [0.         0.00055939 0.00429688]
base_height_cmd (height): [0.7441406]
torso_orientation_rpy_cmd: [0. 0. 0.]
wbc_obs q (first 5): [-2.97416061e-01 -7.01658137e-05 -1.33122463e-04  7.25618958e-01
 -4.28202868e-01]
wbc_action q (first 5): [-0.26423281  0.01896076 -0.00453495  0.70823729  0.10170199]
arm joint targets: {'left_shoulder_roll_joint': -0.0633452981710434, 'right_shoulder_roll_joint': 0.0, 'left_elbow_joint': 0.0, 'right_elbow_joint': 0.0}

--- WBC DEBUG STEP ---
num_envs: 1
navigate_cmd (vel_x, vel_y, yaw): [ 0.         -0.00069417  0.00625   ]
base_height_cmd (height): [0.7432617]
torso_orientation_rpy_cmd: [0. 0. 0.]
wbc_obs q (first 5): [-2.97415704e-01 -7.00926903e-05 -1.32576417e-04  7.25617588e-01
 -4.28201973e-01]
wbc_action q (first 5): [-0.26494104  0.01901145 -0.00476196  0.70920563  0.1003571 ]
arm joint targets: {'left_shoulder_roll_joint': -0.062258124351501465, 'right_shoulder_roll_joint': 0.0, 'left_elbow_joint': 0.0, 'right_elbow_joint': 0.0}

--- WBC DEBUG STEP ---
num_envs: 1
navigate_cmd (vel_x, vel_y, yaw): [0.0015625  0.0012558  0.00429688]
base_height_cmd (height): [0.74208987]
torso_orientation_rpy_cmd: [0. 0. 0.]
wbc_obs q (first 5): [-2.97415882e-01 -6.96534335e-05 -1.31591820e-04  7.25617528e-01
 -4.28202331e-01]
wbc_action q (first 5): [-0.26567259  0.01871299 -0.00453108  0.71054161  0.09831007]
arm joint targets: {'left_shoulder_roll_joint': -0.061170946806669235, 'right_shoulder_roll_joint': 0.0, 'left_elbow_joint': 0.0, 'right_elbow_joint': 0.0}

--- WBC DEBUG STEP ---
num_envs: 1
navigate_cmd (vel_x, vel_y, yaw): [0.         0.00028082 0.00136719]
base_height_cmd (height): [0.7441406]
torso_orientation_rpy_cmd: [0. 0. 0.]
wbc_obs q (first 5): [-2.97416091e-01 -7.01885219e-05 -1.32930785e-04  7.25618601e-01
 -4.28202778e-01]
wbc_action q (first 5): [-0.2657167   0.01923222 -0.00440901  0.7089318   0.09878998]
arm joint targets: {'left_shoulder_roll_joint': -0.0633452981710434, 'right_shoulder_roll_joint': 0.0, 'left_elbow_joint': 0.0, 'right_elbow_joint': 0.0}

--- WBC DEBUG STEP ---
num_envs: 1
navigate_cmd (vel_x, vel_y, yaw): [0.         0.00167365 0.00039063]
base_height_cmd (height): [0.75]
torso_orientation_rpy_cmd: [0. 0. 0.]
wbc_obs q (first 5): [-2.97415972e-01 -6.96723509e-05 -1.31605353e-04  7.25617707e-01
 -4.28202301e-01]
wbc_action q (first 5): [-0.2634742   0.01950748 -0.00417363  0.70306146  0.10238214]
arm joint targets: {'left_shoulder_roll_joint': -0.023119743913412094, 'right_shoulder_roll_joint': 0.0, 'left_elbow_joint': 0.0, 'right_elbow_joint': 0.0}

--- WBC DEBUG STEP ---
num_envs: 1
navigate_cmd (vel_x, vel_y, yaw): [0.         0.00250936 0.00234375]
base_height_cmd (height): [0.75]
torso_orientation_rpy_cmd: [0. 0. 0.]
wbc_obs q (first 5): [-2.97415882e-01 -7.01456447e-05 -1.33008973e-04  7.25617826e-01
 -4.28202242e-01]
wbc_action q (first 5): [-0.26061139  0.01998973 -0.00336518  0.70308465  0.10658555]
arm joint targets: {'left_shoulder_roll_joint': -0.03399151563644409, 'right_shoulder_roll_joint': 0.0, 'left_elbow_joint': 0.0, 'right_elbow_joint': 0.0}

--- WBC DEBUG STEP ---
num_envs: 1
navigate_cmd (vel_x, vel_y, yaw): [0.         0.00313613 0.00234375]
base_height_cmd (height): [0.75]
torso_orientation_rpy_cmd: [0. 0. 0.]
wbc_obs q (first 5): [-2.97415882e-01 -7.01027311e-05 -1.32503585e-04  7.25618362e-01
 -4.28202838e-01]
wbc_action q (first 5): [-0.2596111   0.01958168 -0.00369109  0.70329261  0.1087601 ]
arm joint targets: {'left_shoulder_roll_joint': -0.030729984864592552, 'right_shoulder_roll_joint': 0.0, 'left_elbow_joint': 0.0, 'right_elbow_joint': 0.0}

--- WBC DEBUG STEP ---
num_envs: 1
navigate_cmd (vel_x, vel_y, yaw): [0.         0.00202186 0.00136719]
base_height_cmd (height): [0.75]
torso_orientation_rpy_cmd: [0. 0. 0.]
wbc_obs q (first 5): [-2.97415793e-01 -7.04417689e-05 -1.33089809e-04  7.25617945e-01
 -4.28202122e-01]
wbc_action q (first 5): [-0.25894466  0.01957759 -0.00408895  0.70321703  0.11065729]
arm joint targets: {'left_shoulder_roll_joint': -0.028555629774928093, 'right_shoulder_roll_joint': 0.0, 'left_elbow_joint': 0.0, 'right_elbow_joint': 0.0}

--- WBC DEBUG STEP ---
num_envs: 1
navigate_cmd (vel_x, vel_y, yaw): [0.         0.00292721 0.00429688]
base_height_cmd (height): [0.75]
torso_orientation_rpy_cmd: [0. 0. 0.]
wbc_obs q (first 5): [-2.97416568e-01 -7.01911486e-05 -1.32840345e-04  7.25619435e-01
 -4.28203076e-01]
wbc_action q (first 5): [-0.258515    0.01914396 -0.00436803  0.70308244  0.1125793 ]
arm joint targets: {'left_shoulder_roll_joint': -0.029642807319760323, 'right_shoulder_roll_joint': 0.0, 'left_elbow_joint': 0.0, 'right_elbow_joint': 0.0}

--- WBC DEBUG STEP ---
num_envs: 1
navigate_cmd (vel_x, vel_y, yaw): [ 0.0000000e+00 -6.7391346e-05  3.3203126e-03]
base_height_cmd (height): [0.75]
torso_orientation_rpy_cmd: [0. 0. 0.]
wbc_obs q (first 5): [-2.97415882e-01 -7.02834222e-05 -1.32973830e-04  7.25617707e-01
 -4.28202063e-01]
wbc_action q (first 5): [-0.25835761  0.01933979 -0.00467246  0.70286477  0.11435591]
arm joint targets: {'left_shoulder_roll_joint': -0.027468452230095863, 'right_shoulder_roll_joint': 0.0, 'left_elbow_joint': 0.0, 'right_elbow_joint': 0.0}

--- WBC DEBUG STEP ---
num_envs: 1
navigate_cmd (vel_x, vel_y, yaw): [0.         0.00014153 0.00625   ]
base_height_cmd (height): [0.75]
torso_orientation_rpy_cmd: [0. 0. 0.]
wbc_obs q (first 5): [-2.97416180e-01 -7.03325277e-05 -1.32571979e-04  7.25618124e-01
 -4.28202599e-01]
wbc_action q (first 5): [-0.25809252  0.01905177 -0.00497181  0.70256734  0.11552645]
arm joint targets: {'left_shoulder_roll_joint': -0.025294099003076553, 'right_shoulder_roll_joint': 0.0, 'left_elbow_joint': 0.0, 'right_elbow_joint': 0.0}

--- WBC DEBUG STEP ---
num_envs: 1
navigate_cmd (vel_x, vel_y, yaw): [ 0.         -0.0004156   0.00234375]
base_height_cmd (height): [0.75]
torso_orientation_rpy_cmd: [0. 0. 0.]
wbc_obs q (first 5): [-2.97415674e-01 -7.05034254e-05 -1.33119902e-04  7.25617707e-01
 -4.28202868e-01]
wbc_action q (first 5): [-0.25775051  0.01916054 -0.00490476  0.70249516  0.11617629]
arm joint targets: {'left_shoulder_roll_joint': -0.026381276547908783, 'right_shoulder_roll_joint': 0.0, 'left_elbow_joint': 0.0, 'right_elbow_joint': 0.0}

--- WBC DEBUG STEP ---
num_envs: 1
navigate_cmd (vel_x, vel_y, yaw): [0.         0.0004201  0.00234375]
base_height_cmd (height): [0.75]
torso_orientation_rpy_cmd: [0. 0. 0.]
wbc_obs q (first 5): [-2.97416210e-01 -7.00546661e-05 -1.32694753e-04  7.25618839e-01
 -4.28203106e-01]
wbc_action q (first 5): [-0.25761384  0.01888506 -0.00497279  0.70242757  0.11638291]
arm joint targets: {'left_shoulder_roll_joint': -0.023119743913412094, 'right_shoulder_roll_joint': 0.0, 'left_elbow_joint': 0.0, 'right_elbow_joint': 0.0}

--- WBC DEBUG STEP ---
num_envs: 1
navigate_cmd (vel_x, vel_y, yaw): [0.         0.00014153 0.00332031]
base_height_cmd (height): [0.75]
torso_orientation_rpy_cmd: [0. 0. 0.]
wbc_obs q (first 5): [-2.97416568e-01 -7.02809484e-05 -1.33121881e-04  7.25619316e-01
 -4.28202838e-01]
wbc_action q (first 5): [-0.25751349  0.01883683 -0.00506149  0.70231807  0.11646517]
arm joint targets: {'left_shoulder_roll_joint': -0.019858213141560555, 'right_shoulder_roll_joint': 0.0, 'left_elbow_joint': 0.0, 'right_elbow_joint': 0.0}

--- WBC DEBUG STEP ---
num_envs: 1
navigate_cmd (vel_x, vel_y, yaw): [0.         0.00028082 0.00234375]
base_height_cmd (height): [0.75]
torso_orientation_rpy_cmd: [0. 0. 0.]
wbc_obs q (first 5): [-2.97416419e-01 -7.06464998e-05 -1.33704525e-04  7.25618720e-01
 -4.28202540e-01]
wbc_action q (first 5): [-0.25756535  0.01872599 -0.00504401  0.70221412  0.11650835]
arm joint targets: {'left_shoulder_roll_joint': -0.019858213141560555, 'right_shoulder_roll_joint': 0.0, 'left_elbow_joint': 0.0, 'right_elbow_joint': 0.0}

--- WBC DEBUG STEP ---
num_envs: 1
navigate_cmd (vel_x, vel_y, yaw): [0.         0.00097724 0.00625   ]
base_height_cmd (height): [0.75]
torso_orientation_rpy_cmd: [0. 0. 0.]
wbc_obs q (first 5): [-2.97416449e-01 -7.03585101e-05 -1.33293026e-04  7.25618362e-01
 -4.28201944e-01]
wbc_action q (first 5): [-0.25759828  0.01844823 -0.00517898  0.70211375  0.11634184]
arm joint targets: {'left_shoulder_roll_joint': -0.005724908318370581, 'right_shoulder_roll_joint': 0.0, 'left_elbow_joint': 0.0, 'right_elbow_joint': 0.0}

--- WBC DEBUG STEP ---
num_envs: 1
navigate_cmd (vel_x, vel_y, yaw): [ 0.         -0.00013703  0.00136719]
base_height_cmd (height): [0.74912107]
torso_orientation_rpy_cmd: [0. 0. 0.]
wbc_obs q (first 5): [-2.97416627e-01 -7.03375408e-05 -1.32963090e-04  7.25618780e-01
 -4.28202420e-01]
wbc_action q (first 5): [-0.25784114  0.0185616  -0.00515387  0.70274591  0.11605935]
arm joint targets: {'left_shoulder_roll_joint': -0.016596680507063866, 'right_shoulder_roll_joint': 0.0, 'left_elbow_joint': 0.0, 'right_elbow_joint': 0.0}

--- WBC DEBUG STEP ---
num_envs: 1
navigate_cmd (vel_x, vel_y, yaw): [0.         0.00139509 0.00625   ]
base_height_cmd (height): [0.7482422]
torso_orientation_rpy_cmd: [0. 0. 0.]
wbc_obs q (first 5): [-2.97416419e-01 -7.01875615e-05 -1.32853704e-04  7.25619018e-01
 -4.28202718e-01]
wbc_action q (first 5): [-0.25862938  0.01821981 -0.00517379  0.70389926  0.1148607 ]
arm joint targets: {'left_shoulder_roll_joint': -0.019858213141560555, 'right_shoulder_roll_joint': 0.0, 'left_elbow_joint': 0.0, 'right_elbow_joint': 0.0}

--- WBC DEBUG STEP ---
num_envs: 1
navigate_cmd (vel_x, vel_y, yaw): [ 0.         -0.00013703  0.00039063]
base_height_cmd (height): [0.7494141]
torso_orientation_rpy_cmd: [0. 0. 0.]
wbc_obs q (first 5): [-2.97415972e-01 -7.04854101e-05 -1.33088906e-04  7.25617886e-01
 -4.28202331e-01]
wbc_action q (first 5): [-0.25853792  0.0188513  -0.00504426  0.70289135  0.11429603]
arm joint targets: {'left_shoulder_roll_joint': -0.018771035596728325, 'right_shoulder_roll_joint': 0.0, 'left_elbow_joint': 0.0, 'right_elbow_joint': 0.0}

--- WBC DEBUG STEP ---
num_envs: 1
navigate_cmd (vel_x, vel_y, yaw): [ 0.         -0.00069417  0.00234375]
base_height_cmd (height): [0.74794924]
torso_orientation_rpy_cmd: [0. 0. 0.]
wbc_obs q (first 5): [-2.97416240e-01 -7.00607343e-05 -1.32726927e-04  7.25618780e-01
 -4.28203344e-01]
wbc_action q (first 5): [-0.25903395  0.01886931 -0.00519374  0.70404983  0.11305343]
arm joint targets: {'left_shoulder_roll_joint': -0.016596680507063866, 'right_shoulder_roll_joint': 0.0, 'left_elbow_joint': 0.0, 'right_elbow_joint': 0.0}

--- WBC DEBUG STEP ---
num_envs: 1
navigate_cmd (vel_x, vel_y, yaw): [ 0.         -0.0012513   0.00234375]
base_height_cmd (height): [0.75]
torso_orientation_rpy_cmd: [0. 0. 0.]
wbc_obs q (first 5): [-2.97416002e-01 -7.00361998e-05 -1.32445479e-04  7.25618124e-01
 -4.28202391e-01]
wbc_action q (first 5): [-0.2587449   0.0192572  -0.00517608  0.70221913  0.11364986]
arm joint targets: {'left_shoulder_roll_joint': -0.0035505539271980524, 'right_shoulder_roll_joint': 0.0, 'left_elbow_joint': 0.0, 'right_elbow_joint': 0.0}

--- WBC DEBUG STEP ---
num_envs: 1
navigate_cmd (vel_x, vel_y, yaw): [ 0.         -0.00069417  0.00039063]
base_height_cmd (height): [0.75]
torso_orientation_rpy_cmd: [0. 0. 0.]
wbc_obs q (first 5): [-2.97416270e-01 -7.06441788e-05 -1.33381152e-04  7.25618720e-01
 -4.28202838e-01]
wbc_action q (first 5): [-0.25823817  0.01903368 -0.00517754  0.70173514  0.11447479]
arm joint targets: {'left_shoulder_roll_joint': -0.023119743913412094, 'right_shoulder_roll_joint': 0.0, 'left_elbow_joint': 0.0, 'right_elbow_joint': 0.0}

--- WBC DEBUG STEP ---
num_envs: 1
navigate_cmd (vel_x, vel_y, yaw): [ 0.         -0.00034596  0.00332031]
base_height_cmd (height): [0.7482422]
torso_orientation_rpy_cmd: [0. 0. 0.]
wbc_obs q (first 5): [-2.97415823e-01 -7.06815990e-05 -1.33182883e-04  7.25617945e-01
 -4.28201854e-01]
wbc_action q (first 5): [-0.25867689  0.01866796 -0.00535731  0.70345974  0.11287721]
arm joint targets: {'left_shoulder_roll_joint': -0.019858213141560555, 'right_shoulder_roll_joint': 0.0, 'left_elbow_joint': 0.0, 'right_elbow_joint': 0.0}

--- WBC DEBUG STEP ---
num_envs: 1
navigate_cmd (vel_x, vel_y, yaw): [ 0.         -0.00034596  0.00234375]
base_height_cmd (height): [0.7488281]
torso_orientation_rpy_cmd: [0. 0. 0.]
wbc_obs q (first 5): [-2.97416091e-01 -6.98060539e-05 -1.32209112e-04  7.25618601e-01
 -4.28203136e-01]
wbc_action q (first 5): [-0.25909007  0.01870584 -0.0052988   0.70311433  0.11225875]
arm joint targets: {'left_shoulder_roll_joint': -0.022032566368579865, 'right_shoulder_roll_joint': 0.0, 'left_elbow_joint': 0.0, 'right_elbow_joint': 0.0}

--- WBC DEBUG STEP ---
num_envs: 1
navigate_cmd (vel_x, vel_y, yaw): [ 0.         -0.00097274  0.00039063]
base_height_cmd (height): [0.7494141]
torso_orientation_rpy_cmd: [0. 0. 0.]
wbc_obs q (first 5): [-2.97415972e-01 -7.01101526e-05 -1.32742120e-04  7.25617826e-01
 -4.28202331e-01]
wbc_action q (first 5): [-0.25885597  0.01909438 -0.00512397  0.70255291  0.11212964]
arm joint targets: {'left_shoulder_roll_joint': -0.024206921458244324, 'right_shoulder_roll_joint': 0.0, 'left_elbow_joint': 0.0, 'right_elbow_joint': 0.0}

--- WBC DEBUG STEP ---
num_envs: 1
navigate_cmd (vel_x, vel_y, yaw): [0.         0.00028082 0.00527344]
base_height_cmd (height): [0.75]
torso_orientation_rpy_cmd: [0. 0. 0.]
wbc_obs q (first 5): [-2.97416657e-01 -7.00513119e-05 -1.32472487e-04  7.25619316e-01
 -4.28202689e-01]
wbc_action q (first 5): [-0.25876591  0.01873338 -0.00529175  0.701828    0.11245607]
arm joint targets: {'left_shoulder_roll_joint': -0.030729984864592552, 'right_shoulder_roll_joint': 0.0, 'left_elbow_joint': 0.0, 'right_elbow_joint': 0.0}

--- WBC DEBUG STEP ---
num_envs: 1
navigate_cmd (vel_x, vel_y, yaw): [ 0.         -0.00013703  0.00429688]
base_height_cmd (height): [0.75]
torso_orientation_rpy_cmd: [0. 0. 0.]
wbc_obs q (first 5): [-2.97416210e-01 -7.06915889e-05 -1.33877606e-04  7.25618601e-01
 -4.28203046e-01]
wbc_action q (first 5): [-0.2585353   0.01876719 -0.00533418  0.70167136  0.1123888 ]
arm joint targets: {'left_shoulder_roll_joint': -0.03942740336060524, 'right_shoulder_roll_joint': 0.0, 'left_elbow_joint': 0.0, 'right_elbow_joint': 0.0}

--- WBC DEBUG STEP ---
num_envs: 1
navigate_cmd (vel_x, vel_y, yaw): [ 0.         -0.00146023  0.00625   ]
base_height_cmd (height): [0.7482422]
torso_orientation_rpy_cmd: [0. 0. 0.]
wbc_obs q (first 5): [-2.97415733e-01 -7.05308703e-05 -1.33055422e-04  7.25617468e-01
 -4.28202182e-01]
wbc_action q (first 5): [-0.25922963  0.01866646 -0.0055954   0.70317686  0.11093329]
arm joint targets: {'left_shoulder_roll_joint': -0.03834022581577301, 'right_shoulder_roll_joint': 0.0, 'left_elbow_joint': 0.0, 'right_elbow_joint': 0.0}

--- WBC DEBUG STEP ---
num_envs: 1
navigate_cmd (vel_x, vel_y, yaw): [0.         0.00069867 0.00527344]
base_height_cmd (height): [0.7488281]
torso_orientation_rpy_cmd: [0. 0. 0.]
wbc_obs q (first 5): [-2.97415912e-01 -7.01710233e-05 -1.32771485e-04  7.25618064e-01
 -4.28202391e-01]
wbc_action q (first 5): [-0.25971869  0.01850967 -0.00528657  0.7030592   0.11050637]
arm joint targets: {'left_shoulder_roll_joint': -0.03942740336060524, 'right_shoulder_roll_joint': 0.0, 'left_elbow_joint': 0.0, 'right_elbow_joint': 0.0}

--- WBC DEBUG STEP ---
num_envs: 1
navigate_cmd (vel_x, vel_y, yaw): [ 0.          0.0004201  -0.00058594]
base_height_cmd (height): [0.74794924]
torso_orientation_rpy_cmd: [0. 0. 0.]
wbc_obs q (first 5): [-2.97416121e-01 -7.02084508e-05 -1.32481320e-04  7.25618362e-01
 -4.28202122e-01]
wbc_action q (first 5): [-0.2600202   0.01873273 -0.0049244   0.70390975  0.10937043]
arm joint targets: {'left_shoulder_roll_joint': -0.0416017584502697, 'right_shoulder_roll_joint': 0.0, 'left_elbow_joint': 0.0, 'right_elbow_joint': 0.0}

--- WBC DEBUG STEP ---
num_envs: 1
navigate_cmd (vel_x, vel_y, yaw): [0.         0.00153437 0.00234375]
base_height_cmd (height): [0.7464844]
torso_orientation_rpy_cmd: [0. 0. 0.]
wbc_obs q (first 5): [-2.97415495e-01 -7.03980404e-05 -1.32845933e-04  7.25617051e-01
 -4.28202063e-01]
wbc_action q (first 5): [-0.26112762  0.01826055 -0.0051034   0.70535088  0.10768805]
arm joint targets: {'left_shoulder_roll_joint': -0.03616587072610855, 'right_shoulder_roll_joint': 0.0, 'left_elbow_joint': 0.0, 'right_elbow_joint': 0.0}

--- WBC DEBUG STEP ---
num_envs: 1
navigate_cmd (vel_x, vel_y, yaw): [0.         0.00153437 0.00722656]
base_height_cmd (height): [0.75]
torso_orientation_rpy_cmd: [0. 0. 0.]
wbc_obs q (first 5): [-2.97416121e-01 -7.00220990e-05 -1.32329777e-04  7.25618958e-01
 -4.28202689e-01]
wbc_action q (first 5): [-0.26051342  0.01860954 -0.00486071  0.70232654  0.10872088]
arm joint targets: {'left_shoulder_roll_joint': -0.03290433809161186, 'right_shoulder_roll_joint': 0.0, 'left_elbow_joint': 0.0, 'right_elbow_joint': 0.0}

--- WBC DEBUG STEP ---
num_envs: 1
navigate_cmd (vel_x, vel_y, yaw): [ 0.         -0.00111202  0.00820313]
base_height_cmd (height): [0.74970704]
torso_orientation_rpy_cmd: [0. 0. 0.]
wbc_obs q (first 5): [-2.97415942e-01 -7.02742691e-05 -1.32988105e-04  7.25618422e-01
 -4.28202599e-01]
wbc_action q (first 5): [-0.25978577  0.01881136 -0.00516436  0.7017051   0.1093048 ]
arm joint targets: {'left_shoulder_roll_joint': -0.04921199753880501, 'right_shoulder_roll_joint': 0.0, 'left_elbow_joint': 0.0, 'right_elbow_joint': 0.0}

--- WBC DEBUG STEP ---
num_envs: 1
navigate_cmd (vel_x, vel_y, yaw): [0.         0.00028082 0.00234375]
base_height_cmd (height): [0.7494141]
torso_orientation_rpy_cmd: [0. 0. 0.]
wbc_obs q (first 5): [-2.97415733e-01 -7.04332124e-05 -1.33176902e-04  7.25617826e-01
 -4.28202361e-01]
wbc_action q (first 5): [-0.25927028  0.01874372 -0.00512573  0.70206332  0.10915278]
arm joint targets: {'left_shoulder_roll_joint': -0.04486328735947609, 'right_shoulder_roll_joint': 0.0, 'left_elbow_joint': 0.0, 'right_elbow_joint': 0.0}

--- WBC DEBUG STEP ---
num_envs: 1
navigate_cmd (vel_x, vel_y, yaw): [ 0.         -0.00069417  0.00820313]
base_height_cmd (height): [0.7470703]
torso_orientation_rpy_cmd: [0. 0. 0.]
wbc_obs q (first 5): [-2.97416151e-01 -7.04765189e-05 -1.32688743e-04  7.25618184e-01
 -4.28202391e-01]
wbc_action q (first 5): [-0.26020652  0.0183993  -0.00553462  0.70421475  0.1080568 ]
arm joint targets: {'left_shoulder_roll_joint': -0.03942740336060524, 'right_shoulder_roll_joint': 0.0, 'left_elbow_joint': 0.0, 'right_elbow_joint': 0.0}

--- WBC DEBUG STEP ---
num_envs: 1
navigate_cmd (vel_x, vel_y, yaw): [ 0.         -0.00027632  0.00527344]
base_height_cmd (height): [0.7482422]
torso_orientation_rpy_cmd: [0. 0. 0.]
wbc_obs q (first 5): [-2.97415823e-01 -7.03469341e-05 -1.32690097e-04  7.25618005e-01
 -4.28202331e-01]
wbc_action q (first 5): [-0.2604326   0.01860736 -0.00532608  0.7035321   0.10868491]
arm joint targets: {'left_shoulder_roll_joint': -0.054647885262966156, 'right_shoulder_roll_joint': 0.0, 'left_elbow_joint': 0.0, 'right_elbow_joint': 0.0}

--- WBC DEBUG STEP ---
num_envs: 1
navigate_cmd (vel_x, vel_y, yaw): [ 0.         -0.00013703  0.00039063]
base_height_cmd (height): [0.74794924]
torso_orientation_rpy_cmd: [0. 0. 0.]
wbc_obs q (first 5): [-2.97415465e-01 -7.05935890e-05 -1.33120004e-04  7.25616992e-01
 -4.28201735e-01]
wbc_action q (first 5): [-0.2603403   0.01886141 -0.00501239  0.70390296  0.10840796]
arm joint targets: {'left_shoulder_roll_joint': -0.04703764244914055, 'right_shoulder_roll_joint': 0.0, 'left_elbow_joint': 0.0, 'right_elbow_joint': 0.0}

--- WBC DEBUG STEP ---
num_envs: 1
navigate_cmd (vel_x, vel_y, yaw): [0.         0.00048974 0.00429688]
base_height_cmd (height): [0.7488281]
torso_orientation_rpy_cmd: [0. 0. 0.]
wbc_obs q (first 5): [-2.97416538e-01 -7.04754784e-05 -1.33269074e-04  7.25619137e-01
 -4.28202659e-01]
wbc_action q (first 5): [-0.26027855  0.01866382 -0.00505976  0.70303142  0.10901184]
arm joint targets: {'left_shoulder_roll_joint': -0.04812481999397278, 'right_shoulder_roll_joint': 0.0, 'left_elbow_joint': 0.0, 'right_elbow_joint': 0.0}

--- WBC DEBUG STEP ---
num_envs: 1
navigate_cmd (vel_x, vel_y, yaw): [0.         0.00195222 0.00429688]
base_height_cmd (height): [0.7476562]
torso_orientation_rpy_cmd: [0. 0. 0.]
wbc_obs q (first 5): [-2.97416240e-01 -7.03617843e-05 -1.32932561e-04  7.25618303e-01
 -4.28202242e-01]
wbc_action q (first 5): [-0.26050404  0.01830754 -0.00495478  0.7040686   0.1084644 ]
arm joint targets: {'left_shoulder_roll_joint': -0.05682223662734032, 'right_shoulder_roll_joint': 0.0, 'left_elbow_joint': 0.0, 'right_elbow_joint': 0.0}

--- WBC DEBUG STEP ---
num_envs: 1
navigate_cmd (vel_x, vel_y, yaw): [0.         0.00028082 0.00429688]
base_height_cmd (height): [0.7476562]
torso_orientation_rpy_cmd: [0. 0. 0.]
wbc_obs q (first 5): [-2.97416061e-01 -7.06092324e-05 -1.33335270e-04  7.25618720e-01
 -4.28202838e-01]
wbc_action q (first 5): [-0.26067221  0.01865331 -0.00499818  0.70427227  0.10770048]
arm joint targets: {'left_shoulder_roll_joint': -0.054647885262966156, 'right_shoulder_roll_joint': 0.0, 'left_elbow_joint': 0.0, 'right_elbow_joint': 0.0}

--- WBC DEBUG STEP ---
num_envs: 1
navigate_cmd (vel_x, vel_y, yaw): [ 0.         -0.00062453  0.00625   ]
base_height_cmd (height): [0.74736327]
torso_orientation_rpy_cmd: [0. 0. 0.]
wbc_obs q (first 5): [-2.97416240e-01 -7.02109683e-05 -1.32880930e-04  7.25619197e-01
 -4.28202927e-01]
wbc_action q (first 5): [-0.26111037  0.01868614 -0.00514623  0.70444411  0.10739167]
arm joint targets: {'left_shoulder_roll_joint': -0.061170946806669235, 'right_shoulder_roll_joint': 0.0, 'left_elbow_joint': 0.0, 'right_elbow_joint': 0.0}

--- WBC DEBUG STEP ---
num_envs: 1
navigate_cmd (vel_x, vel_y, yaw): [ 0.         -0.00048524  0.00332031]
base_height_cmd (height): [0.74677736]
torso_orientation_rpy_cmd: [0. 0. 0.]
wbc_obs q (first 5): [-2.97416538e-01 -7.03030673e-05 -1.32805639e-04  7.25619197e-01
 -4.28202510e-01]
wbc_action q (first 5): [-0.26147193  0.0187935  -0.00497553  0.70512688  0.10665692]
arm joint targets: {'left_shoulder_roll_joint': -0.053560707718133926, 'right_shoulder_roll_joint': 0.0, 'left_elbow_joint': 0.0, 'right_elbow_joint': 0.0}

--- WBC DEBUG STEP ---
num_envs: 1
navigate_cmd (vel_x, vel_y, yaw): [0.         0.00195222 0.00234375]
base_height_cmd (height): [0.7458984]
torso_orientation_rpy_cmd: [0. 0. 0.]
wbc_obs q (first 5): [-2.97416836e-01 -7.00118981e-05 -1.32730827e-04  7.25620151e-01
 -4.28203642e-01]
wbc_action q (first 5): [-0.26204729  0.01853151 -0.00465798  0.70625412  0.10583101]
arm joint targets: {'left_shoulder_roll_joint': -0.05682223662734032, 'right_shoulder_roll_joint': 0.0, 'left_elbow_joint': 0.0, 'right_elbow_joint': 0.0}

--- WBC DEBUG STEP ---
num_envs: 1
navigate_cmd (vel_x, vel_y, yaw): [ 0.         -0.00069417  0.00722656]
base_height_cmd (height): [0.7464844]
torso_orientation_rpy_cmd: [0. 0. 0.]
wbc_obs q (first 5): [-2.97415644e-01 -6.98456206e-05 -1.32406349e-04  7.25618184e-01
 -4.28202480e-01]
wbc_action q (first 5): [-0.26242271  0.01872039 -0.00508684  0.70557606  0.10553993]
arm joint targets: {'left_shoulder_roll_joint': -0.05138635262846947, 'right_shoulder_roll_joint': 0.0, 'left_elbow_joint': 0.0, 'right_elbow_joint': 0.0}

--- WBC DEBUG STEP ---
num_envs: 1
navigate_cmd (vel_x, vel_y, yaw): [0.         0.00055939 0.00234375]
base_height_cmd (height): [0.74501956]
torso_orientation_rpy_cmd: [0. 0. 0.]
wbc_obs q (first 5): [-2.97416300e-01 -6.97135474e-05 -1.32374378e-04  7.25618303e-01
 -4.28202122e-01]
wbc_action q (first 5): [-0.26289383  0.01873291 -0.00459463  0.70713389  0.10455836]
arm joint targets: {'left_shoulder_roll_joint': -0.05573505908250809, 'right_shoulder_roll_joint': 0.0, 'left_elbow_joint': 0.0, 'right_elbow_joint': 0.0}

--- WBC DEBUG STEP ---
num_envs: 1
navigate_cmd (vel_x, vel_y, yaw): [0.         0.0004201  0.00332031]
base_height_cmd (height): [0.7464844]
torso_orientation_rpy_cmd: [0. 0. 0.]
wbc_obs q (first 5): [-2.97416210e-01 -6.99614902e-05 -1.32627989e-04  7.25618482e-01
 -4.28203136e-01]
wbc_action q (first 5): [-0.26285869  0.01889567 -0.00462443  0.70602274  0.10448097]
arm joint targets: {'left_shoulder_roll_joint': -0.054647885262966156, 'right_shoulder_roll_joint': 0.0, 'left_elbow_joint': 0.0, 'right_elbow_joint': 0.0}

--- WBC DEBUG STEP ---
num_envs: 1
navigate_cmd (vel_x, vel_y, yaw): [0.         0.00181294 0.00332031]
base_height_cmd (height): [0.74472654]
torso_orientation_rpy_cmd: [0. 0. 0.]
wbc_obs q (first 5): [-2.97416449e-01 -7.03706173e-05 -1.33115173e-04  7.25618899e-01
 -4.28203076e-01]
wbc_action q (first 5): [-0.26324409  0.01864845 -0.00450873  0.70762682  0.10329147]
arm joint targets: {'left_shoulder_roll_joint': -0.05138635262846947, 'right_shoulder_roll_joint': 0.0, 'left_elbow_joint': 0.0, 'right_elbow_joint': 0.0}

--- WBC DEBUG STEP ---
num_envs: 1
navigate_cmd (vel_x, vel_y, yaw): [0.         0.00028082 0.00136719]
base_height_cmd (height): [0.7435547]
torso_orientation_rpy_cmd: [0. 0. 0.]
wbc_obs q (first 5): [-2.97415763e-01 -6.99062366e-05 -1.32725108e-04  7.25617528e-01
 -4.28202361e-01]
wbc_action q (first 5): [-0.26407364  0.01901406 -0.00456468  0.70891333  0.10201983]
arm joint targets: {'left_shoulder_roll_joint': -0.053560707718133926, 'right_shoulder_roll_joint': 0.0, 'left_elbow_joint': 0.0, 'right_elbow_joint': 0.0}

--- WBC DEBUG STEP ---
num_envs: 1
navigate_cmd (vel_x, vel_y, yaw): [0.         0.00069867 0.00039063]
base_height_cmd (height): [0.7435547]
torso_orientation_rpy_cmd: [0. 0. 0.]
wbc_obs q (first 5): [-2.97415793e-01 -6.95400449e-05 -1.31718494e-04  7.25618124e-01
 -4.28202569e-01]
wbc_action q (first 5): [-0.2646839   0.0190874  -0.0044211   0.7092694   0.10120808]
arm joint targets: {'left_shoulder_roll_joint': -0.0524735301733017, 'right_shoulder_roll_joint': 0.0, 'left_elbow_joint': 0.0, 'right_elbow_joint': 0.0}

--- WBC DEBUG STEP ---
num_envs: 1
navigate_cmd (vel_x, vel_y, yaw): [ 0.0000000e+00 -6.7391346e-05  3.9062501e-04]
base_height_cmd (height): [0.7435547]
torso_orientation_rpy_cmd: [0. 0. 0.]
wbc_obs q (first 5): [-2.97415614e-01 -7.02643229e-05 -1.33519075e-04  7.25617290e-01
 -4.28201705e-01]
wbc_action q (first 5): [-0.26481941  0.01923103 -0.00451427  0.70930886  0.1007327 ]
arm joint targets: {'left_shoulder_roll_joint': -0.053560707718133926, 'right_shoulder_roll_joint': 0.0, 'left_elbow_joint': 0.0, 'right_elbow_joint': 0.0}

--- WBC DEBUG STEP ---
num_envs: 1
navigate_cmd (vel_x, vel_y, yaw): [ 0.         -0.0004156  -0.00449219]
base_height_cmd (height): [0.740918]
torso_orientation_rpy_cmd: [0. 0. 0.]
wbc_obs q (first 5): [-2.97416389e-01 -7.00583187e-05 -1.33159469e-04  7.25618064e-01
 -4.28202480e-01]
wbc_action q (first 5): [-0.26588354  0.01923051 -0.00450524  0.7117157   0.0990773 ]
arm joint targets: {'left_shoulder_roll_joint': -0.0524735301733017, 'right_shoulder_roll_joint': 0.0, 'left_elbow_joint': 0.0, 'right_elbow_joint': 0.0}

--- WBC DEBUG STEP ---
num_envs: 1
navigate_cmd (vel_x, vel_y, yaw): [0.0000000e+00 2.2504828e-06 3.9062501e-04]
base_height_cmd (height): [0.7423828]
torso_orientation_rpy_cmd: [0. 0. 0.]
wbc_obs q (first 5): [-2.97416389e-01 -6.86118583e-05 -1.30234403e-04  7.25619018e-01
 -4.28203017e-01]
wbc_action q (first 5): [-0.26635352  0.01944658 -0.00437698  0.71094561  0.09874715]
arm joint targets: {'left_shoulder_roll_joint': -0.05573505908250809, 'right_shoulder_roll_joint': 0.0, 'left_elbow_joint': 0.0, 'right_elbow_joint': 0.0}

--- WBC DEBUG STEP ---
num_envs: 1
navigate_cmd (vel_x, vel_y, yaw): [0.         0.00035046 0.00136719]
base_height_cmd (height): [0.7415039]
torso_orientation_rpy_cmd: [0. 0. 0.]
wbc_obs q (first 5): [-2.97416925e-01 -7.03234837e-05 -1.32886096e-04  7.25619853e-01
 -4.28203613e-01]
wbc_action q (first 5): [-0.2666859   0.01928714 -0.00445403  0.71160513  0.09765427]
arm joint targets: {'left_shoulder_roll_joint': -0.05573505908250809, 'right_shoulder_roll_joint': 0.0, 'left_elbow_joint': 0.0, 'right_elbow_joint': 0.0}

--- WBC DEBUG STEP ---
num_envs: 1
navigate_cmd (vel_x, vel_y, yaw): [ 0.          0.00111652 -0.0015625 ]
base_height_cmd (height): [0.7423828]
torso_orientation_rpy_cmd: [0. 0. 0.]
wbc_obs q (first 5): [-2.97416836e-01 -6.91239038e-05 -1.31010791e-04  7.25619912e-01
 -4.28203434e-01]
wbc_action q (first 5): [-0.26677063  0.01947526 -0.00425099  0.71097648  0.09737308]
arm joint targets: {'left_shoulder_roll_joint': -0.054647885262966156, 'right_shoulder_roll_joint': 0.0, 'left_elbow_joint': 0.0, 'right_elbow_joint': 0.0}

--- WBC DEBUG STEP ---
num_envs: 1
navigate_cmd (vel_x, vel_y, yaw): [0.         0.00292721 0.00039063]
base_height_cmd (height): [0.7488281]
torso_orientation_rpy_cmd: [0. 0. 0.]
wbc_obs q (first 5): [-2.97416657e-01 -6.96358620e-05 -1.31857771e-04  7.25619435e-01
 -4.28202957e-01]
wbc_action q (first 5): [-0.2644614   0.01968155 -0.00406034  0.7049278   0.10090746]
arm joint targets: {'left_shoulder_roll_joint': -0.03290433809161186, 'right_shoulder_roll_joint': 0.0, 'left_elbow_joint': 0.0, 'right_elbow_joint': 0.0}

--- WBC DEBUG STEP ---
num_envs: 1
navigate_cmd (vel_x, vel_y, yaw): [0.         0.00320577 0.00429688]
base_height_cmd (height): [0.75]
torso_orientation_rpy_cmd: [0. 0. 0.]
wbc_obs q (first 5): [-2.97416240e-01 -6.90308298e-05 -1.30624147e-04  7.25618958e-01
 -4.28203046e-01]
wbc_action q (first 5): [-0.26130724  0.01985309 -0.00372348  0.70341063  0.1050501 ]
arm joint targets: {'left_shoulder_roll_joint': -0.028555629774928093, 'right_shoulder_roll_joint': 0.0, 'left_elbow_joint': 0.0, 'right_elbow_joint': 0.0}

--- WBC DEBUG STEP ---
num_envs: 1
navigate_cmd (vel_x, vel_y, yaw): [0.         0.00320577 0.00234375]
base_height_cmd (height): [0.75]
torso_orientation_rpy_cmd: [0. 0. 0.]
wbc_obs q (first 5): [-2.97416478e-01 -6.96130737e-05 -1.31575012e-04  7.25619197e-01
 -4.28203046e-01]
wbc_action q (first 5): [-0.25991675  0.01966555 -0.00385734  0.70346683  0.10835184]
arm joint targets: {'left_shoulder_roll_joint': -0.029642807319760323, 'right_shoulder_roll_joint': 0.0, 'left_elbow_joint': 0.0, 'right_elbow_joint': 0.0}

--- WBC DEBUG STEP ---
num_envs: 1
navigate_cmd (vel_x, vel_y, yaw): [0.         0.00223079 0.00136719]
base_height_cmd (height): [0.75]
torso_orientation_rpy_cmd: [0. 0. 0.]
wbc_obs q (first 5): [-2.97416329e-01 -6.93251714e-05 -1.30970540e-04  7.25618958e-01
 -4.28202689e-01]
wbc_action q (first 5): [-0.25914478  0.01954251 -0.00418435  0.70333397  0.11078833]
arm joint targets: {'left_shoulder_roll_joint': -0.027468452230095863, 'right_shoulder_roll_joint': 0.0, 'left_elbow_joint': 0.0, 'right_elbow_joint': 0.0}

--- WBC DEBUG STEP ---
num_envs: 1
navigate_cmd (vel_x, vel_y, yaw): [0.         0.00167365 0.00234375]
base_height_cmd (height): [0.75]
torso_orientation_rpy_cmd: [0. 0. 0.]
wbc_obs q (first 5): [-2.97416598e-01 -6.95743365e-05 -1.31320368e-04  7.25619733e-01
 -4.28203285e-01]
wbc_action q (first 5): [-0.25851133  0.01932571 -0.00451993  0.70311224  0.11298607]
arm joint targets: {'left_shoulder_roll_joint': -0.023119743913412094, 'right_shoulder_roll_joint': 0.0, 'left_elbow_joint': 0.0, 'right_elbow_joint': 0.0}

--- WBC DEBUG STEP ---
num_envs: 1
navigate_cmd (vel_x, vel_y, yaw): [0.         0.00153437 0.00234375]
base_height_cmd (height): [0.75]
torso_orientation_rpy_cmd: [0. 0. 0.]
wbc_obs q (first 5): [-2.97416300e-01 -6.96644347e-05 -1.31500419e-04  7.25618780e-01
 -4.28203106e-01]
wbc_action q (first 5): [-0.25825736  0.01916968 -0.00452836  0.70313305  0.11516003]
arm joint targets: {'left_shoulder_roll_joint': -0.025294099003076553, 'right_shoulder_roll_joint': 0.0, 'left_elbow_joint': 0.0, 'right_elbow_joint': 0.0}

--- WBC DEBUG STEP ---
num_envs: 1
navigate_cmd (vel_x, vel_y, yaw): [0.         0.00104688 0.00234375]
base_height_cmd (height): [0.75]
torso_orientation_rpy_cmd: [0. 0. 0.]
wbc_obs q (first 5): [-2.97416627e-01 -6.93797410e-05 -1.31351568e-04  7.25619256e-01
 -4.28203225e-01]
wbc_action q (first 5): [-0.2580516   0.01904722 -0.00471659  0.70294273  0.11641805]
arm joint targets: {'left_shoulder_roll_joint': -0.03399151563644409, 'right_shoulder_roll_joint': 0.0, 'left_elbow_joint': 0.0, 'right_elbow_joint': 0.0}

--- WBC DEBUG STEP ---
num_envs: 1
navigate_cmd (vel_x, vel_y, yaw): [0.         0.00035046 0.00625   ]
base_height_cmd (height): [0.74970704]
torso_orientation_rpy_cmd: [0. 0. 0.]
wbc_obs q (first 5): [-2.97415763e-01 -6.97827199e-05 -1.32013796e-04  7.25618124e-01
 -4.28202301e-01]
wbc_action q (first 5): [-0.25797635  0.01898736 -0.00492336  0.70313525  0.11638607]
arm joint targets: {'left_shoulder_roll_joint': -0.03507869318127632, 'right_shoulder_roll_joint': 0.0, 'left_elbow_joint': 0.0, 'right_elbow_joint': 0.0}

--- WBC DEBUG STEP ---
num_envs: 1
navigate_cmd (vel_x, vel_y, yaw): [ 0.         -0.00069417  0.00429688]
base_height_cmd (height): [0.75]
torso_orientation_rpy_cmd: [0. 0. 0.]
wbc_obs q (first 5): [-2.97416210e-01 -6.94135015e-05 -1.31041597e-04  7.25618720e-01
 -4.28202629e-01]
wbc_action q (first 5): [-0.25783268  0.01909148 -0.00509221  0.70263982  0.11650802]
arm joint targets: {'left_shoulder_roll_joint': -0.019858213141560555, 'right_shoulder_roll_joint': 0.0, 'left_elbow_joint': 0.0, 'right_elbow_joint': 0.0}

--- WBC DEBUG STEP ---
num_envs: 1
navigate_cmd (vel_x, vel_y, yaw): [0.         0.00083795 0.00234375]
base_height_cmd (height): [0.75]
torso_orientation_rpy_cmd: [0. 0. 0.]
wbc_obs q (first 5): [-2.97416121e-01 -6.98502772e-05 -1.31713925e-04  7.25618601e-01
 -4.28202778e-01]
wbc_action q (first 5): [-0.25771075  0.01884461 -0.00487898  0.70258343  0.11708294]
arm joint targets: {'left_shoulder_roll_joint': -0.023119743913412094, 'right_shoulder_roll_joint': 0.0, 'left_elbow_joint': 0.0, 'right_elbow_joint': 0.0}

--- WBC DEBUG STEP ---
num_envs: 1
navigate_cmd (vel_x, vel_y, yaw): [0.         0.00097724 0.00429688]
base_height_cmd (height): [0.75]
torso_orientation_rpy_cmd: [0. 0. 0.]
wbc_obs q (first 5): [-2.97416121e-01 -7.00568780e-05 -1.32145695e-04  7.25618124e-01
 -4.28202361e-01]
wbc_action q (first 5): [-0.25776377  0.0186105  -0.00494638  0.70252252  0.11693276]
arm joint targets: {'left_shoulder_roll_joint': -0.03181716054677963, 'right_shoulder_roll_joint': 0.0, 'left_elbow_joint': 0.0, 'right_elbow_joint': 0.0}

--- WBC DEBUG STEP ---
num_envs: 1
navigate_cmd (vel_x, vel_y, yaw): [0.         0.002579   0.00234375]
base_height_cmd (height): [0.75]
torso_orientation_rpy_cmd: [0. 0. 0.]
wbc_obs q (first 5): [-2.97416300e-01 -7.00562232e-05 -1.31698558e-04  7.25618958e-01
 -4.28203017e-01]
wbc_action q (first 5): [-0.25769365  0.01837545 -0.00477955  0.70259607  0.116062  ]
arm joint targets: {'left_shoulder_roll_joint': -0.016596680507063866, 'right_shoulder_roll_joint': 0.0, 'left_elbow_joint': 0.0, 'right_elbow_joint': 0.0}

--- WBC DEBUG STEP ---
num_envs: 1
navigate_cmd (vel_x, vel_y, yaw): [0.         0.00069867 0.00429688]
base_height_cmd (height): [0.75]
torso_orientation_rpy_cmd: [0. 0. 0.]
wbc_obs q (first 5): [-2.97415763e-01 -7.03384867e-05 -1.32408590e-04  7.25617409e-01
 -4.28202212e-01]
wbc_action q (first 5): [-0.2578589   0.01847173 -0.00506471  0.70219839  0.11589406]
arm joint targets: {'left_shoulder_roll_joint': -0.027468452230095863, 'right_shoulder_roll_joint': 0.0, 'left_elbow_joint': 0.0, 'right_elbow_joint': 0.0}

--- WBC DEBUG STEP ---
num_envs: 1
navigate_cmd (vel_x, vel_y, yaw): [0.         0.0012558  0.00332031]
base_height_cmd (height): [0.75]
torso_orientation_rpy_cmd: [0. 0. 0.]
wbc_obs q (first 5): [-2.97415853e-01 -6.99340235e-05 -1.31846042e-04  7.25617707e-01
 -4.28202063e-01]
wbc_action q (first 5): [-0.25779614  0.01848508 -0.00498098  0.70219713  0.11549284]
arm joint targets: {'left_shoulder_roll_joint': -0.023119743913412094, 'right_shoulder_roll_joint': 0.0, 'left_elbow_joint': 0.0, 'right_elbow_joint': 0.0}

--- WBC DEBUG STEP ---
num_envs: 1
navigate_cmd (vel_x, vel_y, yaw): [0.000000e+00 7.189231e-05 2.343750e-03]
base_height_cmd (height): [0.75]
torso_orientation_rpy_cmd: [0. 0. 0.]
wbc_obs q (first 5): [-2.97416121e-01 -7.02655452e-05 -1.31911744e-04  7.25618124e-01
 -4.28202242e-01]
wbc_action q (first 5): [-0.25772762  0.0187108  -0.00506433  0.7021203   0.11544709]
arm joint targets: {'left_shoulder_roll_joint': -0.023119743913412094, 'right_shoulder_roll_joint': 0.0, 'left_elbow_joint': 0.0, 'right_elbow_joint': 0.0}

--- WBC DEBUG STEP ---
num_envs: 1
navigate_cmd (vel_x, vel_y, yaw): [ 0.         -0.00027632  0.00039063]
base_height_cmd (height): [0.74970704]
torso_orientation_rpy_cmd: [0. 0. 0.]
wbc_obs q (first 5): [-2.97416180e-01 -6.96316347e-05 -1.31068780e-04  7.25617826e-01
 -4.28201884e-01]
wbc_action q (first 5): [-0.25784999  0.01880804 -0.00505506  0.7023713   0.11531593]
arm joint targets: {'left_shoulder_roll_joint': -0.025294099003076553, 'right_shoulder_roll_joint': 0.0, 'left_elbow_joint': 0.0, 'right_elbow_joint': 0.0}

--- WBC DEBUG STEP ---
num_envs: 1
navigate_cmd (vel_x, vel_y, yaw): [ 0.         -0.00013703  0.00039063]
base_height_cmd (height): [0.7494141]
torso_orientation_rpy_cmd: [0. 0. 0.]
wbc_obs q (first 5): [-2.97416270e-01 -7.01666286e-05 -1.32176108e-04  7.25618899e-01
 -4.28202957e-01]
wbc_action q (first 5): [-0.25801817  0.01883239 -0.00504665  0.70274955  0.11502026]
arm joint targets: {'left_shoulder_roll_joint': -0.016596680507063866, 'right_shoulder_roll_joint': 0.0, 'left_elbow_joint': 0.0, 'right_elbow_joint': 0.0}

--- WBC DEBUG STEP ---
num_envs: 1
navigate_cmd (vel_x, vel_y, yaw): [ 0.0000000e+00 -6.7391346e-05  6.2500001e-03]
base_height_cmd (height): [0.75]
torso_orientation_rpy_cmd: [0. 0. 0.]
wbc_obs q (first 5): [-2.97415733e-01 -7.02896868e-05 -1.32177855e-04  7.25617707e-01
 -4.28202689e-01]
wbc_action q (first 5): [-0.2581991   0.01858828 -0.00530824  0.70203495  0.11554362]
arm joint targets: {'left_shoulder_roll_joint': -0.026381276547908783, 'right_shoulder_roll_joint': 0.0, 'left_elbow_joint': 0.0, 'right_elbow_joint': 0.0}

--- WBC DEBUG STEP ---
num_envs: 1
navigate_cmd (vel_x, vel_y, yaw): [ 0.         -0.00152987  0.00917969]
base_height_cmd (height): [0.7494141]
torso_orientation_rpy_cmd: [0. 0. 0.]
wbc_obs q (first 5): [-2.97416836e-01 -6.92776666e-05 -1.31156528e-04  7.25619316e-01
 -4.28203136e-01]
wbc_action q (first 5): [-0.25827992  0.0186474  -0.00549353  0.70242667  0.11508678]
arm joint targets: {'left_shoulder_roll_joint': -0.025294099003076553, 'right_shoulder_roll_joint': 0.0, 'left_elbow_joint': 0.0, 'right_elbow_joint': 0.0}

--- WBC DEBUG STEP ---
num_envs: 1
navigate_cmd (vel_x, vel_y, yaw): [ 0.         -0.00180844  0.00429688]
base_height_cmd (height): [0.75]
torso_orientation_rpy_cmd: [0. 0. 0.]
wbc_obs q (first 5): [-2.97416627e-01 -6.95211565e-05 -1.31302411e-04  7.25619376e-01
 -4.28202957e-01]
wbc_action q (first 5): [-0.2580238   0.01885458 -0.00538756  0.70194721  0.11513256]
arm joint targets: {'left_shoulder_roll_joint': -0.03399151563644409, 'right_shoulder_roll_joint': 0.0, 'left_elbow_joint': 0.0, 'right_elbow_joint': 0.0}

--- WBC DEBUG STEP ---
num_envs: 1
navigate_cmd (vel_x, vel_y, yaw): [0.0000000e+00 2.2504828e-06 1.3671875e-03]
base_height_cmd (height): [0.74912107]
torso_orientation_rpy_cmd: [0. 0. 0.]
wbc_obs q (first 5): [-2.97416091e-01 -7.02080069e-05 -1.32472953e-04  7.25618422e-01
 -4.28202629e-01]
wbc_action q (first 5): [-0.25829497  0.01859692 -0.00522443  0.70285237  0.1140434 ]
arm joint targets: {'left_shoulder_roll_joint': -0.03290433809161186, 'right_shoulder_roll_joint': 0.0, 'left_elbow_joint': 0.0, 'right_elbow_joint': 0.0}

--- WBC DEBUG STEP ---
num_envs: 1
navigate_cmd (vel_x, vel_y, yaw): [ 0.         -0.00076381  0.00136719]
base_height_cmd (height): [0.7494141]
torso_orientation_rpy_cmd: [0. 0. 0.]
wbc_obs q (first 5): [-2.97415912e-01 -6.94745613e-05 -1.31569061e-04  7.25617945e-01
 -4.28202629e-01]
wbc_action q (first 5): [-0.2585412   0.01879952 -0.00521468  0.70263022  0.11353348]
arm joint targets: {'left_shoulder_roll_joint': -0.03725304827094078, 'right_shoulder_roll_joint': 0.0, 'left_elbow_joint': 0.0, 'right_elbow_joint': 0.0}

--- WBC DEBUG STEP ---
num_envs: 1
navigate_cmd (vel_x, vel_y, yaw): [0.         0.00028082 0.00429688]
base_height_cmd (height): [0.75]
torso_orientation_rpy_cmd: [0. 0. 0.]
wbc_obs q (first 5): [-2.97416151e-01 -6.96305069e-05 -1.31728637e-04  7.25618064e-01
 -4.28201586e-01]
wbc_action q (first 5): [-0.25839505  0.01854074 -0.00532113  0.70191741  0.11356415]
arm joint targets: {'left_shoulder_roll_joint': -0.03616587072610855, 'right_shoulder_roll_joint': 0.0, 'left_elbow_joint': 0.0, 'right_elbow_joint': 0.0}

--- WBC DEBUG STEP ---
num_envs: 1
navigate_cmd (vel_x, vel_y, yaw): [ 0.         -0.00013703  0.00332031]
base_height_cmd (height): [0.7494141]
torso_orientation_rpy_cmd: [0. 0. 0.]
wbc_obs q (first 5): [-2.97416627e-01 -6.96030111e-05 -1.31687397e-04  7.25619137e-01
 -4.28203195e-01]
wbc_action q (first 5): [-0.25862589  0.01850104 -0.00526743  0.70233178  0.11327069]
arm joint targets: {'left_shoulder_roll_joint': -0.04486328735947609, 'right_shoulder_roll_joint': 0.0, 'left_elbow_joint': 0.0, 'right_elbow_joint': 0.0}

--- WBC DEBUG STEP ---
num_envs: 1
navigate_cmd (vel_x, vel_y, yaw): [ 0.         -0.00013703  0.00332031]
base_height_cmd (height): [0.7494141]
torso_orientation_rpy_cmd: [0. 0. 0.]
wbc_obs q (first 5): [-2.97415942e-01 -6.97485157e-05 -1.31570589e-04  7.25618541e-01
 -4.28202718e-01]
wbc_action q (first 5): [-0.25883725  0.01860519 -0.00508752  0.70249444  0.11253826]
arm joint targets: {'left_shoulder_roll_joint': -0.04051458090543747, 'right_shoulder_roll_joint': 0.0, 'left_elbow_joint': 0.0, 'right_elbow_joint': 0.0}

--- WBC DEBUG STEP ---
num_envs: 1
navigate_cmd (vel_x, vel_y, yaw): [ 0.         -0.0004156   0.00234375]
base_height_cmd (height): [0.74912107]
torso_orientation_rpy_cmd: [0. 0. 0.]
wbc_obs q (first 5): [-2.97416061e-01 -6.97565774e-05 -1.31907378e-04  7.25618124e-01
 -4.28202182e-01]
wbc_action q (first 5): [-0.25897437  0.0186815  -0.00507769  0.70272505  0.11205979]
arm joint targets: {'left_shoulder_roll_joint': -0.04268893226981163, 'right_shoulder_roll_joint': 0.0, 'left_elbow_joint': 0.0, 'right_elbow_joint': 0.0}

--- WBC DEBUG STEP ---
num_envs: 1
navigate_cmd (vel_x, vel_y, yaw): [ 0.         -0.00062453  0.00625   ]
base_height_cmd (height): [0.75]
torso_orientation_rpy_cmd: [0. 0. 0.]
wbc_obs q (first 5): [-2.97416955e-01 -6.98113945e-05 -1.31587367e-04  7.25620091e-01
 -4.28203195e-01]
wbc_action q (first 5): [-0.25899825  0.01862076 -0.00525611  0.70178485  0.11239596]
arm joint targets: {'left_shoulder_roll_joint': -0.04812481999397278, 'right_shoulder_roll_joint': 0.0, 'left_elbow_joint': 0.0, 'right_elbow_joint': 0.0}

--- WBC DEBUG STEP ---
num_envs: 1
navigate_cmd (vel_x, vel_y, yaw): [ 0.         -0.00097274  0.00722656]
base_height_cmd (height): [0.74912107]
torso_orientation_rpy_cmd: [0. 0. 0.]
wbc_obs q (first 5): [-2.97415972e-01 -7.00475503e-05 -1.32069457e-04  7.25617409e-01
 -4.28202301e-01]
wbc_action q (first 5): [-0.25907981  0.01864103 -0.00522003  0.70258063  0.11186256]
arm joint targets: {'left_shoulder_roll_joint': -0.054647885262966156, 'right_shoulder_roll_joint': 0.0, 'left_elbow_joint': 0.0, 'right_elbow_joint': 0.0}

--- WBC DEBUG STEP ---
num_envs: 1
navigate_cmd (vel_x, vel_y, yaw): [ 0.         -0.00083345  0.00625   ]
base_height_cmd (height): [0.75]
torso_orientation_rpy_cmd: [0. 0. 0.]
wbc_obs q (first 5): [-2.97416240e-01 -7.09684537e-05 -1.32622343e-04  7.25618839e-01
 -4.28202629e-01]
wbc_action q (first 5): [-0.25906774  0.01863182 -0.00529028  0.7017042   0.11164026]
arm joint targets: {'left_shoulder_roll_joint': -0.04377610981464386, 'right_shoulder_roll_joint': 0.0, 'left_elbow_joint': 0.0, 'right_elbow_joint': 0.0}

--- WBC DEBUG STEP ---
num_envs: 1
navigate_cmd (vel_x, vel_y, yaw): [ 0.         -0.00264414  0.00136719]
base_height_cmd (height): [0.7488281]
torso_orientation_rpy_cmd: [0. 0. 0.]
wbc_obs q (first 5): [-2.97416568e-01 -6.96883435e-05 -1.31725523e-04  7.25619376e-01
 -4.28203583e-01]
wbc_action q (first 5): [-0.25921866  0.01897394 -0.00522445  0.70237744  0.11130445]
arm joint targets: {'left_shoulder_roll_joint': -0.0524735301733017, 'right_shoulder_roll_joint': 0.0, 'left_elbow_joint': 0.0, 'right_elbow_joint': 0.0}

--- WBC DEBUG STEP ---
num_envs: 1
navigate_cmd (vel_x, vel_y, yaw): [ 0.         -0.0004156   0.00429688]
base_height_cmd (height): [0.7494141]
torso_orientation_rpy_cmd: [0. 0. 0.]
wbc_obs q (first 5): [-2.97416329e-01 -6.95148337e-05 -1.31559587e-04  7.25618482e-01
 -4.28202808e-01]
wbc_action q (first 5): [-0.25916034  0.01864825 -0.00506823  0.70219243  0.11114673]
arm joint targets: {'left_shoulder_roll_joint': -0.057909414172172546, 'right_shoulder_roll_joint': 0.0, 'left_elbow_joint': 0.0, 'right_elbow_joint': 0.0}

--- WBC DEBUG STEP ---
num_envs: 1
navigate_cmd (vel_x, vel_y, yaw): [ 0.         -0.00069417  0.00429688]
base_height_cmd (height): [0.75]
torso_orientation_rpy_cmd: [0. 0. 0.]
wbc_obs q (first 5): [-2.97416091e-01 -6.98958756e-05 -1.31929526e-04  7.25618422e-01
 -4.28202361e-01]
wbc_action q (first 5): [-0.25907692  0.01867176 -0.0050617   0.70158768  0.11098288]
arm joint targets: {'left_shoulder_roll_joint': -0.04921199753880501, 'right_shoulder_roll_joint': 0.0, 'left_elbow_joint': 0.0, 'right_elbow_joint': 0.0}

--- WBC DEBUG STEP ---
num_envs: 1
navigate_cmd (vel_x, vel_y, yaw): [0.         0.0004201  0.00234375]
base_height_cmd (height): [0.7488281]
torso_orientation_rpy_cmd: [0. 0. 0.]
wbc_obs q (first 5): [-2.97415525e-01 -7.01720710e-05 -1.32010071e-04  7.25616932e-01
 -4.28201675e-01]
wbc_action q (first 5): [-0.25932178  0.01851143 -0.00491382  0.70254397  0.11034371]
arm joint targets: {'left_shoulder_roll_joint': -0.053560707718133926, 'right_shoulder_roll_joint': 0.0, 'left_elbow_joint': 0.0, 'right_elbow_joint': 0.0}

--- WBC DEBUG STEP ---
num_envs: 1
navigate_cmd (vel_x, vel_y, yaw): [ 0.         -0.0004156   0.00527344]
base_height_cmd (height): [0.74853516]
torso_orientation_rpy_cmd: [0. 0. 0.]
wbc_obs q (first 5): [-2.97416061e-01 -7.01104946e-05 -1.31973226e-04  7.25618601e-01
 -4.28202361e-01]
wbc_action q (first 5): [-0.25968209  0.01868515 -0.00489527  0.70305133  0.10954784]
arm joint targets: {'left_shoulder_roll_joint': -0.061170946806669235, 'right_shoulder_roll_joint': 0.0, 'left_elbow_joint': 0.0, 'right_elbow_joint': 0.0}

--- WBC DEBUG STEP ---
num_envs: 1
navigate_cmd (vel_x, vel_y, yaw): [0.         0.0004201  0.00527344]
base_height_cmd (height): [0.74853516]
torso_orientation_rpy_cmd: [0. 0. 0.]
wbc_obs q (first 5): [-2.97416478e-01 -6.94614282e-05 -1.31569948e-04  7.25618839e-01
 -4.28202957e-01]
wbc_action q (first 5): [-0.26005301  0.01854688 -0.00485361  0.70323861  0.10894538]
arm joint targets: {'left_shoulder_roll_joint': -0.060083769261837006, 'right_shoulder_roll_joint': 0.0, 'left_elbow_joint': 0.0, 'right_elbow_joint': 0.0}

--- WBC DEBUG STEP ---
num_envs: 1
navigate_cmd (vel_x, vel_y, yaw): [ 0.         -0.0017388   0.00722656]
base_height_cmd (height): [0.7464844]
torso_orientation_rpy_cmd: [0. 0. 0.]
wbc_obs q (first 5): [-2.97416508e-01 -6.96961506e-05 -1.31592227e-04  7.25618422e-01
 -4.28202331e-01]
wbc_action q (first 5): [-0.26096234  0.01858023 -0.00521897  0.70501006  0.10759784]
arm joint targets: {'left_shoulder_roll_joint': -0.062258124351501465, 'right_shoulder_roll_joint': 0.0, 'left_elbow_joint': 0.0, 'right_elbow_joint': 0.0}

--- WBC DEBUG STEP ---
num_envs: 1
navigate_cmd (vel_x, vel_y, yaw): [ 0.          0.00083795 -0.00058594]
base_height_cmd (height): [0.74794924]
torso_orientation_rpy_cmd: [0. 0. 0.]
wbc_obs q (first 5): [-2.97416508e-01 -6.95333583e-05 -1.31302353e-04  7.25619197e-01
 -4.28202897e-01]
wbc_action q (first 5): [-0.26104563  0.01874973 -0.00461546  0.70425129  0.10774644]
arm joint targets: {'left_shoulder_roll_joint': -0.060083769261837006, 'right_shoulder_roll_joint': 0.0, 'left_elbow_joint': 0.0, 'right_elbow_joint': 0.0}

--- WBC DEBUG STEP ---
num_envs: 1
navigate_cmd (vel_x, vel_y, yaw): [ 0.         -0.00083345  0.00429688]
base_height_cmd (height): [0.7470703]
torso_orientation_rpy_cmd: [0. 0. 0.]
wbc_obs q (first 5): [-2.97416478e-01 -6.98125514e-05 -1.31399647e-04  7.25618720e-01
 -4.28202629e-01]
wbc_action q (first 5): [-0.2612921   0.0187602  -0.00488209  0.70475054  0.10719283]
arm joint targets: {'left_shoulder_roll_joint': -0.06660683453083038, 'right_shoulder_roll_joint': 0.0, 'left_elbow_joint': 0.0, 'right_elbow_joint': 0.0}

--- WBC DEBUG STEP ---
num_envs: 1
navigate_cmd (vel_x, vel_y, yaw): [0.         0.0004201  0.00527344]
base_height_cmd (height): [0.74736327]
torso_orientation_rpy_cmd: [0. 0. 0.]
wbc_obs q (first 5): [-2.97416359e-01 -6.90934830e-05 -1.30986926e-04  7.25618541e-01
 -4.28202599e-01]
wbc_action q (first 5): [-0.26148099  0.01862038 -0.00477448  0.70478141  0.10692407]
arm joint targets: {'left_shoulder_roll_joint': -0.060083769261837006, 'right_shoulder_roll_joint': 0.0, 'left_elbow_joint': 0.0, 'right_elbow_joint': 0.0}

--- WBC DEBUG STEP ---
num_envs: 1
navigate_cmd (vel_x, vel_y, yaw): [ 0.         -0.00076381  0.00234375]
base_height_cmd (height): [0.7470703]
torso_orientation_rpy_cmd: [0. 0. 0.]
wbc_obs q (first 5): [-2.97416627e-01 -6.92302929e-05 -1.30988585e-04  7.25618780e-01
 -4.28202242e-01]
wbc_action q (first 5): [-0.26143774  0.01884224 -0.0047871   0.70496798  0.10681443]
arm joint targets: {'left_shoulder_roll_joint': -0.06878118962049484, 'right_shoulder_roll_joint': 0.0, 'left_elbow_joint': 0.0, 'right_elbow_joint': 0.0}

--- WBC DEBUG STEP ---
num_envs: 1
navigate_cmd (vel_x, vel_y, yaw): [0.         0.00083795 0.00136719]
base_height_cmd (height): [0.7453125]
torso_orientation_rpy_cmd: [0. 0. 0.]
wbc_obs q (first 5): [-2.97416180e-01 -6.92908579e-05 -1.31027802e-04  7.25618541e-01
 -4.28202212e-01]
wbc_action q (first 5): [-0.26228598  0.01861463 -0.0045811   0.70696318  0.10548045]
arm joint targets: {'left_shoulder_roll_joint': -0.062258124351501465, 'right_shoulder_roll_joint': 0.0, 'left_elbow_joint': 0.0, 'right_elbow_joint': 0.0}

--- WBC DEBUG STEP ---
num_envs: 1
navigate_cmd (vel_x, vel_y, yaw): [0.         0.00069867 0.00234375]
base_height_cmd (height): [0.7464844]
torso_orientation_rpy_cmd: [0. 0. 0.]
wbc_obs q (first 5): [-2.97415853e-01 -6.93453185e-05 -1.30838758e-04  7.25618422e-01
 -4.28202391e-01]
wbc_action q (first 5): [-0.26247877  0.01882147 -0.00450863  0.70618653  0.10558693]
arm joint targets: {'left_shoulder_roll_joint': -0.060083769261837006, 'right_shoulder_roll_joint': 0.0, 'left_elbow_joint': 0.0, 'right_elbow_joint': 0.0}

--- WBC DEBUG STEP ---
num_envs: 1
navigate_cmd (vel_x, vel_y, yaw): [ 0.         -0.00069417 -0.00058594]
base_height_cmd (height): [0.74472654]
torso_orientation_rpy_cmd: [0. 0. 0.]
wbc_obs q (first 5): [-2.97416061e-01 -6.92880130e-05 -1.30930654e-04  7.25617945e-01
 -4.28202122e-01]
wbc_action q (first 5): [-0.26289585  0.01904646 -0.00445339  0.70772159  0.10480852]
arm joint targets: {'left_shoulder_roll_joint': -0.058996591717004776, 'right_shoulder_roll_joint': 0.0, 'left_elbow_joint': 0.0, 'right_elbow_joint': 0.0}

--- WBC DEBUG STEP ---
num_envs: 1
navigate_cmd (vel_x, vel_y, yaw): [0.0000000e+00 2.2504828e-06 2.3437501e-03]
base_height_cmd (height): [0.74472654]
torso_orientation_rpy_cmd: [0. 0. 0.]
wbc_obs q (first 5): [-2.97416359e-01 -6.91646710e-05 -1.30716217e-04  7.25618720e-01
 -4.28202897e-01]
wbc_action q (first 5): [-0.26351207  0.0188668  -0.0045856   0.70798397  0.10446839]
arm joint targets: {'left_shoulder_roll_joint': -0.06551965326070786, 'right_shoulder_roll_joint': 0.0, 'left_elbow_joint': 0.0, 'right_elbow_joint': 0.0}

--- WBC DEBUG STEP ---
num_envs: 1
navigate_cmd (vel_x, vel_y, yaw): [ 0.         -0.00104238  0.00136719]
base_height_cmd (height): [0.74384767]
torso_orientation_rpy_cmd: [0. 0. 0.]
wbc_obs q (first 5): [-2.97416002e-01 -6.93719412e-05 -1.30552231e-04  7.25618303e-01
 -4.28202391e-01]
wbc_action q (first 5): [-0.26401469  0.0190029  -0.00465617  0.70883638  0.10340531]
arm joint targets: {'left_shoulder_roll_joint': -0.06660683453083038, 'right_shoulder_roll_joint': 0.0, 'left_elbow_joint': 0.0, 'right_elbow_joint': 0.0}

--- WBC DEBUG STEP ---
num_envs: 1
navigate_cmd (vel_x, vel_y, yaw): [0.         0.00028082 0.00039063]
base_height_cmd (height): [0.7441406]
torso_orientation_rpy_cmd: [0. 0. 0.]
wbc_obs q (first 5): [-2.97415584e-01 -6.93587572e-05 -1.30349799e-04  7.25617051e-01
 -4.28201944e-01]
wbc_action q (first 5): [-0.26429412  0.01910783 -0.00442645  0.70890224  0.10272165]
arm joint targets: {'left_shoulder_roll_joint': -0.06551965326070786, 'right_shoulder_roll_joint': 0.0, 'left_elbow_joint': 0.0, 'right_elbow_joint': 0.0}

--- WBC DEBUG STEP ---
num_envs: 1
navigate_cmd (vel_x, vel_y, yaw): [ 0.          0.00181294 -0.00058594]
base_height_cmd (height): [0.7444336]
torso_orientation_rpy_cmd: [0. 0. 0.]
wbc_obs q (first 5): [-2.97416419e-01 -6.90920715e-05 -1.30447792e-04  7.25618899e-01
 -4.28203046e-01]
wbc_action q (first 5): [-0.26447716  0.01908374 -0.00421964  0.70876753  0.10231481]
arm joint targets: {'left_shoulder_roll_joint': -0.06878118962049484, 'right_shoulder_roll_joint': 0.0, 'left_elbow_joint': 0.0, 'right_elbow_joint': 0.0}

--- WBC DEBUG STEP ---
num_envs: 1
navigate_cmd (vel_x, vel_y, yaw): [ 0.         -0.0004156   0.00039063]
base_height_cmd (height): [0.7423828]
torso_orientation_rpy_cmd: [0. 0. 0.]
wbc_obs q (first 5): [-2.97415942e-01 -6.90782545e-05 -1.29806809e-04  7.25618422e-01
 -4.28202480e-01]
wbc_action q (first 5): [-0.26519635  0.01910417 -0.00460027  0.71027291  0.10049064]
arm joint targets: {'left_shoulder_roll_joint': -0.05573505908250809, 'right_shoulder_roll_joint': 0.0, 'left_elbow_joint': 0.0, 'right_elbow_joint': 0.0}

--- WBC DEBUG STEP ---
num_envs: 1
navigate_cmd (vel_x, vel_y, yaw): [ 0.         -0.00062453 -0.00058594]
base_height_cmd (height): [0.7435547]
torso_orientation_rpy_cmd: [0. 0. 0.]
wbc_obs q (first 5): [-2.97416240e-01 -6.89436783e-05 -1.30496745e-04  7.25619137e-01
 -4.28202748e-01]
wbc_action q (first 5): [-0.26545519  0.01951861 -0.00423481  0.70961845  0.1006562 ]
arm joint targets: {'left_shoulder_roll_joint': -0.057909414172172546, 'right_shoulder_roll_joint': 0.0, 'left_elbow_joint': 0.0, 'right_elbow_joint': 0.0}

--- WBC DEBUG STEP ---
num_envs: 1
navigate_cmd (vel_x, vel_y, yaw): [ 0.         -0.00097274 -0.00351563]
base_height_cmd (height): [0.7423828]
torso_orientation_rpy_cmd: [0. 0. 0.]
wbc_obs q (first 5): [-2.97415942e-01 -6.93041584e-05 -1.30705579e-04  7.25617409e-01
 -4.28202271e-01]
wbc_action q (first 5): [-0.26579797  0.01965705 -0.00401996  0.71074152  0.09981827]
arm joint targets: {'left_shoulder_roll_joint': -0.0709555447101593, 'right_shoulder_roll_joint': 0.0, 'left_elbow_joint': 0.0, 'right_elbow_joint': 0.0}

--- WBC DEBUG STEP ---
num_envs: 1
navigate_cmd (vel_x, vel_y, yaw): [ 0.          0.00250936 -0.00839844]
base_height_cmd (height): [0.75]
torso_orientation_rpy_cmd: [0. 0. 0.]
wbc_obs q (first 5): [-0.1         0.          0.          0.30000001 -0.2       ]
wbc_action q (first 5): [-0.12494959  0.02867445 -0.01237938  0.40756834 -0.16929042]
arm joint targets: {'left_shoulder_roll_joint': -0.10139650106430054, 'right_shoulder_roll_joint': 0.0, 'left_elbow_joint': 0.0, 'right_elbow_joint': 0.0}

--- WBC DEBUG STEP ---
num_envs: 1
navigate_cmd (vel_x, vel_y, yaw): [ 0.          0.00292721 -0.00449219]
base_height_cmd (height): [0.75]
torso_orientation_rpy_cmd: [0. 0. 0.]
wbc_obs q (first 5): [-2.42598817e-01  8.11917300e-04 -4.13773814e-04  6.05722547e-01
 -3.57986748e-01]
wbc_action q (first 5): [-2.21775234e-01  2.52175331e-03 -2.94007361e-04  5.83793044e-01
  5.40534705e-02]
arm joint targets: {'left_shoulder_roll_joint': -0.1003093272447586, 'right_shoulder_roll_joint': 0.0, 'left_elbow_joint': 0.0, 'right_elbow_joint': 0.0}

--- WBC DEBUG STEP ---
num_envs: 1
navigate_cmd (vel_x, vel_y, yaw): [ 0.          0.00299685 -0.00253906]
base_height_cmd (height): [0.74912107]
torso_orientation_rpy_cmd: [0. 0. 0.]
wbc_obs q (first 5): [-2.97402442e-01  1.34629236e-05  9.69237044e-06  7.25638449e-01
 -4.28240001e-01]
wbc_action q (first 5): [-0.26443532  0.00167007 -0.00512921  0.69230312  0.17101423]
arm joint targets: {'left_shoulder_roll_joint': -0.10248368233442307, 'right_shoulder_roll_joint': 0.0, 'left_elbow_joint': 0.0, 'right_elbow_joint': 0.0}

--- WBC DEBUG STEP ---
num_envs: 1
navigate_cmd (vel_x, vel_y, yaw): [ 0.          0.00292721 -0.0015625 ]
base_height_cmd (height): [0.74970704]
torso_orientation_rpy_cmd: [0. 0. 0.]
wbc_obs q (first 5): [-2.97386944e-01 -1.59018946e-05 -2.14205247e-05  7.25612700e-01
 -4.28226411e-01]
wbc_action q (first 5): [-0.28026611  0.00968893 -0.00876312  0.72464037  0.17605038]
arm joint targets: {'left_shoulder_roll_joint': -0.08508884906768799, 'right_shoulder_roll_joint': 0.0, 'left_elbow_joint': 0.0, 'right_elbow_joint': 0.0}

--- WBC DEBUG STEP ---
num_envs: 1
navigate_cmd (vel_x, vel_y, yaw): [0.         0.00216115 0.00234375]
base_height_cmd (height): [0.75]
torso_orientation_rpy_cmd: [0. 0. 0.]
wbc_obs q (first 5): [-3.01446646e-01 -1.55031696e-04 -3.70940950e-04  7.33080924e-01
 -4.24710512e-01]
wbc_action q (first 5): [-0.2887364   0.0113915  -0.00923005  0.73376024  0.15354924]
arm joint targets: {'left_shoulder_roll_joint': -0.09922215342521667, 'right_shoulder_roll_joint': 0.0, 'left_elbow_joint': 0.0, 'right_elbow_joint': 0.0}

--- WBC DEBUG STEP ---
num_envs: 1
navigate_cmd (vel_x, vel_y, yaw): [0.         0.00250936 0.00332031]
base_height_cmd (height): [0.75]
torso_orientation_rpy_cmd: [0. 0. 0.]
wbc_obs q (first 5): [-3.09076041e-01 -1.82585602e-04 -4.27106628e-04  7.47067332e-01
 -4.17862326e-01]
wbc_action q (first 5): [-0.29324716  0.01314873 -0.00648995  0.73012227  0.12525378]
arm joint targets: {'left_shoulder_roll_joint': -0.08943755179643631, 'right_shoulder_roll_joint': 0.0, 'left_elbow_joint': 0.0, 'right_elbow_joint': 0.0}

--- WBC DEBUG STEP ---
num_envs: 1
navigate_cmd (vel_x, vel_y, yaw): [0.         0.00097724 0.00722656]
base_height_cmd (height): [0.75]
torso_orientation_rpy_cmd: [0. 0. 0.]
wbc_obs q (first 5): [-3.14015090e-01 -1.87779908e-04 -4.35839785e-04  7.56063282e-01
 -4.13274348e-01]
wbc_action q (first 5): [-0.28705814  0.01828134 -0.00696619  0.71838993  0.09494157]
arm joint targets: {'left_shoulder_roll_joint': -0.09487344324588776, 'right_shoulder_roll_joint': 0.0, 'left_elbow_joint': 0.0, 'right_elbow_joint': 0.0}

--- WBC DEBUG STEP ---
num_envs: 1
navigate_cmd (vel_x, vel_y, yaw): [0.         0.00195222 0.00722656]
base_height_cmd (height): [0.75]
torso_orientation_rpy_cmd: [0. 0. 0.]
wbc_obs q (first 5): [-3.11116666e-01 -1.96064531e-04 -4.62069846e-04  7.50789940e-01
 -4.15990323e-01]
wbc_action q (first 5): [-0.27555248  0.0188407  -0.00648816  0.71251351  0.08625732]
arm joint targets: {'left_shoulder_roll_joint': -0.09052473306655884, 'right_shoulder_roll_joint': 0.0, 'left_elbow_joint': 0.0, 'right_elbow_joint': 0.0}

--- WBC DEBUG STEP ---
num_envs: 1
navigate_cmd (vel_x, vel_y, yaw): [0.         0.00153437 0.00625   ]
base_height_cmd (height): [0.75]
torso_orientation_rpy_cmd: [0. 0. 0.]
wbc_obs q (first 5): [-3.02553117e-01 -2.20064598e-04 -5.29668643e-04  7.35104501e-01
 -4.23727751e-01]
wbc_action q (first 5): [-0.26454654  0.01937758 -0.0055913   0.70757198  0.09942527]
arm joint targets: {'left_shoulder_roll_joint': -0.09052473306655884, 'right_shoulder_roll_joint': 0.0, 'left_elbow_joint': 0.0, 'right_elbow_joint': 0.0}

--- WBC DEBUG STEP ---
num_envs: 1
navigate_cmd (vel_x, vel_y, yaw): [0.         0.0012558  0.00429688]
base_height_cmd (height): [0.75]
torso_orientation_rpy_cmd: [0. 0. 0.]
wbc_obs q (first 5): [-2.97416598e-01 -1.74778645e-04 -4.25142556e-04  7.25620389e-01
 -4.28202838e-01]
wbc_action q (first 5): [-0.25726819  0.01875473 -0.00600816  0.70530701  0.10561399]
arm joint targets: {'left_shoulder_roll_joint': -0.08726319670677185, 'right_shoulder_roll_joint': 0.0, 'left_elbow_joint': 0.0, 'right_elbow_joint': 0.0}

--- WBC DEBUG STEP ---
num_envs: 1
navigate_cmd (vel_x, vel_y, yaw): [0.         0.00069867 0.00820313]
base_height_cmd (height): [0.75]
torso_orientation_rpy_cmd: [0. 0. 0.]
wbc_obs q (first 5): [-2.97416538e-01 -1.75509078e-04 -4.25870472e-04  7.25618839e-01
 -4.28202033e-01]
wbc_action q (first 5): [-0.25450522  0.01769881 -0.00612937  0.70591396  0.11597253]
arm joint targets: {'left_shoulder_roll_joint': -0.09052473306655884, 'right_shoulder_roll_joint': 0.0, 'left_elbow_joint': 0.0, 'right_elbow_joint': 0.0}

--- WBC DEBUG STEP ---
num_envs: 1
navigate_cmd (vel_x, vel_y, yaw): [0.         0.0004201  0.00917969]
base_height_cmd (height): [0.75]
torso_orientation_rpy_cmd: [0. 0. 0.]
wbc_obs q (first 5): [-2.97415763e-01 -1.75825073e-04 -4.25918290e-04  7.25617111e-01
 -4.28201616e-01]
wbc_action q (first 5): [-0.25290012  0.01723784 -0.0062132   0.70706427  0.12501414]
arm joint targets: {'left_shoulder_roll_joint': -0.09704779833555222, 'right_shoulder_roll_joint': 0.0, 'left_elbow_joint': 0.0, 'right_elbow_joint': 0.0}

--- WBC DEBUG STEP ---
num_envs: 1
navigate_cmd (vel_x, vel_y, yaw): [0.0000000e+00 7.1892311e-05 5.2734376e-03]
base_height_cmd (height): [0.75]
torso_orientation_rpy_cmd: [0. 0. 0.]
wbc_obs q (first 5): [-2.97415912e-01 -1.75527704e-04 -4.25869745e-04  7.25617647e-01
 -4.28202003e-01]
wbc_action q (first 5): [-0.25184217  0.01719571 -0.00600007  0.70811141  0.13144316]
arm joint targets: {'left_shoulder_roll_joint': -0.08617602288722992, 'right_shoulder_roll_joint': 0.0, 'left_elbow_joint': 0.0, 'right_elbow_joint': 0.0}

--- WBC DEBUG STEP ---
num_envs: 1
navigate_cmd (vel_x, vel_y, yaw): [0.         0.00014153 0.00527344]
base_height_cmd (height): [0.75]
torso_orientation_rpy_cmd: [0. 0. 0.]
wbc_obs q (first 5): [-2.97416538e-01 -1.75492387e-04 -4.25715349e-04  7.25618839e-01
 -4.28202093e-01]
wbc_action q (first 5): [-0.25115785  0.01718922 -0.00580707  0.70859361  0.13576047]
arm joint targets: {'left_shoulder_roll_joint': -0.08291449397802353, 'right_shoulder_roll_joint': 0.0, 'left_elbow_joint': 0.0, 'right_elbow_joint': 0.0}

--- WBC DEBUG STEP ---
num_envs: 1
navigate_cmd (vel_x, vel_y, yaw): [0.        0.0004201 0.00625  ]
base_height_cmd (height): [0.75]
torso_orientation_rpy_cmd: [0. 0. 0.]
wbc_obs q (first 5): [-2.97416329e-01 -1.75968555e-04 -4.26142971e-04  7.25618422e-01
 -4.28202510e-01]
wbc_action q (first 5): [-0.25107336  0.01699164 -0.00563154  0.70872164  0.13841553]
arm joint targets: {'left_shoulder_roll_joint': -0.08400166779756546, 'right_shoulder_roll_joint': 0.0, 'left_elbow_joint': 0.0, 'right_elbow_joint': 0.0}

--- WBC DEBUG STEP ---
num_envs: 1
navigate_cmd (vel_x, vel_y, yaw): [ 0.         -0.00097274  0.00429688]
base_height_cmd (height): [0.75]
torso_orientation_rpy_cmd: [0. 0. 0.]
wbc_obs q (first 5): [-2.97415435e-01 -1.75433976e-04 -4.25487291e-04  7.25616813e-01
 -4.28201288e-01]
wbc_action q (first 5): [-0.25139263  0.01717001 -0.00547169  0.70865452  0.13942136]
arm joint targets: {'left_shoulder_roll_joint': -0.08291449397802353, 'right_shoulder_roll_joint': 0.0, 'left_elbow_joint': 0.0, 'right_elbow_joint': 0.0}

--- WBC DEBUG STEP ---
num_envs: 1
navigate_cmd (vel_x, vel_y, yaw): [ 0.         -0.00069417  0.00429688]
base_height_cmd (height): [0.75]
torso_orientation_rpy_cmd: [0. 0. 0.]
wbc_obs q (first 5): [-2.97416866e-01 -1.75790032e-04 -4.26784245e-04  7.25619376e-01
 -4.28202748e-01]
wbc_action q (first 5): [-0.25197017  0.01714053 -0.00542096  0.70841223  0.13918917]
arm joint targets: {'left_shoulder_roll_joint': -0.10139650106430054, 'right_shoulder_roll_joint': 0.0, 'left_elbow_joint': 0.0, 'right_elbow_joint': 0.0}

--- WBC DEBUG STEP ---
num_envs: 1
navigate_cmd (vel_x, vel_y, yaw): [ 0.         -0.00013703  0.00234375]
base_height_cmd (height): [0.75]
torso_orientation_rpy_cmd: [0. 0. 0.]
wbc_obs q (first 5): [-2.97417194e-01 -1.75754249e-04 -4.26813349e-04  7.25620091e-01
 -4.28202838e-01]
wbc_action q (first 5): [-0.25284111  0.01720768 -0.00542851  0.70800662  0.13713299]
arm joint targets: {'left_shoulder_roll_joint': -0.09161190688610077, 'right_shoulder_roll_joint': 0.0, 'left_elbow_joint': 0.0, 'right_elbow_joint': 0.0}

--- WBC DEBUG STEP ---
num_envs: 1
navigate_cmd (vel_x, vel_y, yaw): [ 0.         -0.0004156   0.00722656]
base_height_cmd (height): [0.75]
torso_orientation_rpy_cmd: [0. 0. 0.]
wbc_obs q (first 5): [-2.97416657e-01 -1.75723238e-04 -4.26807383e-04  7.25618958e-01
 -4.28203136e-01]
wbc_action q (first 5): [-0.2539008   0.01720208 -0.00573879  0.7071026   0.13508935]
arm joint targets: {'left_shoulder_roll_joint': -0.09704779833555222, 'right_shoulder_roll_joint': 0.0, 'left_elbow_joint': 0.0, 'right_elbow_joint': 0.0}

--- WBC DEBUG STEP ---
num_envs: 1
navigate_cmd (vel_x, vel_y, yaw): [ 0.         -0.00159951  0.00625   ]
base_height_cmd (height): [0.75]
torso_orientation_rpy_cmd: [0. 0. 0.]
wbc_obs q (first 5): [-2.97416210e-01 -1.75806024e-04 -4.26390063e-04  7.25618303e-01
 -4.28201705e-01]
wbc_action q (first 5): [-0.25466132  0.01755226 -0.00579698  0.70629156  0.13264628]
arm joint targets: {'left_shoulder_roll_joint': -0.09976574033498764, 'right_shoulder_roll_joint': 0.0, 'left_elbow_joint': 0.0, 'right_elbow_joint': 0.0}

--- WBC DEBUG STEP ---
num_envs: 1
navigate_cmd (vel_x, vel_y, yaw): [0.         0.00069867 0.00820313]
base_height_cmd (height): [0.75]
torso_orientation_rpy_cmd: [0. 0. 0.]
wbc_obs q (first 5): [-2.97416210e-01 -1.75994210e-04 -4.26640327e-04  7.25618303e-01
 -4.28202182e-01]
wbc_action q (first 5): [-0.25544322  0.01709286 -0.00582036  0.70565546  0.12995078]
arm joint targets: {'left_shoulder_roll_joint': -0.10465803742408752, 'right_shoulder_roll_joint': 0.0, 'left_elbow_joint': 0.0, 'right_elbow_joint': 0.0}

--- WBC DEBUG STEP ---
num_envs: 1
navigate_cmd (vel_x, vel_y, yaw): [ 0.         -0.00069417  0.00039063]
base_height_cmd (height): [0.75]
torso_orientation_rpy_cmd: [0. 0. 0.]
wbc_obs q (first 5): [-2.97416180e-01 -1.75444162e-04 -4.25647973e-04  7.25618243e-01
 -4.28202480e-01]
wbc_action q (first 5): [-0.25597125  0.01768669 -0.00557003  0.70509523  0.12708746]
arm joint targets: {'left_shoulder_roll_joint': -0.10846315324306488, 'right_shoulder_roll_joint': 0.0, 'left_elbow_joint': 0.0, 'right_elbow_joint': 0.0}

--- WBC DEBUG STEP ---
num_envs: 1
navigate_cmd (vel_x, vel_y, yaw): [ 0.         -0.0012513   0.00820313]
base_height_cmd (height): [0.75]
torso_orientation_rpy_cmd: [0. 0. 0.]
wbc_obs q (first 5): [-2.97416300e-01 -1.75698224e-04 -4.26328013e-04  7.25618064e-01
 -4.28201824e-01]
wbc_action q (first 5): [-0.25683454  0.01746927 -0.00604327  0.70424855  0.12454067]
arm joint targets: {'left_shoulder_roll_joint': -0.11063750833272934, 'right_shoulder_roll_joint': 0.0, 'left_elbow_joint': 0.0, 'right_elbow_joint': 0.0}

--- WBC DEBUG STEP ---
num_envs: 1
navigate_cmd (vel_x, vel_y, yaw): [0.         0.00035046 0.00722656]
base_height_cmd (height): [0.75]
torso_orientation_rpy_cmd: [0. 0. 0.]
wbc_obs q (first 5): [-2.97416151e-01 -1.75419700e-04 -4.26008919e-04  7.25618422e-01
 -4.28202033e-01]
wbc_action q (first 5): [-0.25731769  0.0173585  -0.00591747  0.70374656  0.12226333]
arm joint targets: {'left_shoulder_roll_joint': -0.12150928378105164, 'right_shoulder_roll_joint': 0.0, 'left_elbow_joint': 0.0, 'right_elbow_joint': 0.0}

--- WBC DEBUG STEP ---
num_envs: 1
navigate_cmd (vel_x, vel_y, yaw): [ 0.         -0.0004156   0.01015625]
base_height_cmd (height): [0.75]
torso_orientation_rpy_cmd: [0. 0. 0.]
wbc_obs q (first 5): [-2.97416061e-01 -1.75568537e-04 -4.26020852e-04  7.25618184e-01
 -4.28202361e-01]
wbc_action q (first 5): [-0.25780156  0.01735915 -0.00609172  0.70325017  0.11996366]
arm joint targets: {'left_shoulder_roll_joint': -0.11552980542182922, 'right_shoulder_roll_joint': 0.0, 'left_elbow_joint': 0.0, 'right_elbow_joint': 0.0}

--- WBC DEBUG STEP ---
num_envs: 1
navigate_cmd (vel_x, vel_y, yaw): [0.         0.00062903 0.00625   ]
base_height_cmd (height): [0.75]
torso_orientation_rpy_cmd: [0. 0. 0.]
wbc_obs q (first 5): [-2.97415584e-01 -1.75626017e-04 -4.26768558e-04  7.25616932e-01
 -4.28201646e-01]
wbc_action q (first 5): [-0.25809017  0.01743742 -0.00579532  0.70293993  0.11844145]
arm joint targets: {'left_shoulder_roll_joint': -0.11879134178161621, 'right_shoulder_roll_joint': 0.0, 'left_elbow_joint': 0.0, 'right_elbow_joint': 0.0}

--- WBC DEBUG STEP ---
num_envs: 1
navigate_cmd (vel_x, vel_y, yaw): [ 0.         -0.00194772  0.00722656]
base_height_cmd (height): [0.75]
torso_orientation_rpy_cmd: [0. 0. 0.]
wbc_obs q (first 5): [-2.97416240e-01 -1.75995199e-04 -4.26800165e-04  7.25618541e-01
 -4.28203017e-01]
wbc_action q (first 5): [-0.2584486   0.01786254 -0.00581916  0.70252502  0.11695661]
arm joint targets: {'left_shoulder_roll_joint': -0.12259645760059357, 'right_shoulder_roll_joint': 0.0, 'left_elbow_joint': 0.0, 'right_elbow_joint': 0.0}

--- WBC DEBUG STEP ---
num_envs: 1
navigate_cmd (vel_x, vel_y, yaw): [ 0.         -0.00097274  0.00820313]
base_height_cmd (height): [0.75]
torso_orientation_rpy_cmd: [0. 0. 0.]
wbc_obs q (first 5): [-2.97416329e-01 -1.75939189e-04 -4.26674815e-04  7.25618064e-01
 -4.28201765e-01]
wbc_action q (first 5): [-0.2586796   0.01789168 -0.00557141  0.70246989  0.1155992 ]
arm joint targets: {'left_shoulder_roll_joint': -0.11879134178161621, 'right_shoulder_roll_joint': 0.0, 'left_elbow_joint': 0.0, 'right_elbow_joint': 0.0}

--- WBC DEBUG STEP ---
num_envs: 1
navigate_cmd (vel_x, vel_y, yaw): [0.         0.00028082 0.00429688]
base_height_cmd (height): [0.7488281]
torso_orientation_rpy_cmd: [0. 0. 0.]
wbc_obs q (first 5): [-2.97415853e-01 -1.76064321e-04 -4.26994928e-04  7.25617588e-01
 -4.28201795e-01]
wbc_action q (first 5): [-0.25920197  0.01780581 -0.00533783  0.70347691  0.11376087]
arm joint targets: {'left_shoulder_roll_joint': -0.1312938779592514, 'right_shoulder_roll_joint': 0.0, 'left_elbow_joint': 0.0, 'right_elbow_joint': 0.0}

--- WBC DEBUG STEP ---
num_envs: 1
navigate_cmd (vel_x, vel_y, yaw): [ 0.         -0.00083345  0.00429688]
base_height_cmd (height): [0.75]
torso_orientation_rpy_cmd: [0. 0. 0.]
wbc_obs q (first 5): [-2.97416061e-01 -1.75959227e-04 -4.26444807e-04  7.25617945e-01
 -4.28202599e-01]
wbc_action q (first 5): [-0.25928822  0.01822735 -0.00527952  0.70249474  0.11264838]
arm joint targets: {'left_shoulder_roll_joint': -0.12259645760059357, 'right_shoulder_roll_joint': 0.0, 'left_elbow_joint': 0.0, 'right_elbow_joint': 0.0}

--- WBC DEBUG STEP ---
num_envs: 1
navigate_cmd (vel_x, vel_y, yaw): [ 0.         -0.00083345  0.00625   ]
base_height_cmd (height): [0.75]
torso_orientation_rpy_cmd: [0. 0. 0.]
wbc_obs q (first 5): [-2.97415704e-01 -1.75608526e-04 -4.26991639e-04  7.25617528e-01
 -4.28202003e-01]
wbc_action q (first 5): [-0.25913867  0.01826208 -0.0052472   0.70220214  0.11230938]
arm joint targets: {'left_shoulder_roll_joint': -0.12640157341957092, 'right_shoulder_roll_joint': 0.0, 'left_elbow_joint': 0.0, 'right_elbow_joint': 0.0}

--- WBC DEBUG STEP ---
num_envs: 1
navigate_cmd (vel_x, vel_y, yaw): [ 0.         -0.00076381  0.00820313]
base_height_cmd (height): [0.75]
torso_orientation_rpy_cmd: [0. 0. 0.]
wbc_obs q (first 5): [-2.97416002e-01 -1.76833943e-04 -4.27449588e-04  7.25617945e-01
 -4.28201854e-01]
wbc_action q (first 5): [-0.25896272  0.01811815 -0.00535303  0.70221847  0.11215593]
arm joint targets: {'left_shoulder_roll_joint': -0.11770416051149368, 'right_shoulder_roll_joint': 0.0, 'left_elbow_joint': 0.0, 'right_elbow_joint': 0.0}

--- WBC DEBUG STEP ---
num_envs: 1
navigate_cmd (vel_x, vel_y, yaw): [ 0.         -0.00111202  0.00820313]
base_height_cmd (height): [0.75]
torso_orientation_rpy_cmd: [0. 0. 0.]
wbc_obs q (first 5): [-2.97416300e-01 -1.76471483e-04 -4.27233521e-04  7.25617528e-01
 -4.28202003e-01]
wbc_action q (first 5): [-0.25886747  0.01807249 -0.00543959  0.70206761  0.11253946]
arm joint targets: {'left_shoulder_roll_joint': -0.12314005196094513, 'right_shoulder_roll_joint': 0.0, 'left_elbow_joint': 0.0, 'right_elbow_joint': 0.0}

--- WBC DEBUG STEP ---
num_envs: 1
navigate_cmd (vel_x, vel_y, yaw): [ 0.         -0.00069417  0.00820313]
base_height_cmd (height): [0.75]
torso_orientation_rpy_cmd: [0. 0. 0.]
wbc_obs q (first 5): [-2.97416061e-01 -1.76469097e-04 -4.27163992e-04  7.25617588e-01
 -4.28201824e-01]
wbc_action q (first 5): [-0.25872818  0.01809616 -0.00529678  0.70228952  0.11277364]
arm joint targets: {'left_shoulder_roll_joint': -0.1220528706908226, 'right_shoulder_roll_joint': 0.0, 'left_elbow_joint': 0.0, 'right_elbow_joint': 0.0}

--- WBC DEBUG STEP ---
num_envs: 1
navigate_cmd (vel_x, vel_y, yaw): [ 0.         -0.00097274  0.00527344]
base_height_cmd (height): [0.75]
torso_orientation_rpy_cmd: [0. 0. 0.]
wbc_obs q (first 5): [-2.97415763e-01 -1.76235830e-04 -4.26794228e-04  7.25617170e-01
 -4.28201616e-01]
wbc_action q (first 5): [-0.25863275  0.01827896 -0.00515779  0.70243239  0.11308725]
arm joint targets: {'left_shoulder_roll_joint': -0.11987851560115814, 'right_shoulder_roll_joint': 0.0, 'left_elbow_joint': 0.0, 'right_elbow_joint': 0.0}

--- WBC DEBUG STEP ---
num_envs: 1
navigate_cmd (vel_x, vel_y, yaw): [ 0.         -0.00097274  0.00820313]
base_height_cmd (height): [0.74912107]
torso_orientation_rpy_cmd: [0. 0. 0.]
wbc_obs q (first 5): [-2.97415674e-01 -1.76657981e-04 -4.27439605e-04  7.25617051e-01
 -4.28201318e-01]
wbc_action q (first 5): [-0.25876814  0.01818648 -0.00525181  0.70334947  0.1129844 ]
arm joint targets: {'left_shoulder_roll_joint': -0.12748876214027405, 'right_shoulder_roll_joint': 0.0, 'left_elbow_joint': 0.0, 'right_elbow_joint': 0.0}

--- WBC DEBUG STEP ---
num_envs: 1
navigate_cmd (vel_x, vel_y, yaw): [ 0.         -0.00139059  0.00917969]
base_height_cmd (height): [0.7494141]
torso_orientation_rpy_cmd: [0. 0. 0.]
wbc_obs q (first 5): [-2.97416657e-01 -1.75825873e-04 -4.26358922e-04  7.25618482e-01
 -4.28202242e-01]
wbc_action q (first 5): [-0.25879571  0.01815331 -0.00548449  0.70327973  0.11324517]
arm joint targets: {'left_shoulder_roll_joint': -0.12640157341957092, 'right_shoulder_roll_joint': 0.0, 'left_elbow_joint': 0.0, 'right_elbow_joint': 0.0}

--- WBC DEBUG STEP ---
num_envs: 1
navigate_cmd (vel_x, vel_y, yaw): [ 0.         -0.00076381  0.00625   ]
base_height_cmd (height): [0.75]
torso_orientation_rpy_cmd: [0. 0. 0.]
wbc_obs q (first 5): [-2.97415823e-01 -1.76030851e-04 -4.26444283e-04  7.25617468e-01
 -4.28201348e-01]
wbc_action q (first 5): [-0.25850284  0.01823725 -0.00524439  0.70292729  0.11405389]
arm joint targets: {'left_shoulder_roll_joint': -0.12640157341957092, 'right_shoulder_roll_joint': 0.0, 'left_elbow_joint': 0.0, 'right_elbow_joint': 0.0}

--- WBC DEBUG STEP ---
num_envs: 1
navigate_cmd (vel_x, vel_y, yaw): [ 0.        -0.0004156  0.00625  ]
base_height_cmd (height): [0.7494141]
torso_orientation_rpy_cmd: [0. 0. 0.]
wbc_obs q (first 5): [-2.97415614e-01 -1.76629241e-04 -4.27625375e-04  7.25617290e-01
 -4.28202003e-01]
wbc_action q (first 5): [-0.25847194  0.01807543 -0.00526928  0.70351815  0.11437561]
arm joint targets: {'left_shoulder_roll_joint': -0.11661698669195175, 'right_shoulder_roll_joint': 0.0, 'left_elbow_joint': 0.0, 'right_elbow_joint': 0.0}

--- WBC DEBUG STEP ---
num_envs: 1
navigate_cmd (vel_x, vel_y, yaw): [ 0.         -0.00180844  0.00625   ]
base_height_cmd (height): [0.75]
torso_orientation_rpy_cmd: [0. 0. 0.]
wbc_obs q (first 5): [-2.97415793e-01 -1.76046058e-04 -4.26964805e-04  7.25616157e-01
 -4.28201348e-01]
wbc_action q (first 5): [-0.2582216   0.0184637  -0.00511786  0.70313346  0.11539347]
arm joint targets: {'left_shoulder_roll_joint': -0.13727335631847382, 'right_shoulder_roll_joint': 0.0, 'left_elbow_joint': 0.0, 'right_elbow_joint': 0.0}

--- WBC DEBUG STEP ---
num_envs: 1
navigate_cmd (vel_x, vel_y, yaw): [ 0.         -0.0004156   0.00429688]
base_height_cmd (height): [0.75]
torso_orientation_rpy_cmd: [0. 0. 0.]
wbc_obs q (first 5): [-2.97416568e-01 -1.75966896e-04 -4.26557992e-04  7.25618958e-01
 -4.28203315e-01]
wbc_action q (first 5): [-0.25797087  0.01829552 -0.00505219  0.70330209  0.11528273]
arm joint targets: {'left_shoulder_roll_joint': -0.12096569687128067, 'right_shoulder_roll_joint': 0.0, 'left_elbow_joint': 0.0, 'right_elbow_joint': 0.0}

--- WBC DEBUG STEP ---
num_envs: 1
navigate_cmd (vel_x, vel_y, yaw): [ 0.         -0.00146023  0.00429688]
base_height_cmd (height): [0.7488281]
torso_orientation_rpy_cmd: [0. 0. 0.]
wbc_obs q (first 5): [-2.97416061e-01 -1.75939058e-04 -4.26717394e-04  7.25618303e-01
 -4.28202361e-01]
wbc_action q (first 5): [-0.25831389  0.01836267 -0.00502198  0.7044518   0.11519073]
arm joint targets: {'left_shoulder_roll_joint': -0.13020670413970947, 'right_shoulder_roll_joint': 0.0, 'left_elbow_joint': 0.0, 'right_elbow_joint': 0.0}

--- WBC DEBUG STEP ---
num_envs: 1
navigate_cmd (vel_x, vel_y, yaw): [ 0.         -0.00076381  0.00917969]
base_height_cmd (height): [0.74970704]
torso_orientation_rpy_cmd: [0. 0. 0.]
wbc_obs q (first 5): [-2.97416121e-01 -1.75561625e-04 -4.25945851e-04  7.25617707e-01
 -4.28201407e-01]
wbc_action q (first 5): [-0.25838518  0.01797443 -0.00538134  0.7037558   0.11578982]
arm joint targets: {'left_shoulder_roll_joint': -0.1329246461391449, 'right_shoulder_roll_joint': 0.0, 'left_elbow_joint': 0.0, 'right_elbow_joint': 0.0}

--- WBC DEBUG STEP ---
num_envs: 1
navigate_cmd (vel_x, vel_y, yaw): [ 0.         -0.00027632  0.00234375]
base_height_cmd (height): [0.7488281]
torso_orientation_rpy_cmd: [0. 0. 0.]
wbc_obs q (first 5): [-2.97415584e-01 -1.75760506e-04 -4.26112645e-04  7.25616992e-01
 -4.28201616e-01]
wbc_action q (first 5): [-0.25844356  0.01806297 -0.00505464  0.70467657  0.11557905]
arm joint targets: {'left_shoulder_roll_joint': -0.125314399600029, 'right_shoulder_roll_joint': 0.0, 'left_elbow_joint': 0.0, 'right_elbow_joint': 0.0}

--- WBC DEBUG STEP ---
num_envs: 1
navigate_cmd (vel_x, vel_y, yaw): [ 0.         -0.00055488  0.00820313]
base_height_cmd (height): [0.74912107]
torso_orientation_rpy_cmd: [0. 0. 0.]
wbc_obs q (first 5): [-2.97416180e-01 -1.75924666e-04 -4.26406361e-04  7.25617945e-01
 -4.28201526e-01]
wbc_action q (first 5): [-0.25858361  0.01803384 -0.00508337  0.70461571  0.11585052]
arm joint targets: {'left_shoulder_roll_joint': -0.12640157341957092, 'right_shoulder_roll_joint': 0.0, 'left_elbow_joint': 0.0, 'right_elbow_joint': 0.0}

--- WBC DEBUG STEP ---
num_envs: 1
navigate_cmd (vel_x, vel_y, yaw): [ 0.         -0.00048524  0.00625   ]
base_height_cmd (height): [0.74912107]
torso_orientation_rpy_cmd: [0. 0. 0.]
wbc_obs q (first 5): [-2.97416031e-01 -1.76055604e-04 -4.27031831e-04  7.25618362e-01
 -4.28202182e-01]
wbc_action q (first 5): [-0.25865158  0.01811793 -0.00492715  0.70470381  0.11597754]
arm joint targets: {'left_shoulder_roll_joint': -0.12694516777992249, 'right_shoulder_roll_joint': 0.0, 'left_elbow_joint': 0.0, 'right_elbow_joint': 0.0}

--- WBC DEBUG STEP ---
num_envs: 1
navigate_cmd (vel_x, vel_y, yaw): [0.         0.0004201  0.00820313]
base_height_cmd (height): [0.74794924]
torso_orientation_rpy_cmd: [0. 0. 0.]
wbc_obs q (first 5): [-2.97416210e-01 -1.75914276e-04 -4.26729530e-04  7.25617945e-01
 -4.28201854e-01]
wbc_action q (first 5): [-0.25901482  0.01783997 -0.00503007  0.70582682  0.11525176]
arm joint targets: {'left_shoulder_roll_joint': -0.125314399600029, 'right_shoulder_roll_joint': 0.0, 'left_elbow_joint': 0.0, 'right_elbow_joint': 0.0}

--- WBC DEBUG STEP ---
num_envs: 1
navigate_cmd (vel_x, vel_y, yaw): [ 0.         -0.00076381  0.00527344]
base_height_cmd (height): [0.7470703]
torso_orientation_rpy_cmd: [0. 0. 0.]
wbc_obs q (first 5): [-2.97416270e-01 -1.75712907e-04 -4.26579907e-04  7.25618362e-01
 -4.28202301e-01]
wbc_action q (first 5): [-0.25965732  0.01806294 -0.00502103  0.70687747  0.11445419]
arm joint targets: {'left_shoulder_roll_joint': -0.1329246461391449, 'right_shoulder_roll_joint': 0.0, 'left_elbow_joint': 0.0, 'right_elbow_joint': 0.0}

--- WBC DEBUG STEP ---
num_envs: 1
navigate_cmd (vel_x, vel_y, yaw): [0.0015625  0.0004201  0.01210938]
base_height_cmd (height): [0.7476562]
torso_orientation_rpy_cmd: [0. 0. 0.]
wbc_obs q (first 5): [-2.97415882e-01 -1.75096313e-04 -4.25294333e-04  7.25616753e-01
 -4.28201526e-01]
wbc_action q (first 5): [-0.25987419  0.01775131 -0.0051586   0.70652342  0.11365338]
arm joint targets: {'left_shoulder_roll_joint': -0.13183747231960297, 'right_shoulder_roll_joint': 0.0, 'left_elbow_joint': 0.0, 'right_elbow_joint': 0.0}

--- WBC DEBUG STEP ---
num_envs: 1
navigate_cmd (vel_x, vel_y, yaw): [0.         0.00028082 0.00429688]
base_height_cmd (height): [0.74794924]
torso_orientation_rpy_cmd: [0. 0. 0.]
wbc_obs q (first 5): [-2.97415733e-01 -1.75473833e-04 -4.26070066e-04  7.25617409e-01
 -4.28201795e-01]
wbc_action q (first 5): [-0.25990167  0.01805797 -0.00496712  0.70625997  0.11381324]
arm joint targets: {'left_shoulder_roll_joint': -0.12314005196094513, 'right_shoulder_roll_joint': 0.0, 'left_elbow_joint': 0.0, 'right_elbow_joint': 0.0}

--- WBC DEBUG STEP ---
num_envs: 1
navigate_cmd (vel_x, vel_y, yaw): [ 0.          0.00209151 -0.00058594]
base_height_cmd (height): [0.7482422]
torso_orientation_rpy_cmd: [0. 0. 0.]
wbc_obs q (first 5): [-2.97415912e-01 -1.75710884e-04 -4.26248269e-04  7.25617528e-01
 -4.28201467e-01]
wbc_action q (first 5): [-0.2596066   0.01816568 -0.00447086  0.70618033  0.11418472]
arm joint targets: {'left_shoulder_roll_joint': -0.04268893226981163, 'right_shoulder_roll_joint': 0.0, 'left_elbow_joint': 0.0, 'right_elbow_joint': 0.0}

--- WBC DEBUG STEP ---
num_envs: 1
navigate_cmd (vel_x, vel_y, yaw): [ 0.          0.00237007 -0.00058594]
base_height_cmd (height): [0.7494141]
torso_orientation_rpy_cmd: [0. 0. 0.]
wbc_obs q (first 5): [-2.97416627e-01 -1.75802285e-04 -4.26601619e-04  7.25619674e-01
 -4.28203076e-01]
wbc_action q (first 5): [-0.25919905  0.01887955 -0.00354283  0.7051127   0.11844362]
arm joint targets: {'left_shoulder_roll_joint': -0.04703764244914055, 'right_shoulder_roll_joint': 0.0, 'left_elbow_joint': 0.0, 'right_elbow_joint': 0.0}

--- WBC DEBUG STEP ---
num_envs: 1
navigate_cmd (vel_x, vel_y, yaw): [0.         0.00432004 0.00332031]
base_height_cmd (height): [0.74970704]
torso_orientation_rpy_cmd: [0. 0. 0.]
wbc_obs q (first 5): [-2.97415972e-01 -1.75375026e-04 -4.25622246e-04  7.25617707e-01
 -4.28201795e-01]
wbc_action q (first 5): [-0.25853112  0.01897013 -0.00288262  0.70509136  0.11919145]
arm joint targets: {'left_shoulder_roll_joint': -0.04268893226981163, 'right_shoulder_roll_joint': 0.0, 'left_elbow_joint': 0.0, 'right_elbow_joint': 0.0}

--- WBC DEBUG STEP ---
num_envs: 1
navigate_cmd (vel_x, vel_y, yaw): [0.         0.00264864 0.00332031]
base_height_cmd (height): [0.75]
torso_orientation_rpy_cmd: [0. 0. 0.]
wbc_obs q (first 5): [-2.97416598e-01 -1.75892827e-04 -4.26176673e-04  7.25619197e-01
 -4.28202778e-01]
wbc_action q (first 5): [-0.25828779  0.01935349 -0.00316477  0.70432758  0.11792372]
arm joint targets: {'left_shoulder_roll_joint': -0.03616587072610855, 'right_shoulder_roll_joint': 0.0, 'left_elbow_joint': 0.0, 'right_elbow_joint': 0.0}

--- WBC DEBUG STEP ---
num_envs: 1
navigate_cmd (vel_x, vel_y, yaw): [0.         0.00181294 0.00136719]
base_height_cmd (height): [0.7494141]
torso_orientation_rpy_cmd: [0. 0. 0.]
wbc_obs q (first 5): [-2.97416180e-01 -1.75225447e-04 -4.25529113e-04  7.25618124e-01
 -4.28202242e-01]
wbc_action q (first 5): [-0.25813046  0.01977099 -0.0033712   0.70435882  0.11568828]
arm joint targets: {'left_shoulder_roll_joint': -0.04268893226981163, 'right_shoulder_roll_joint': 0.0, 'left_elbow_joint': 0.0, 'right_elbow_joint': 0.0}

--- WBC DEBUG STEP ---
num_envs: 1
navigate_cmd (vel_x, vel_y, yaw): [ 0.         -0.00055488  0.00039063]
base_height_cmd (height): [0.7494141]
torso_orientation_rpy_cmd: [0. 0. 0.]
wbc_obs q (first 5): [-2.97415435e-01 -1.76165922e-04 -4.27027087e-04  7.25615859e-01
 -4.28201109e-01]
wbc_action q (first 5): [-0.25824869  0.02006427 -0.00419525  0.70362186  0.11388259]
arm joint targets: {'left_shoulder_roll_joint': -0.03616587072610855, 'right_shoulder_roll_joint': 0.0, 'left_elbow_joint': 0.0, 'right_elbow_joint': 0.0}

--- WBC DEBUG STEP ---
num_envs: 1
navigate_cmd (vel_x, vel_y, yaw): [ 0.         -0.00013703  0.00039063]
base_height_cmd (height): [0.7494141]
torso_orientation_rpy_cmd: [0. 0. 0.]
wbc_obs q (first 5): [-2.97415704e-01 -1.75651468e-04 -4.25774837e-04  7.25617230e-01
 -4.28201526e-01]
wbc_action q (first 5): [-0.25798902  0.01998782 -0.00462394  0.70301676  0.11304562]
arm joint targets: {'left_shoulder_roll_joint': -0.03507869318127632, 'right_shoulder_roll_joint': 0.0, 'left_elbow_joint': 0.0, 'right_elbow_joint': 0.0}

--- WBC DEBUG STEP ---
num_envs: 1
navigate_cmd (vel_x, vel_y, yaw): [0.         0.0017433  0.00039063]
base_height_cmd (height): [0.75]
torso_orientation_rpy_cmd: [0. 0. 0.]
wbc_obs q (first 5): [-2.97416359e-01 -1.76428322e-04 -4.26892424e-04  7.25618303e-01
 -4.28201109e-01]
wbc_action q (first 5): [-0.25761572  0.01932246 -0.00489002  0.70216656  0.11308058]
arm joint targets: {'left_shoulder_roll_joint': -0.029642807319760323, 'right_shoulder_roll_joint': 0.0, 'left_elbow_joint': 0.0, 'right_elbow_joint': 0.0}

--- WBC DEBUG STEP ---
num_envs: 1
navigate_cmd (vel_x, vel_y, yaw): [0.         0.00028082 0.00039063]
base_height_cmd (height): [0.74912107]
torso_orientation_rpy_cmd: [0. 0. 0.]
wbc_obs q (first 5): [-2.97416061e-01 -1.75954920e-04 -4.26990184e-04  7.25617468e-01
 -4.28201795e-01]
wbc_action q (first 5): [-0.25760561  0.01903486 -0.00523395  0.70262671  0.11291064]
arm joint targets: {'left_shoulder_roll_joint': -0.03616587072610855, 'right_shoulder_roll_joint': 0.0, 'left_elbow_joint': 0.0, 'right_elbow_joint': 0.0}

--- WBC DEBUG STEP ---
num_envs: 1
navigate_cmd (vel_x, vel_y, yaw): [ 0.          0.00069867 -0.0015625 ]
base_height_cmd (height): [0.74970704]
torso_orientation_rpy_cmd: [0. 0. 0.]
wbc_obs q (first 5): [-2.97415942e-01 -1.76361224e-04 -4.26947954e-04  7.25617707e-01
 -4.28201258e-01]
wbc_action q (first 5): [-0.25741547  0.01881027 -0.0052814   0.70223528  0.11323331]
arm joint targets: {'left_shoulder_roll_joint': -0.025294099003076553, 'right_shoulder_roll_joint': 0.0, 'left_elbow_joint': 0.0, 'right_elbow_joint': 0.0}

--- WBC DEBUG STEP ---
num_envs: 1
navigate_cmd (vel_x, vel_y, yaw): [0.         0.00160401 0.00136719]
base_height_cmd (height): [0.74912107]
torso_orientation_rpy_cmd: [0. 0. 0.]
wbc_obs q (first 5): [-2.97415912e-01 -1.76240253e-04 -4.26860410e-04  7.25617349e-01
 -4.28201705e-01]
wbc_action q (first 5): [-0.25760388  0.01824182 -0.00545116  0.70272225  0.11384581]
arm joint targets: {'left_shoulder_roll_joint': -0.030729984864592552, 'right_shoulder_roll_joint': 0.0, 'left_elbow_joint': 0.0, 'right_elbow_joint': 0.0}

--- WBC DEBUG STEP ---
num_envs: 1
navigate_cmd (vel_x, vel_y, yaw): [0.         0.00146473 0.00039063]
base_height_cmd (height): [0.75]
torso_orientation_rpy_cmd: [0. 0. 0.]
wbc_obs q (first 5): [-2.97416061e-01 -1.76461515e-04 -4.27064107e-04  7.25617766e-01
 -4.28201854e-01]
wbc_action q (first 5): [-0.25731203  0.01823769 -0.00551732  0.70204842  0.11487581]
arm joint targets: {'left_shoulder_roll_joint': -0.025294099003076553, 'right_shoulder_roll_joint': 0.0, 'left_elbow_joint': 0.0, 'right_elbow_joint': 0.0}

--- WBC DEBUG STEP ---
num_envs: 1
navigate_cmd (vel_x, vel_y, yaw): [0.         0.00014153 0.00039063]
base_height_cmd (height): [0.7476562]
torso_orientation_rpy_cmd: [0. 0. 0.]
wbc_obs q (first 5): [-2.97416240e-01 -1.76175963e-04 -4.27354476e-04  7.25618362e-01
 -4.28202927e-01]
wbc_action q (first 5): [-0.25793162  0.01804826 -0.00582445  0.70403498  0.11466257]
arm joint targets: {'left_shoulder_roll_joint': -0.022032566368579865, 'right_shoulder_roll_joint': 0.0, 'left_elbow_joint': 0.0, 'right_elbow_joint': 0.0}

--- WBC DEBUG STEP ---
num_envs: 1
navigate_cmd (vel_x, vel_y, yaw): [0.         0.0004201  0.00136719]
base_height_cmd (height): [0.7488281]
torso_orientation_rpy_cmd: [0. 0. 0.]
wbc_obs q (first 5): [-2.97416002e-01 -1.75342022e-04 -4.25448961e-04  7.25618184e-01
 -4.28201824e-01]
wbc_action q (first 5): [-0.25817603  0.0181288  -0.00570449  0.7034815   0.11567511]
arm joint targets: {'left_shoulder_roll_joint': -0.025294099003076553, 'right_shoulder_roll_joint': 0.0, 'left_elbow_joint': 0.0, 'right_elbow_joint': 0.0}

--- WBC DEBUG STEP ---
num_envs: 1
navigate_cmd (vel_x, vel_y, yaw): [0.         0.00055939 0.00429688]
base_height_cmd (height): [0.74794924]
torso_orientation_rpy_cmd: [0. 0. 0.]
wbc_obs q (first 5): [-2.97415376e-01 -1.76043002e-04 -4.26464481e-04  7.25616872e-01
 -4.28201377e-01]
wbc_action q (first 5): [-0.25859967  0.01797509 -0.00575253  0.70436323  0.11566289]
arm joint targets: {'left_shoulder_roll_joint': -0.029642807319760323, 'right_shoulder_roll_joint': 0.0, 'left_elbow_joint': 0.0, 'right_elbow_joint': 0.0}

--- WBC DEBUG STEP ---
num_envs: 1
navigate_cmd (vel_x, vel_y, yaw): [0.         0.00153437 0.00332031]
base_height_cmd (height): [0.7482422]
torso_orientation_rpy_cmd: [0. 0. 0.]
wbc_obs q (first 5): [-2.97416002e-01 -1.75650421e-04 -4.26241604e-04  7.25617826e-01
 -4.28202093e-01]
wbc_action q (first 5): [-0.25880694  0.01796887 -0.00572775  0.70426625  0.11548276]
arm joint targets: {'left_shoulder_roll_joint': -0.025294099003076553, 'right_shoulder_roll_joint': 0.0, 'left_elbow_joint': 0.0, 'right_elbow_joint': 0.0}

--- WBC DEBUG STEP ---
num_envs: 1
navigate_cmd (vel_x, vel_y, yaw): [ 0.         -0.0004156   0.00136719]
base_height_cmd (height): [0.7482422]
torso_orientation_rpy_cmd: [0. 0. 0.]
wbc_obs q (first 5): [-2.97416002e-01 -1.75537061e-04 -4.26111219e-04  7.25617409e-01
 -4.28201824e-01]
wbc_action q (first 5): [-0.25885773  0.01840417 -0.00572765  0.70414066  0.11548881]
arm joint targets: {'left_shoulder_roll_joint': -0.027468452230095863, 'right_shoulder_roll_joint': 0.0, 'left_elbow_joint': 0.0, 'right_elbow_joint': 0.0}

--- WBC DEBUG STEP ---
num_envs: 1
navigate_cmd (vel_x, vel_y, yaw): [ 0.         -0.00097274  0.00136719]
base_height_cmd (height): [0.7482422]
torso_orientation_rpy_cmd: [0. 0. 0.]
wbc_obs q (first 5): [-2.97416151e-01 -1.76154528e-04 -4.26781480e-04  7.25617528e-01
 -4.28202033e-01]
wbc_action q (first 5): [-0.25897288  0.01852439 -0.00574348  0.70412445  0.11530022]
arm joint targets: {'left_shoulder_roll_joint': -0.03507869318127632, 'right_shoulder_roll_joint': 0.0, 'left_elbow_joint': 0.0, 'right_elbow_joint': 0.0}

--- WBC DEBUG STEP ---
num_envs: 1
navigate_cmd (vel_x, vel_y, yaw): [ 0.         -0.00013703  0.00234375]
base_height_cmd (height): [0.7488281]
torso_orientation_rpy_cmd: [0. 0. 0.]
wbc_obs q (first 5): [-2.97415823e-01 -1.75776106e-04 -4.26134735e-04  7.25618005e-01
 -4.28202063e-01]
wbc_action q (first 5): [-0.25905633  0.01852397 -0.00561405  0.70363915  0.11491923]
arm joint targets: {'left_shoulder_roll_joint': -0.03181716054677963, 'right_shoulder_roll_joint': 0.0, 'left_elbow_joint': 0.0, 'right_elbow_joint': 0.0}

--- WBC DEBUG STEP ---
num_envs: 1
navigate_cmd (vel_x, vel_y, yaw): [ 0.         -0.00097274 -0.00058594]
base_height_cmd (height): [0.7482422]
torso_orientation_rpy_cmd: [0. 0. 0.]
wbc_obs q (first 5): [-2.97415584e-01 -1.76245449e-04 -4.27058490e-04  7.25616455e-01
 -4.28201348e-01]
wbc_action q (first 5): [-0.25915599  0.01879146 -0.00550034  0.703982    0.11396833]
arm joint targets: {'left_shoulder_roll_joint': -0.03290433809161186, 'right_shoulder_roll_joint': 0.0, 'left_elbow_joint': 0.0, 'right_elbow_joint': 0.0}

--- WBC DEBUG STEP ---
num_envs: 1
navigate_cmd (vel_x, vel_y, yaw): [ 0.         -0.0012513   0.00332031]
base_height_cmd (height): [0.7488281]
torso_orientation_rpy_cmd: [0. 0. 0.]
wbc_obs q (first 5): [-2.97415614e-01 -1.75682726e-04 -4.26118990e-04  7.25616872e-01
 -4.28201646e-01]
wbc_action q (first 5): [-0.25920665  0.01879076 -0.00563641  0.70335901  0.1135302 ]
arm joint targets: {'left_shoulder_roll_joint': -0.03725304827094078, 'right_shoulder_roll_joint': 0.0, 'left_elbow_joint': 0.0, 'right_elbow_joint': 0.0}

--- WBC DEBUG STEP ---
num_envs: 1
navigate_cmd (vel_x, vel_y, yaw): [ 0.         -0.0004156   0.00039063]
base_height_cmd (height): [0.7470703]
torso_orientation_rpy_cmd: [0. 0. 0.]
wbc_obs q (first 5): [-2.97415823e-01 -1.75970883e-04 -4.26916900e-04  7.25616932e-01
 -4.28201467e-01]
wbc_action q (first 5): [-0.25980973  0.01864917 -0.00539852  0.70508277  0.11178495]
arm joint targets: {'left_shoulder_roll_joint': -0.03834022581577301, 'right_shoulder_roll_joint': 0.0, 'left_elbow_joint': 0.0, 'right_elbow_joint': 0.0}

--- WBC DEBUG STEP ---
num_envs: 1
navigate_cmd (vel_x, vel_y, yaw): [ 0.         -0.00236557  0.00136719]
base_height_cmd (height): [0.74853516]
torso_orientation_rpy_cmd: [0. 0. 0.]
wbc_obs q (first 5): [-2.97416002e-01 -1.75222565e-04 -4.25784558e-04  7.25617707e-01
 -4.28202152e-01]
wbc_action q (first 5): [-0.26013193  0.01903285 -0.00553409  0.70372295  0.1114118 ]
arm joint targets: {'left_shoulder_roll_joint': -0.04703764244914055, 'right_shoulder_roll_joint': 0.0, 'left_elbow_joint': 0.0, 'right_elbow_joint': 0.0}

--- WBC DEBUG STEP ---
num_envs: 1
navigate_cmd (vel_x, vel_y, yaw): [ 0.         -0.00013703  0.00332031]
base_height_cmd (height): [0.7476562]
torso_orientation_rpy_cmd: [0. 0. 0.]
wbc_obs q (first 5): [-2.97416449e-01 -1.75955909e-04 -4.27435240e-04  7.25618482e-01
 -4.28202212e-01]
wbc_action q (first 5): [-0.2602886   0.01865158 -0.00543259  0.70442569  0.11009713]
arm joint targets: {'left_shoulder_roll_joint': -0.054647885262966156, 'right_shoulder_roll_joint': 0.0, 'left_elbow_joint': 0.0, 'right_elbow_joint': 0.0}

--- WBC DEBUG STEP ---
num_envs: 1
navigate_cmd (vel_x, vel_y, yaw): [ 0.         -0.00055488  0.00625   ]
base_height_cmd (height): [0.7488281]
torso_orientation_rpy_cmd: [0. 0. 0.]
wbc_obs q (first 5): [-2.97415763e-01 -1.75539753e-04 -4.26250364e-04  7.25617051e-01
 -4.28201586e-01]
wbc_action q (first 5): [-0.26032498  0.01866748 -0.00562671  0.70330203  0.10947697]
arm joint targets: {'left_shoulder_roll_joint': -0.05138635262846947, 'right_shoulder_roll_joint': 0.0, 'left_elbow_joint': 0.0, 'right_elbow_joint': 0.0}

--- WBC DEBUG STEP ---
num_envs: 1
navigate_cmd (vel_x, vel_y, yaw): [ 0.         -0.00152987  0.00136719]
base_height_cmd (height): [0.7494141]
torso_orientation_rpy_cmd: [0. 0. 0.]
wbc_obs q (first 5): [-2.97415763e-01 -1.75535461e-04 -4.25663515e-04  7.25617170e-01
 -4.28201556e-01]
wbc_action q (first 5): [-0.26003587  0.01900215 -0.00549573  0.70235002  0.10952179]
arm joint targets: {'left_shoulder_roll_joint': -0.05682223662734032, 'right_shoulder_roll_joint': 0.0, 'left_elbow_joint': 0.0, 'right_elbow_joint': 0.0}

--- WBC DEBUG STEP ---
num_envs: 1
navigate_cmd (vel_x, vel_y, yaw): [ 0.         -0.00013703  0.00136719]
base_height_cmd (height): [0.7482422]
torso_orientation_rpy_cmd: [0. 0. 0.]
wbc_obs q (first 5): [-2.97416240e-01 -1.75954992e-04 -4.26434854e-04  7.25618303e-01
 -4.28202003e-01]
wbc_action q (first 5): [-0.26016361  0.01879852 -0.00526854  0.70341927  0.1083733 ]
arm joint targets: {'left_shoulder_roll_joint': -0.05029917508363724, 'right_shoulder_roll_joint': 0.0, 'left_elbow_joint': 0.0, 'right_elbow_joint': 0.0}

--- WBC DEBUG STEP ---
num_envs: 1
navigate_cmd (vel_x, vel_y, yaw): [ 0.         -0.00069417  0.00234375]
base_height_cmd (height): [0.7476562]
torso_orientation_rpy_cmd: [0. 0. 0.]
wbc_obs q (first 5): [-2.97415972e-01 -1.75939596e-04 -4.26647021e-04  7.25617707e-01
 -4.28201705e-01]
wbc_action q (first 5): [-0.26075572  0.0188054  -0.00519223  0.70413458  0.10745631]
arm joint targets: {'left_shoulder_roll_joint': -0.053560707718133926, 'right_shoulder_roll_joint': 0.0, 'left_elbow_joint': 0.0, 'right_elbow_joint': 0.0}

--- WBC DEBUG STEP ---
num_envs: 1
navigate_cmd (vel_x, vel_y, yaw): [ 0.         -0.00111202  0.00234375]
base_height_cmd (height): [0.7470703]
torso_orientation_rpy_cmd: [0. 0. 0.]
wbc_obs q (first 5): [-2.97416449e-01 -1.75926019e-04 -4.26969840e-04  7.25618422e-01
 -4.28202569e-01]
wbc_action q (first 5): [-0.26127833  0.01888346 -0.0051795   0.70480472  0.10643657]
arm joint targets: {'left_shoulder_roll_joint': -0.053560707718133926, 'right_shoulder_roll_joint': 0.0, 'left_elbow_joint': 0.0, 'right_elbow_joint': 0.0}

--- WBC DEBUG STEP ---
num_envs: 1
navigate_cmd (vel_x, vel_y, yaw): [ 0.         -0.0012513   0.00136719]
base_height_cmd (height): [0.7488281]
torso_orientation_rpy_cmd: [0. 0. 0.]
wbc_obs q (first 5): [-2.97415882e-01 -1.75545603e-04 -4.26383311e-04  7.25617766e-01
 -4.28202033e-01]
wbc_action q (first 5): [-0.26097187  0.01909742 -0.00513818  0.70314837  0.10694219]
arm joint targets: {'left_shoulder_roll_joint': -0.060083769261837006, 'right_shoulder_roll_joint': 0.0, 'left_elbow_joint': 0.0, 'right_elbow_joint': 0.0}

--- WBC DEBUG STEP ---
num_envs: 1
navigate_cmd (vel_x, vel_y, yaw): [ 0.         -0.00055488  0.00136719]
base_height_cmd (height): [0.7476562]
torso_orientation_rpy_cmd: [0. 0. 0.]
wbc_obs q (first 5): [-2.97415882e-01 -1.75887224e-04 -4.26660990e-04  7.25617647e-01
 -4.28202003e-01]
wbc_action q (first 5): [-0.26083091  0.01892822 -0.00511641  0.70411956  0.10638727]
arm joint targets: {'left_shoulder_roll_joint': -0.05138635262846947, 'right_shoulder_roll_joint': 0.0, 'left_elbow_joint': 0.0, 'right_elbow_joint': 0.0}

--- WBC DEBUG STEP ---
num_envs: 1
navigate_cmd (vel_x, vel_y, yaw): [ 0.         -0.0012513   0.00234375]
base_height_cmd (height): [0.7470703]
torso_orientation_rpy_cmd: [0. 0. 0.]
wbc_obs q (first 5): [-2.97416329e-01 -1.75895213e-04 -4.26579529e-04  7.25618184e-01
 -4.28201944e-01]
wbc_action q (first 5): [-0.26141685  0.01888963 -0.00531421  0.70462513  0.10608353]
arm joint targets: {'left_shoulder_roll_joint': -0.0633452981710434, 'right_shoulder_roll_joint': 0.0, 'left_elbow_joint': 0.0, 'right_elbow_joint': 0.0}

--- WBC DEBUG STEP ---
num_envs: 1
navigate_cmd (vel_x, vel_y, yaw): [ 0.         -0.00027632  0.00136719]
base_height_cmd (height): [0.7482422]
torso_orientation_rpy_cmd: [0. 0. 0.]
wbc_obs q (first 5): [-2.97415882e-01 -1.75826761e-04 -4.25944309e-04  7.25617588e-01
 -4.28201616e-01]
wbc_action q (first 5): [-0.26107019  0.01901954 -0.00511194  0.70376694  0.10618849]
arm joint targets: {'left_shoulder_roll_joint': -0.053560707718133926, 'right_shoulder_roll_joint': 0.0, 'left_elbow_joint': 0.0, 'right_elbow_joint': 0.0}

--- WBC DEBUG STEP ---
num_envs: 1
navigate_cmd (vel_x, vel_y, yaw): [ 0.         -0.00076381  0.00039063]
base_height_cmd (height): [0.74794924]
torso_orientation_rpy_cmd: [0. 0. 0.]
wbc_obs q (first 5): [-2.97416300e-01 -1.76130023e-04 -4.26983519e-04  7.25618541e-01
 -4.28202361e-01]
wbc_action q (first 5): [-0.26083586  0.01907495 -0.00507641  0.70387465  0.10645668]
arm joint targets: {'left_shoulder_roll_joint': -0.053560707718133926, 'right_shoulder_roll_joint': 0.0, 'left_elbow_joint': 0.0, 'right_elbow_joint': 0.0}

--- WBC DEBUG STEP ---
num_envs: 1
navigate_cmd (vel_x, vel_y, yaw): [ 0.         -0.00055488  0.00136719]
base_height_cmd (height): [0.7482422]
torso_orientation_rpy_cmd: [0. 0. 0.]
wbc_obs q (first 5): [-2.97415584e-01 -1.75846522e-04 -4.26802580e-04  7.25616455e-01
 -4.28201467e-01]
wbc_action q (first 5): [-0.26075545  0.01899285 -0.00507599  0.70367694  0.10697557]
arm joint targets: {'left_shoulder_roll_joint': -0.057909414172172546, 'right_shoulder_roll_joint': 0.0, 'left_elbow_joint': 0.0, 'right_elbow_joint': 0.0}

--- WBC DEBUG STEP ---
num_envs: 1
navigate_cmd (vel_x, vel_y, yaw): [ 0.         -0.00076381  0.00234375]
base_height_cmd (height): [0.7464844]
torso_orientation_rpy_cmd: [0. 0. 0.]
wbc_obs q (first 5): [-2.97415674e-01 -1.75901790e-04 -4.26662562e-04  7.25617290e-01
 -4.28201646e-01]
wbc_action q (first 5): [-0.26125827  0.01879076 -0.00523885  0.70528573  0.10617454]
arm joint targets: {'left_shoulder_roll_joint': -0.060083769261837006, 'right_shoulder_roll_joint': 0.0, 'left_elbow_joint': 0.0, 'right_elbow_joint': 0.0}

--- WBC DEBUG STEP ---
num_envs: 1
navigate_cmd (vel_x, vel_y, yaw): [ 0.         -0.00013703  0.00234375]
base_height_cmd (height): [0.74794924]
torso_orientation_rpy_cmd: [0. 0. 0.]
wbc_obs q (first 5): [-2.97416985e-01 -1.75801470e-04 -4.26432787e-04  7.25619256e-01
 -4.28202450e-01]
wbc_action q (first 5): [-0.26113483  0.01884495 -0.00521846  0.70422876  0.10674317]
arm joint targets: {'left_shoulder_roll_joint': -0.05573505908250809, 'right_shoulder_roll_joint': 0.0, 'left_elbow_joint': 0.0, 'right_elbow_joint': 0.0}

--- WBC DEBUG STEP ---
num_envs: 1
navigate_cmd (vel_x, vel_y, yaw): [ 0.         -0.002087    0.00234375]
base_height_cmd (height): [0.7453125]
torso_orientation_rpy_cmd: [0. 0. 0.]
wbc_obs q (first 5): [-2.97416180e-01 -1.76045156e-04 -4.26582468e-04  7.25617886e-01
 -4.28201854e-01]
wbc_action q (first 5): [-0.26176223  0.01895396 -0.00528892  0.70651048  0.10579316]
arm joint targets: {'left_shoulder_roll_joint': -0.05573505908250809, 'right_shoulder_roll_joint': 0.0, 'left_elbow_joint': 0.0, 'right_elbow_joint': 0.0}

--- WBC DEBUG STEP ---
num_envs: 1
navigate_cmd (vel_x, vel_y, yaw): [0.         0.00014153 0.00039063]
base_height_cmd (height): [0.7444336]
torso_orientation_rpy_cmd: [0. 0. 0.]
wbc_obs q (first 5): [-2.97415674e-01 -1.75903144e-04 -4.26284794e-04  7.25616992e-01
 -4.28201437e-01]
wbc_action q (first 5): [-0.26290086  0.01867238 -0.00508607  0.70798373  0.10491852]
arm joint targets: {'left_shoulder_roll_joint': -0.054647885262966156, 'right_shoulder_roll_joint': 0.0, 'left_elbow_joint': 0.0, 'right_elbow_joint': 0.0}

--- WBC DEBUG STEP ---
num_envs: 1
navigate_cmd (vel_x, vel_y, yaw): [ 0.          0.00097724 -0.00058594]
base_height_cmd (height): [0.7453125]
torso_orientation_rpy_cmd: [0. 0. 0.]
wbc_obs q (first 5): [-2.97416031e-01 -1.75273672e-04 -4.25088278e-04  7.25617230e-01
 -4.28201795e-01]
wbc_action q (first 5): [-0.26330218  0.01888528 -0.00469531  0.70767713  0.10459317]
arm joint targets: {'left_shoulder_roll_joint': -0.058996591717004776, 'right_shoulder_roll_joint': 0.0, 'left_elbow_joint': 0.0, 'right_elbow_joint': 0.0}

--- WBC DEBUG STEP ---
num_envs: 1
navigate_cmd (vel_x, vel_y, yaw): [ 0.         -0.00062453 -0.00253906]
base_height_cmd (height): [0.74472654]
torso_orientation_rpy_cmd: [0. 0. 0.]
wbc_obs q (first 5): [-2.97415674e-01 -1.75188368e-04 -4.25283884e-04  7.25616992e-01
 -4.28201735e-01]
wbc_action q (first 5): [-0.26344773  0.01924209 -0.00471438  0.70805812  0.10357253]
arm joint targets: {'left_shoulder_roll_joint': -0.05573505908250809, 'right_shoulder_roll_joint': 0.0, 'left_elbow_joint': 0.0, 'right_elbow_joint': 0.0}

--- WBC DEBUG STEP ---
num_envs: 1
navigate_cmd (vel_x, vel_y, yaw): [ 0.         -0.00083345 -0.00351563]
base_height_cmd (height): [0.74296874]
torso_orientation_rpy_cmd: [0. 0. 0.]
wbc_obs q (first 5): [-2.97416240e-01 -1.75116758e-04 -4.25367383e-04  7.25618243e-01
 -4.28201914e-01]
wbc_action q (first 5): [-0.26427272  0.0192706  -0.00474994  0.70979321  0.10227595]
arm joint targets: {'left_shoulder_roll_joint': -0.0524735301733017, 'right_shoulder_roll_joint': 0.0, 'left_elbow_joint': 0.0, 'right_elbow_joint': 0.0}

--- WBC DEBUG STEP ---
num_envs: 1
navigate_cmd (vel_x, vel_y, yaw): [ 0.         -0.00055488  0.00039063]
base_height_cmd (height): [0.74296874]
torso_orientation_rpy_cmd: [0. 0. 0.]
wbc_obs q (first 5): [-2.97417223e-01 -1.76102549e-04 -4.27614694e-04  7.25619674e-01
 -4.28202718e-01]
wbc_action q (first 5): [-0.26486221  0.01905712 -0.00492528  0.71008116  0.10153545]
arm joint targets: {'left_shoulder_roll_joint': -0.057909414172172546, 'right_shoulder_roll_joint': 0.0, 'left_elbow_joint': 0.0, 'right_elbow_joint': 0.0}

--- WBC DEBUG STEP ---
num_envs: 1
navigate_cmd (vel_x, vel_y, yaw): [ 0.         -0.00097274  0.00332031]
base_height_cmd (height): [0.7435547]
torso_orientation_rpy_cmd: [0. 0. 0.]
wbc_obs q (first 5): [-2.97416538e-01 -1.75098656e-04 -4.25137521e-04  7.25618660e-01
 -4.28202659e-01]
wbc_action q (first 5): [-0.26514918  0.01912059 -0.00506849  0.70952439  0.10122158]
arm joint targets: {'left_shoulder_roll_joint': -0.057909414172172546, 'right_shoulder_roll_joint': 0.0, 'left_elbow_joint': 0.0, 'right_elbow_joint': 0.0}

--- WBC DEBUG STEP ---
num_envs: 1
navigate_cmd (vel_x, vel_y, yaw): [ 0.         -0.00152987  0.00039063]
base_height_cmd (height): [0.7441406]
torso_orientation_rpy_cmd: [0. 0. 0.]
wbc_obs q (first 5): [-2.97416568e-01 -1.74805915e-04 -4.24899539e-04  7.25618601e-01
 -4.28202331e-01]
wbc_action q (first 5): [-0.26473883  0.0194899  -0.00488573  0.70900434  0.1014141 ]
arm joint targets: {'left_shoulder_roll_joint': -0.060083769261837006, 'right_shoulder_roll_joint': 0.0, 'left_elbow_joint': 0.0, 'right_elbow_joint': 0.0}

--- WBC DEBUG STEP ---
num_envs: 1
navigate_cmd (vel_x, vel_y, yaw): [ 0.         -0.00194772 -0.00253906]
base_height_cmd (height): [0.7423828]
torso_orientation_rpy_cmd: [0. 0. 0.]
wbc_obs q (first 5): [-2.97416925e-01 -1.76266447e-04 -4.27548192e-04  7.25619256e-01
 -4.28202718e-01]
wbc_action q (first 5): [-0.26515219  0.0194929  -0.00488488  0.71053028  0.10042049]
arm joint targets: {'left_shoulder_roll_joint': -0.0524735301733017, 'right_shoulder_roll_joint': 0.0, 'left_elbow_joint': 0.0, 'right_elbow_joint': 0.0}

--- WBC DEBUG STEP ---
num_envs: 1
navigate_cmd (vel_x, vel_y, yaw): [ 0.         -0.00083345  0.00234375]
base_height_cmd (height): [0.7423828]
torso_orientation_rpy_cmd: [0. 0. 0.]
wbc_obs q (first 5): [-2.97416478e-01 -1.76166883e-04 -4.27268853e-04  7.25618660e-01
 -4.28202391e-01]
wbc_action q (first 5): [-0.26587003  0.0192423  -0.00492902  0.71080905  0.10003223]
arm joint targets: {'left_shoulder_roll_joint': -0.061170946806669235, 'right_shoulder_roll_joint': 0.0, 'left_elbow_joint': 0.0, 'right_elbow_joint': 0.0}

--- WBC DEBUG STEP ---
num_envs: 1
navigate_cmd (vel_x, vel_y, yaw): [ 0.         -0.00097274 -0.0015625 ]
base_height_cmd (height): [0.7423828]
torso_orientation_rpy_cmd: [0. 0. 0.]
wbc_obs q (first 5): [-2.97417045e-01 -1.75906651e-04 -4.26748447e-04  7.25619555e-01
 -4.28202540e-01]
wbc_action q (first 5): [-0.26595169  0.01954027 -0.00463034  0.7110396   0.09922113]
arm joint targets: {'left_shoulder_roll_joint': -0.05573505908250809, 'right_shoulder_roll_joint': 0.0, 'left_elbow_joint': 0.0, 'right_elbow_joint': 0.0}

--- WBC DEBUG STEP ---
num_envs: 1
navigate_cmd (vel_x, vel_y, yaw): [ 0.         -0.00069417  0.00039063]
base_height_cmd (height): [0.74296874]
torso_orientation_rpy_cmd: [0. 0. 0.]
wbc_obs q (first 5): [-2.97415972e-01 -1.74921443e-04 -4.25340084e-04  7.25617945e-01
 -4.28202331e-01]
wbc_action q (first 5): [-0.26604953  0.01952223 -0.00463992  0.71053803  0.0992385 ]
arm joint targets: {'left_shoulder_roll_joint': -0.05682223662734032, 'right_shoulder_roll_joint': 0.0, 'left_elbow_joint': 0.0, 'right_elbow_joint': 0.0}

--- WBC DEBUG STEP ---
num_envs: 1
navigate_cmd (vel_x, vel_y, yaw): [ 0.        -0.0012513 -0.0015625]
base_height_cmd (height): [0.74003905]
torso_orientation_rpy_cmd: [0. 0. 0.]
wbc_obs q (first 5): [-2.97416538e-01 -1.76573085e-04 -4.28196159e-04  7.25618362e-01
 -4.28202152e-01]
wbc_action q (first 5): [-0.26686722  0.01938302 -0.0047145   0.71305561  0.09733523]
arm joint targets: {'left_shoulder_roll_joint': -0.05682223662734032, 'right_shoulder_roll_joint': 0.0, 'left_elbow_joint': 0.0, 'right_elbow_joint': 0.0}

--- WBC DEBUG STEP ---
num_envs: 1
navigate_cmd (vel_x, vel_y, yaw): [0.         0.00376291 0.00234375]
base_height_cmd (height): [0.75]
torso_orientation_rpy_cmd: [0. 0. 0.]
wbc_obs q (first 5): [-2.97430426e-01 -1.89759812e-04 -4.65397927e-04  7.25645065e-01
 -4.28190231e-01]
wbc_action q (first 5): [-0.26411891  0.01934945 -0.00442413  0.70454025  0.10207735]
arm joint targets: {'left_shoulder_roll_joint': -0.029642807319760323, 'right_shoulder_roll_joint': 0.0, 'left_elbow_joint': 0.0, 'right_elbow_joint': 0.0}

--- WBC DEBUG STEP ---
num_envs: 1
navigate_cmd (vel_x, vel_y, yaw): [0.         0.00320577 0.00234375]
base_height_cmd (height): [0.75]
torso_orientation_rpy_cmd: [0. 0. 0.]
wbc_obs q (first 5): [-2.97415882e-01 -1.81209020e-04 -4.40541393e-04  7.25617409e-01
 -4.28201795e-01]
wbc_action q (first 5): [-0.26093033  0.01978863 -0.00386352  0.70351624  0.10612361]
arm joint targets: {'left_shoulder_roll_joint': -0.03616587072610855, 'right_shoulder_roll_joint': 0.0, 'left_elbow_joint': 0.0, 'right_elbow_joint': 0.0}

--- WBC DEBUG STEP ---
num_envs: 1
navigate_cmd (vel_x, vel_y, yaw): [0.         0.00264864 0.00429688]
base_height_cmd (height): [0.75]
torso_orientation_rpy_cmd: [0. 0. 0.]
wbc_obs q (first 5): [-2.97415763e-01 -1.81449010e-04 -4.40802163e-04  7.25617230e-01
 -4.28201288e-01]
wbc_action q (first 5): [-0.25963759  0.01920218 -0.00452226  0.70330751  0.1088139 ]
arm joint targets: {'left_shoulder_roll_joint': -0.04268893226981163, 'right_shoulder_roll_joint': 0.0, 'left_elbow_joint': 0.0, 'right_elbow_joint': 0.0}

--- WBC DEBUG STEP ---
num_envs: 1
navigate_cmd (vel_x, vel_y, yaw): [0.         0.00390219 0.00234375]
base_height_cmd (height): [0.75]
torso_orientation_rpy_cmd: [0. 0. 0.]
wbc_obs q (first 5): [-2.97416538e-01 -1.80484247e-04 -4.38965420e-04  7.25618660e-01
 -4.28202361e-01]
wbc_action q (first 5): [-0.25902018  0.0189453  -0.00454435  0.70351374  0.11100508]
arm joint targets: {'left_shoulder_roll_joint': -0.030729984864592552, 'right_shoulder_roll_joint': 0.0, 'left_elbow_joint': 0.0, 'right_elbow_joint': 0.0}

--- WBC DEBUG STEP ---
num_envs: 1
navigate_cmd (vel_x, vel_y, yaw): [0.         0.00209151 0.00917969]
base_height_cmd (height): [0.75]
torso_orientation_rpy_cmd: [0. 0. 0.]
wbc_obs q (first 5): [-2.97415555e-01 -1.81105977e-04 -4.39675670e-04  7.25617230e-01
 -4.28201288e-01]
wbc_action q (first 5): [-0.2586534   0.01886809 -0.00490479  0.70334077  0.11324544]
arm joint targets: {'left_shoulder_roll_joint': -0.03834022581577301, 'right_shoulder_roll_joint': 0.0, 'left_elbow_joint': 0.0, 'right_elbow_joint': 0.0}

--- WBC DEBUG STEP ---
num_envs: 1
navigate_cmd (vel_x, vel_y, yaw): [0.         0.00209151 0.00820313]
base_height_cmd (height): [0.75]
torso_orientation_rpy_cmd: [0. 0. 0.]
wbc_obs q (first 5): [-2.97415644e-01 -1.80464864e-04 -4.38425050e-04  7.25616753e-01
 -4.28200632e-01]
wbc_action q (first 5): [-0.25837797  0.01871525 -0.00505843  0.70324343  0.11516465]
arm joint targets: {'left_shoulder_roll_joint': -0.03616587072610855, 'right_shoulder_roll_joint': 0.0, 'left_elbow_joint': 0.0, 'right_elbow_joint': 0.0}

--- WBC DEBUG STEP ---
num_envs: 1
navigate_cmd (vel_x, vel_y, yaw): [0.         0.00153437 0.00820313]
base_height_cmd (height): [0.75]
torso_orientation_rpy_cmd: [0. 0. 0.]
wbc_obs q (first 5): [-2.97415853e-01 -1.81200434e-04 -4.39863186e-04  7.25617170e-01
 -4.28201318e-01]
wbc_action q (first 5): [-0.25802308  0.01848764 -0.00539142  0.70297956  0.1166269 ]
arm joint targets: {'left_shoulder_roll_joint': -0.0416017584502697, 'right_shoulder_roll_joint': 0.0, 'left_elbow_joint': 0.0, 'right_elbow_joint': 0.0}

--- WBC DEBUG STEP ---
num_envs: 1
navigate_cmd (vel_x, vel_y, yaw): [0.         0.00195222 0.00429688]
base_height_cmd (height): [0.75]
torso_orientation_rpy_cmd: [0. 0. 0.]
wbc_obs q (first 5): [-2.97415197e-01 -1.80629038e-04 -4.39387280e-04  7.25616157e-01
 -4.28201079e-01]
wbc_action q (first 5): [-0.25782824  0.01845218 -0.00518147  0.70305806  0.11698325]
arm joint targets: {'left_shoulder_roll_joint': -0.03834022581577301, 'right_shoulder_roll_joint': 0.0, 'left_elbow_joint': 0.0, 'right_elbow_joint': 0.0}

--- WBC DEBUG STEP ---
num_envs: 1
navigate_cmd (vel_x, vel_y, yaw): [0.        0.0012558 0.00625  ]
base_height_cmd (height): [0.75]
torso_orientation_rpy_cmd: [0. 0. 0.]
wbc_obs q (first 5): [-2.97415614e-01 -1.80662086e-04 -4.39083640e-04  7.25617409e-01
 -4.28201646e-01]
wbc_action q (first 5): [-0.25784913  0.01843108 -0.00529287  0.70288622  0.11693804]
arm joint targets: {'left_shoulder_roll_joint': -0.04486328735947609, 'right_shoulder_roll_joint': 0.0, 'left_elbow_joint': 0.0, 'right_elbow_joint': 0.0}

--- WBC DEBUG STEP ---
num_envs: 1
navigate_cmd (vel_x, vel_y, yaw): [0.         0.00195222 0.00429688]
base_height_cmd (height): [0.75]
torso_orientation_rpy_cmd: [0. 0. 0.]
wbc_obs q (first 5): [-2.97416419e-01 -1.80397066e-04 -4.38719377e-04  7.25618958e-01
 -4.28202569e-01]
wbc_action q (first 5): [-0.25774407  0.01834999 -0.00524526  0.70283651  0.11646129]
arm joint targets: {'left_shoulder_roll_joint': -0.03181716054677963, 'right_shoulder_roll_joint': 0.0, 'left_elbow_joint': 0.0, 'right_elbow_joint': 0.0}

--- WBC DEBUG STEP ---
num_envs: 1
navigate_cmd (vel_x, vel_y, yaw): [0.         0.00111652 0.00429688]
base_height_cmd (height): [0.75]
torso_orientation_rpy_cmd: [0. 0. 0.]
wbc_obs q (first 5): [-2.97415316e-01 -1.81203621e-04 -4.39560827e-04  7.25617170e-01
 -4.28201437e-01]
wbc_action q (first 5): [-0.25779706  0.0183776  -0.00530857  0.70261687  0.11660697]
arm joint targets: {'left_shoulder_roll_joint': -0.03725304827094078, 'right_shoulder_roll_joint': 0.0, 'left_elbow_joint': 0.0, 'right_elbow_joint': 0.0}

--- WBC DEBUG STEP ---
num_envs: 1
navigate_cmd (vel_x, vel_y, yaw): [0.         0.0012558  0.00722656]
base_height_cmd (height): [0.75]
torso_orientation_rpy_cmd: [0. 0. 0.]
wbc_obs q (first 5): [-2.97415674e-01 -1.80249175e-04 -4.38745279e-04  7.25617409e-01
 -4.28202182e-01]
wbc_action q (first 5): [-0.25793678  0.01822146 -0.00537573  0.70255673  0.11651157]
arm joint targets: {'left_shoulder_roll_joint': -0.027468452230095863, 'right_shoulder_roll_joint': 0.0, 'left_elbow_joint': 0.0, 'right_elbow_joint': 0.0}

--- WBC DEBUG STEP ---
num_envs: 1
navigate_cmd (vel_x, vel_y, yaw): [0.         0.00153437 0.00429688]
base_height_cmd (height): [0.75]
torso_orientation_rpy_cmd: [0. 0. 0.]
wbc_obs q (first 5): [-2.97415525e-01 -1.81021212e-04 -4.39002586e-04  7.25617111e-01
 -4.28201288e-01]
wbc_action q (first 5): [-0.2579169   0.01830012 -0.0051278   0.70253289  0.11646007]
arm joint targets: {'left_shoulder_roll_joint': -0.03181716054677963, 'right_shoulder_roll_joint': 0.0, 'left_elbow_joint': 0.0, 'right_elbow_joint': 0.0}

--- WBC DEBUG STEP ---
num_envs: 1
navigate_cmd (vel_x, vel_y, yaw): [0.         0.00153437 0.00429688]
base_height_cmd (height): [0.75]
torso_orientation_rpy_cmd: [0. 0. 0.]
wbc_obs q (first 5): [-2.97415495e-01 -1.80791467e-04 -4.38897026e-04  7.25616813e-01
 -4.28201020e-01]
wbc_action q (first 5): [-0.25777802  0.01828045 -0.00521262  0.70242846  0.11604758]
arm joint targets: {'left_shoulder_roll_joint': -0.03725304827094078, 'right_shoulder_roll_joint': 0.0, 'left_elbow_joint': 0.0, 'right_elbow_joint': 0.0}

--- WBC DEBUG STEP ---
num_envs: 1
navigate_cmd (vel_x, vel_y, yaw): [0.         0.00014153 0.00039063]
base_height_cmd (height): [0.75]
torso_orientation_rpy_cmd: [0. 0. 0.]
wbc_obs q (first 5): [-2.97415823e-01 -1.80596282e-04 -4.38587478e-04  7.25618422e-01
 -4.28202122e-01]
wbc_action q (first 5): [-0.25762811  0.01871664 -0.00513302  0.70249194  0.11564286]
arm joint targets: {'left_shoulder_roll_joint': -0.030729984864592552, 'right_shoulder_roll_joint': 0.0, 'left_elbow_joint': 0.0, 'right_elbow_joint': 0.0}

--- WBC DEBUG STEP ---
num_envs: 1
navigate_cmd (vel_x, vel_y, yaw): [0.         0.00048974 0.00429688]
base_height_cmd (height): [0.75]
torso_orientation_rpy_cmd: [0. 0. 0.]
wbc_obs q (first 5): [-2.97415614e-01 -1.80341973e-04 -4.38573043e-04  7.25618243e-01
 -4.28201854e-01]
wbc_action q (first 5): [-0.25778484  0.0184793  -0.00538867  0.70234287  0.11581348]
arm joint targets: {'left_shoulder_roll_joint': -0.03507869318127632, 'right_shoulder_roll_joint': 0.0, 'left_elbow_joint': 0.0, 'right_elbow_joint': 0.0}

--- WBC DEBUG STEP ---
num_envs: 1
navigate_cmd (vel_x, vel_y, yaw): [0.         0.00028082 0.00429688]
base_height_cmd (height): [0.75]
torso_orientation_rpy_cmd: [0. 0. 0.]
wbc_obs q (first 5): [-2.97416002e-01 -1.80405230e-04 -4.38790914e-04  7.25618243e-01
 -4.28202093e-01]
wbc_action q (first 5): [-0.25771862  0.01852652 -0.00542558  0.70233554  0.11580913]
arm joint targets: {'left_shoulder_roll_joint': -0.04377610981464386, 'right_shoulder_roll_joint': 0.0, 'left_elbow_joint': 0.0, 'right_elbow_joint': 0.0}

--- WBC DEBUG STEP ---
num_envs: 1
navigate_cmd (vel_x, vel_y, yaw): [0.         0.00237007 0.00722656]
base_height_cmd (height): [0.7494141]
torso_orientation_rpy_cmd: [0. 0. 0.]
wbc_obs q (first 5): [-2.97415495e-01 -1.80844872e-04 -4.39067779e-04  7.25616932e-01
 -4.28201526e-01]
wbc_action q (first 5): [-0.25802228  0.01789274 -0.00563663  0.70290279  0.11511593]
arm joint targets: {'left_shoulder_roll_joint': -0.04377610981464386, 'right_shoulder_roll_joint': 0.0, 'left_elbow_joint': 0.0, 'right_elbow_joint': 0.0}

--- WBC DEBUG STEP ---
num_envs: 1
navigate_cmd (vel_x, vel_y, yaw): [ 0.         -0.00069417  0.00429688]
base_height_cmd (height): [0.75]
torso_orientation_rpy_cmd: [0. 0. 0.]
wbc_obs q (first 5): [-2.97415137e-01 -1.80837800e-04 -4.39164549e-04  7.25616455e-01
 -4.28201377e-01]
wbc_action q (first 5): [-0.25799611  0.01849584 -0.00565282  0.70228624  0.11501844]
arm joint targets: {'left_shoulder_roll_joint': -0.03399151563644409, 'right_shoulder_roll_joint': 0.0, 'left_elbow_joint': 0.0, 'right_elbow_joint': 0.0}

--- WBC DEBUG STEP ---
num_envs: 1
navigate_cmd (vel_x, vel_y, yaw): [0.         0.0004201  0.00429688]
base_height_cmd (height): [0.75]
torso_orientation_rpy_cmd: [0. 0. 0.]
wbc_obs q (first 5): [-2.97415495e-01 -1.81231706e-04 -4.39631578e-04  7.25617111e-01
 -4.28200990e-01]
wbc_action q (first 5): [-0.25805742  0.01841264 -0.00536996  0.70230526  0.11544432]
arm joint targets: {'left_shoulder_roll_joint': -0.04595046490430832, 'right_shoulder_roll_joint': 0.0, 'left_elbow_joint': 0.0, 'right_elbow_joint': 0.0}

--- WBC DEBUG STEP ---
num_envs: 1
navigate_cmd (vel_x, vel_y, yaw): [ 0.         -0.00069417  0.00234375]
base_height_cmd (height): [0.7494141]
torso_orientation_rpy_cmd: [0. 0. 0.]
wbc_obs q (first 5): [-2.97416151e-01 -1.80376388e-04 -4.39290830e-04  7.25618303e-01
 -4.28202093e-01]
wbc_action q (first 5): [-0.25817683  0.01868054 -0.00534738  0.70283866  0.1146815 ]
arm joint targets: {'left_shoulder_roll_joint': -0.05138635262846947, 'right_shoulder_roll_joint': 0.0, 'left_elbow_joint': 0.0, 'right_elbow_joint': 0.0}

--- WBC DEBUG STEP ---
num_envs: 1
navigate_cmd (vel_x, vel_y, yaw): [0.         0.00083795 0.00332031]
base_height_cmd (height): [0.74912107]
torso_orientation_rpy_cmd: [0. 0. 0.]
wbc_obs q (first 5): [-2.97415942e-01 -1.79829498e-04 -4.38277668e-04  7.25618303e-01
 -4.28201824e-01]
wbc_action q (first 5): [-0.25849438  0.01838161 -0.00534854  0.70330906  0.11377226]
arm joint targets: {'left_shoulder_roll_joint': -0.04703764244914055, 'right_shoulder_roll_joint': 0.0, 'left_elbow_joint': 0.0, 'right_elbow_joint': 0.0}

--- WBC DEBUG STEP ---
num_envs: 1
navigate_cmd (vel_x, vel_y, yaw): [0.         0.00097724 0.00429688]
base_height_cmd (height): [0.74970704]
torso_orientation_rpy_cmd: [0. 0. 0.]
wbc_obs q (first 5): [-2.97416449e-01 -1.80043106e-04 -4.38272022e-04  7.25618601e-01
 -4.28201854e-01]
wbc_action q (first 5): [-0.25879481  0.01837467 -0.00537323  0.70264578  0.1135589 ]
arm joint targets: {'left_shoulder_roll_joint': -0.04703764244914055, 'right_shoulder_roll_joint': 0.0, 'left_elbow_joint': 0.0, 'right_elbow_joint': 0.0}

--- WBC DEBUG STEP ---
num_envs: 1
navigate_cmd (vel_x, vel_y, yaw): [0.         0.00104688 0.00527344]
base_height_cmd (height): [0.75]
torso_orientation_rpy_cmd: [0. 0. 0.]
wbc_obs q (first 5): [-2.97415167e-01 -1.80814226e-04 -4.39009804e-04  7.25616932e-01
 -4.28201258e-01]
wbc_action q (first 5): [-0.25840047  0.0183194  -0.0053265   0.70222044  0.11348318]
arm joint targets: {'left_shoulder_roll_joint': -0.05138635262846947, 'right_shoulder_roll_joint': 0.0, 'left_elbow_joint': 0.0, 'right_elbow_joint': 0.0}

--- WBC DEBUG STEP ---
num_envs: 1
navigate_cmd (vel_x, vel_y, yaw): [ 0.         -0.00020668  0.00625   ]
base_height_cmd (height): [0.75]
torso_orientation_rpy_cmd: [0. 0. 0.]
wbc_obs q (first 5): [-2.97415167e-01 -1.80709903e-04 -4.39444237e-04  7.25616574e-01
 -4.28201199e-01]
wbc_action q (first 5): [-0.25839788  0.01831742 -0.0056099   0.70188856  0.11327572]
arm joint targets: {'left_shoulder_roll_joint': -0.0633452981710434, 'right_shoulder_roll_joint': 0.0, 'left_elbow_joint': 0.0, 'right_elbow_joint': 0.0}

--- WBC DEBUG STEP ---
num_envs: 1
navigate_cmd (vel_x, vel_y, yaw): [0.         0.00035046 0.00722656]
base_height_cmd (height): [0.7488281]
torso_orientation_rpy_cmd: [0. 0. 0.]
wbc_obs q (first 5): [-2.97415733e-01 -1.80776391e-04 -4.38909716e-04  7.25617647e-01
 -4.28201973e-01]
wbc_action q (first 5): [-0.25885525  0.01803991 -0.00568828  0.70297015  0.11203028]
arm joint targets: {'left_shoulder_roll_joint': -0.05682223662734032, 'right_shoulder_roll_joint': 0.0, 'left_elbow_joint': 0.0, 'right_elbow_joint': 0.0}

--- WBC DEBUG STEP ---
num_envs: 1
navigate_cmd (vel_x, vel_y, yaw): [0.         0.0012558  0.00429688]
base_height_cmd (height): [0.75]
torso_orientation_rpy_cmd: [0. 0. 0.]
wbc_obs q (first 5): [-2.97415614e-01 -1.80310250e-04 -4.38781659e-04  7.25617588e-01
 -4.28201973e-01]
wbc_action q (first 5): [-0.25859371  0.01833654 -0.00528869  0.70227063  0.11231326]
arm joint targets: {'left_shoulder_roll_joint': -0.062258124351501465, 'right_shoulder_roll_joint': 0.0, 'left_elbow_joint': 0.0, 'right_elbow_joint': 0.0}

--- WBC DEBUG STEP ---
num_envs: 1
navigate_cmd (vel_x, vel_y, yaw): [ 0.         -0.00069417  0.00039063]
base_height_cmd (height): [0.7494141]
torso_orientation_rpy_cmd: [0. 0. 0.]
wbc_obs q (first 5): [-2.97416329e-01 -1.80483563e-04 -4.38340910e-04  7.25618541e-01
 -4.28202063e-01]
wbc_action q (first 5): [-0.25867841  0.01859562 -0.00544251  0.70245194  0.11208113]
arm joint targets: {'left_shoulder_roll_joint': -0.06443247944116592, 'right_shoulder_roll_joint': 0.0, 'left_elbow_joint': 0.0, 'right_elbow_joint': 0.0}

--- WBC DEBUG STEP ---
num_envs: 1
navigate_cmd (vel_x, vel_y, yaw): [0.         0.00111652 0.00625   ]
base_height_cmd (height): [0.7488281]
torso_orientation_rpy_cmd: [0. 0. 0.]
wbc_obs q (first 5): [-2.97416210e-01 -1.80452902e-04 -4.38666524e-04  7.25618660e-01
 -4.28202301e-01]
wbc_action q (first 5): [-0.25919715  0.01814818 -0.00544345  0.70317048  0.11169629]
arm joint targets: {'left_shoulder_roll_joint': -0.0633452981710434, 'right_shoulder_roll_joint': 0.0, 'left_elbow_joint': 0.0, 'right_elbow_joint': 0.0}

--- WBC DEBUG STEP ---
num_envs: 1
navigate_cmd (vel_x, vel_y, yaw): [ 0.         -0.00111202  0.00527344]
base_height_cmd (height): [0.7494141]
torso_orientation_rpy_cmd: [0. 0. 0.]
wbc_obs q (first 5): [-2.97416300e-01 -1.80180330e-04 -4.38451156e-04  7.25618601e-01
 -4.28202122e-01]
wbc_action q (first 5): [-0.25906602  0.0184738  -0.00557417  0.70252931  0.11189456]
arm joint targets: {'left_shoulder_roll_joint': -0.07312989979982376, 'right_shoulder_roll_joint': 0.0, 'left_elbow_joint': 0.0, 'right_elbow_joint': 0.0}

--- WBC DEBUG STEP ---
num_envs: 1
navigate_cmd (vel_x, vel_y, yaw): [0.         0.00014153 0.00429688]
base_height_cmd (height): [0.7494141]
torso_orientation_rpy_cmd: [0. 0. 0.]
wbc_obs q (first 5): [-2.97416061e-01 -1.80421353e-04 -4.38943767e-04  7.25618184e-01
 -4.28201556e-01]
wbc_action q (first 5): [-0.25916243  0.01846236 -0.00529354  0.70267105  0.1116796 ]
arm joint targets: {'left_shoulder_roll_joint': -0.0709555447101593, 'right_shoulder_roll_joint': 0.0, 'left_elbow_joint': 0.0, 'right_elbow_joint': 0.0}

--- WBC DEBUG STEP ---
num_envs: 1
navigate_cmd (vel_x, vel_y, yaw): [0.         0.00097724 0.00820313]
base_height_cmd (height): [0.7488281]
torso_orientation_rpy_cmd: [0. 0. 0.]
wbc_obs q (first 5): [-2.97416031e-01 -1.80549425e-04 -4.38995485e-04  7.25618243e-01
 -4.28201944e-01]
wbc_action q (first 5): [-0.25951296  0.01817865 -0.0053627   0.70317543  0.11100723]
arm joint targets: {'left_shoulder_roll_joint': -0.07747860252857208, 'right_shoulder_roll_joint': 0.0, 'left_elbow_joint': 0.0, 'right_elbow_joint': 0.0}

--- WBC DEBUG STEP ---
num_envs: 1
navigate_cmd (vel_x, vel_y, yaw): [ 0.         -0.00055488  0.00722656]
base_height_cmd (height): [0.7494141]
torso_orientation_rpy_cmd: [0. 0. 0.]
wbc_obs q (first 5): [-2.97415525e-01 -1.80760224e-04 -4.39351512e-04  7.25616872e-01
 -4.28201705e-01]
wbc_action q (first 5): [-0.25950477  0.01847515 -0.00539457  0.70256996  0.1106887 ]
arm joint targets: {'left_shoulder_roll_joint': -0.07965295761823654, 'right_shoulder_roll_joint': 0.0, 'left_elbow_joint': 0.0, 'right_elbow_joint': 0.0}

--- WBC DEBUG STEP ---
num_envs: 1
navigate_cmd (vel_x, vel_y, yaw): [0.0000000e+00 2.2504828e-06 6.2500001e-03]
base_height_cmd (height): [0.7488281]
torso_orientation_rpy_cmd: [0. 0. 0.]
wbc_obs q (first 5): [-2.97415465e-01 -1.80635921e-04 -4.38421761e-04  7.25617170e-01
 -4.28200930e-01]
wbc_action q (first 5): [-0.25968879  0.01840592 -0.00534899  0.70300257  0.11006145]
arm joint targets: {'left_shoulder_roll_joint': -0.081827312707901, 'right_shoulder_roll_joint': 0.0, 'left_elbow_joint': 0.0, 'right_elbow_joint': 0.0}

--- WBC DEBUG STEP ---
num_envs: 1
navigate_cmd (vel_x, vel_y, yaw): [ 0.         -0.00013703  0.00429688]
base_height_cmd (height): [0.74912107]
torso_orientation_rpy_cmd: [0. 0. 0.]
wbc_obs q (first 5): [-2.97415167e-01 -1.80386982e-04 -4.38507966e-04  7.25616872e-01
 -4.28201407e-01]
wbc_action q (first 5): [-0.25979844  0.01850562 -0.00516286  0.70283544  0.10967056]
arm joint targets: {'left_shoulder_roll_joint': -0.08617602288722992, 'right_shoulder_roll_joint': 0.0, 'left_elbow_joint': 0.0, 'right_elbow_joint': 0.0}

--- WBC DEBUG STEP ---
num_envs: 1
navigate_cmd (vel_x, vel_y, yaw): [0.         0.00097724 0.00625   ]
base_height_cmd (height): [0.74794924]
torso_orientation_rpy_cmd: [0. 0. 0.]
wbc_obs q (first 5): [-2.97415644e-01 -1.80310322e-04 -4.38468851e-04  7.25617588e-01
 -4.28201735e-01]
wbc_action q (first 5): [-0.26026142  0.01824545 -0.00511463  0.70398819  0.1084006 ]
arm joint targets: {'left_shoulder_roll_joint': -0.08943755179643631, 'right_shoulder_roll_joint': 0.0, 'left_elbow_joint': 0.0, 'right_elbow_joint': 0.0}

--- WBC DEBUG STEP ---
num_envs: 1
navigate_cmd (vel_x, vel_y, yaw): [0.         0.00055939 0.00527344]
base_height_cmd (height): [0.7488281]
torso_orientation_rpy_cmd: [0. 0. 0.]
wbc_obs q (first 5): [-2.97416121e-01 -1.80310395e-04 -4.38811403e-04  7.25617766e-01
 -4.28201556e-01]
wbc_action q (first 5): [-0.26023993  0.01842589 -0.00512868  0.7033062   0.10806219]
arm joint targets: {'left_shoulder_roll_joint': -0.07965295761823654, 'right_shoulder_roll_joint': 0.0, 'left_elbow_joint': 0.0, 'right_elbow_joint': 0.0}

--- WBC DEBUG STEP ---
num_envs: 1
navigate_cmd (vel_x, vel_y, yaw): [0.         0.00076831 0.00429688]
base_height_cmd (height): [0.7482422]
torso_orientation_rpy_cmd: [0. 0. 0.]
wbc_obs q (first 5): [-2.97415525e-01 -1.80896604e-04 -4.39112715e-04  7.25617170e-01
 -4.28201258e-01]
wbc_action q (first 5): [-0.2603642   0.01824646 -0.0051301   0.70363772  0.10818239]
arm joint targets: {'left_shoulder_roll_joint': -0.07639142870903015, 'right_shoulder_roll_joint': 0.0, 'left_elbow_joint': 0.0, 'right_elbow_joint': 0.0}

--- WBC DEBUG STEP ---
num_envs: 1
navigate_cmd (vel_x, vel_y, yaw): [0.         0.00069867 0.00820313]
base_height_cmd (height): [0.7470703]
torso_orientation_rpy_cmd: [0. 0. 0.]
wbc_obs q (first 5): [-2.97416151e-01 -1.80550356e-04 -4.38835006e-04  7.25619197e-01
 -4.28202599e-01]
wbc_action q (first 5): [-0.26095578  0.01806233 -0.00518003  0.70485532  0.1078196 ]
arm joint targets: {'left_shoulder_roll_joint': -0.07856578379869461, 'right_shoulder_roll_joint': 0.0, 'left_elbow_joint': 0.0, 'right_elbow_joint': 0.0}

--- WBC DEBUG STEP ---
num_envs: 1
navigate_cmd (vel_x, vel_y, yaw): [0.         0.00055939 0.00820313]
base_height_cmd (height): [0.7482422]
torso_orientation_rpy_cmd: [0. 0. 0.]
wbc_obs q (first 5): [-2.97416061e-01 -1.79486698e-04 -4.37657669e-04  7.25618064e-01
 -4.28201944e-01]
wbc_action q (first 5): [-0.26081541  0.0182242  -0.00509364  0.70407248  0.10828276]
arm joint targets: {'left_shoulder_roll_joint': -0.09052473306655884, 'right_shoulder_roll_joint': 0.0, 'left_elbow_joint': 0.0, 'right_elbow_joint': 0.0}

--- WBC DEBUG STEP ---
num_envs: 1
navigate_cmd (vel_x, vel_y, yaw): [0.         0.00097724 0.00429688]
base_height_cmd (height): [0.7464844]
torso_orientation_rpy_cmd: [0. 0. 0.]
wbc_obs q (first 5): [-2.97416240e-01 -1.79609691e-04 -4.37432551e-04  7.25618601e-01
 -4.28201824e-01]
wbc_action q (first 5): [-0.26116535  0.01824581 -0.00502471  0.70573545  0.1069719 ]
arm joint targets: {'left_shoulder_roll_joint': -0.07530424743890762, 'right_shoulder_roll_joint': 0.0, 'left_elbow_joint': 0.0, 'right_elbow_joint': 0.0}

--- WBC DEBUG STEP ---
num_envs: 1
navigate_cmd (vel_x, vel_y, yaw): [0.         0.00181294 0.00039063]
base_height_cmd (height): [0.74677736]
torso_orientation_rpy_cmd: [0. 0. 0.]
wbc_obs q (first 5): [-2.97415972e-01 -1.79621507e-04 -4.36326751e-04  7.25616932e-01
 -4.28201497e-01]
wbc_action q (first 5): [-0.26155034  0.01845108 -0.00471781  0.70579982  0.10689358]
arm joint targets: {'left_shoulder_roll_joint': -0.08400166779756546, 'right_shoulder_roll_joint': 0.0, 'left_elbow_joint': 0.0, 'right_elbow_joint': 0.0}

--- WBC DEBUG STEP ---
num_envs: 1
navigate_cmd (vel_x, vel_y, yaw): [0.         0.0004201  0.00820313]
base_height_cmd (height): [0.7464844]
torso_orientation_rpy_cmd: [0. 0. 0.]
wbc_obs q (first 5): [-2.97416091e-01 -1.79049603e-04 -4.34466754e-04  7.25618005e-01
 -4.28201824e-01]
wbc_action q (first 5): [-0.26191488  0.01852916 -0.00499555  0.70610082  0.10654838]
arm joint targets: {'left_shoulder_roll_joint': -0.07530424743890762, 'right_shoulder_roll_joint': 0.0, 'left_elbow_joint': 0.0, 'right_elbow_joint': 0.0}

--- WBC DEBUG STEP ---
num_envs: 1
navigate_cmd (vel_x, vel_y, yaw): [0.         0.00076831 0.00429688]
base_height_cmd (height): [0.7458984]
torso_orientation_rpy_cmd: [0. 0. 0.]
wbc_obs q (first 5): [-2.97416538e-01 -1.78300616e-04 -4.33556910e-04  7.25619078e-01
 -4.28203046e-01]
wbc_action q (first 5): [-0.26218012  0.0185009  -0.00494124  0.70660806  0.10633476]
arm joint targets: {'left_shoulder_roll_joint': -0.081827312707901, 'right_shoulder_roll_joint': 0.0, 'left_elbow_joint': 0.0, 'right_elbow_joint': 0.0}

--- WBC DEBUG STEP ---
num_envs: 1
navigate_cmd (vel_x, vel_y, yaw): [0.         0.00097724 0.00625   ]
base_height_cmd (height): [0.74472654]
torso_orientation_rpy_cmd: [0. 0. 0.]
wbc_obs q (first 5): [-2.97415674e-01 -1.78439514e-04 -4.33333276e-04  7.25617409e-01
 -4.28201616e-01]
wbc_action q (first 5): [-0.26279044  0.01833243 -0.00501125  0.70793182  0.1052842 ]
arm joint targets: {'left_shoulder_roll_joint': -0.08835037797689438, 'right_shoulder_roll_joint': 0.0, 'left_elbow_joint': 0.0, 'right_elbow_joint': 0.0}

--- WBC DEBUG STEP ---
num_envs: 1
navigate_cmd (vel_x, vel_y, yaw): [0.         0.0012558  0.00332031]
base_height_cmd (height): [0.7441406]
torso_orientation_rpy_cmd: [0. 0. 0.]
wbc_obs q (first 5): [-2.97416389e-01 -1.77702997e-04 -4.32299043e-04  7.25618184e-01
 -4.28201914e-01]
wbc_action q (first 5): [-0.26356003  0.01846733 -0.00480841  0.70889747  0.10379671]
arm joint targets: {'left_shoulder_roll_joint': -0.06878118962049484, 'right_shoulder_roll_joint': 0.0, 'left_elbow_joint': 0.0, 'right_elbow_joint': 0.0}

--- WBC DEBUG STEP ---
num_envs: 1
navigate_cmd (vel_x, vel_y, yaw): [ 0.         -0.0004156   0.00234375]
base_height_cmd (height): [0.7453125]
torso_orientation_rpy_cmd: [0. 0. 0.]
wbc_obs q (first 5): [-2.97416896e-01 -1.79281604e-04 -4.35556867e-04  7.25619256e-01
 -4.28202629e-01]
wbc_action q (first 5): [-0.26359844  0.01897613 -0.00476549  0.70779055  0.10437889]
arm joint targets: {'left_shoulder_roll_joint': -0.07856578379869461, 'right_shoulder_roll_joint': 0.0, 'left_elbow_joint': 0.0, 'right_elbow_joint': 0.0}

--- WBC DEBUG STEP ---
num_envs: 1
navigate_cmd (vel_x, vel_y, yaw): [ 0.         -0.0004156   0.00527344]
base_height_cmd (height): [0.7444336]
torso_orientation_rpy_cmd: [0. 0. 0.]
wbc_obs q (first 5): [-2.97415763e-01 -1.77286303e-04 -4.31179913e-04  7.25617170e-01
 -4.28201884e-01]
wbc_action q (first 5): [-0.26368138  0.01892196 -0.00483391  0.70852065  0.10381119]
arm joint targets: {'left_shoulder_roll_joint': -0.08074013888835907, 'right_shoulder_roll_joint': 0.0, 'left_elbow_joint': 0.0, 'right_elbow_joint': 0.0}

--- WBC DEBUG STEP ---
num_envs: 1
navigate_cmd (vel_x, vel_y, yaw): [0.         0.00209151 0.00234375]
base_height_cmd (height): [0.74296874]
torso_orientation_rpy_cmd: [0. 0. 0.]
wbc_obs q (first 5): [-2.97416002e-01 -1.77336507e-04 -4.30766784e-04  7.25618005e-01
 -4.28202063e-01]
wbc_action q (first 5): [-0.26445633  0.01853616 -0.00464164  0.71023822  0.10227431]
arm joint targets: {'left_shoulder_roll_joint': -0.0709555447101593, 'right_shoulder_roll_joint': 0.0, 'left_elbow_joint': 0.0, 'right_elbow_joint': 0.0}

--- WBC DEBUG STEP ---
num_envs: 1
navigate_cmd (vel_x, vel_y, yaw): [0.         0.00083795 0.00039063]
base_height_cmd (height): [0.74296874]
torso_orientation_rpy_cmd: [0. 0. 0.]
wbc_obs q (first 5): [-2.97415853e-01 -1.77678681e-04 -4.31597116e-04  7.25617051e-01
 -4.28201437e-01]
wbc_action q (first 5): [-0.26493967  0.01890464 -0.00454781  0.71050072  0.10145904]
arm joint targets: {'left_shoulder_roll_joint': -0.081827312707901, 'right_shoulder_roll_joint': 0.0, 'left_elbow_joint': 0.0, 'right_elbow_joint': 0.0}

--- WBC DEBUG STEP ---
num_envs: 1
navigate_cmd (vel_x, vel_y, yaw): [0.         0.00097724 0.00136719]
base_height_cmd (height): [0.7488281]
torso_orientation_rpy_cmd: [0. 0. 0.]
wbc_obs q (first 5): [-2.97416240e-01 -1.77319831e-04 -4.30132292e-04  7.25617886e-01
 -4.28201884e-01]
wbc_action q (first 5): [-0.26333991  0.01941315 -0.0044932   0.70506656  0.10412772]
arm joint targets: {'left_shoulder_roll_joint': -0.020945388823747635, 'right_shoulder_roll_joint': 0.0, 'left_elbow_joint': 0.0, 'right_elbow_joint': 0.0}

--- WBC DEBUG STEP ---
num_envs: 1
navigate_cmd (vel_x, vel_y, yaw): [0.         0.00264864 0.00332031]
base_height_cmd (height): [0.74970704]
torso_orientation_rpy_cmd: [0. 0. 0.]
wbc_obs q (first 5): [-2.97416329e-01 -1.76902555e-04 -4.29279229e-04  7.25618243e-01
 -4.28202599e-01]
wbc_action q (first 5): [-0.26063108  0.01955173 -0.00378796  0.70370084  0.10893516]
arm joint targets: {'left_shoulder_roll_joint': -0.022032566368579865, 'right_shoulder_roll_joint': 0.0, 'left_elbow_joint': 0.0, 'right_elbow_joint': 0.0}

--- WBC DEBUG STEP ---
num_envs: 1
navigate_cmd (vel_x, vel_y, yaw): [0.         0.00139509 0.00039063]
base_height_cmd (height): [0.75]
torso_orientation_rpy_cmd: [0. 0. 0.]
wbc_obs q (first 5): [-2.97416031e-01 -1.77360824e-04 -4.30137618e-04  7.25617826e-01
 -4.28202361e-01]
wbc_action q (first 5): [-0.25904322  0.01948405 -0.00405116  0.70334744  0.11222081]
arm joint targets: {'left_shoulder_roll_joint': -0.016596680507063866, 'right_shoulder_roll_joint': 0.0, 'left_elbow_joint': 0.0, 'right_elbow_joint': 0.0}

--- WBC DEBUG STEP ---
num_envs: 1
navigate_cmd (vel_x, vel_y, yaw): [0.         0.00181294 0.00136719]
base_height_cmd (height): [0.75]
torso_orientation_rpy_cmd: [0. 0. 0.]
wbc_obs q (first 5): [-2.97415495e-01 -1.76940186e-04 -4.30214277e-04  7.25617111e-01
 -4.28202063e-01]
wbc_action q (first 5): [-0.25802588  0.01918702 -0.00429443  0.70336521  0.11452122]
arm joint targets: {'left_shoulder_roll_joint': -0.027468452230095863, 'right_shoulder_roll_joint': 0.0, 'left_elbow_joint': 0.0, 'right_elbow_joint': 0.0}

--- WBC DEBUG STEP ---
num_envs: 1
navigate_cmd (vel_x, vel_y, yaw): [0.         0.00181294 0.00429688]
base_height_cmd (height): [0.7482422]
torso_orientation_rpy_cmd: [0. 0. 0.]
wbc_obs q (first 5): [-2.97415882e-01 -1.77629699e-04 -4.31244785e-04  7.25617826e-01
 -4.28202182e-01]
wbc_action q (first 5): [-0.25829545  0.01884144 -0.0047201   0.70500016  0.11462064]
arm joint targets: {'left_shoulder_roll_joint': -0.029642807319760323, 'right_shoulder_roll_joint': 0.0, 'left_elbow_joint': 0.0, 'right_elbow_joint': 0.0}

--- WBC DEBUG STEP ---
num_envs: 1
navigate_cmd (vel_x, vel_y, yaw): [0.         0.00195222 0.00429688]
base_height_cmd (height): [0.75]
torso_orientation_rpy_cmd: [0. 0. 0.]
wbc_obs q (first 5): [-2.97415912e-01 -1.77299691e-04 -4.30751097e-04  7.25617528e-01
 -4.28201586e-01]
wbc_action q (first 5): [-0.25809437  0.01891531 -0.00495839  0.70343965  0.11625348]
arm joint targets: {'left_shoulder_roll_joint': -0.016596680507063866, 'right_shoulder_roll_joint': 0.0, 'left_elbow_joint': 0.0, 'right_elbow_joint': 0.0}

--- WBC DEBUG STEP ---
num_envs: 1
navigate_cmd (vel_x, vel_y, yaw): [0.         0.00097724 0.00429688]
base_height_cmd (height): [0.75]
torso_orientation_rpy_cmd: [0. 0. 0.]
wbc_obs q (first 5): [-2.97415674e-01 -1.77962691e-04 -4.31469904e-04  7.25616395e-01
 -4.28201020e-01]
wbc_action q (first 5): [-0.2575222   0.01915049 -0.00508248  0.70299131  0.11790271]
arm joint targets: {'left_shoulder_roll_joint': -0.016596680507063866, 'right_shoulder_roll_joint': 0.0, 'left_elbow_joint': 0.0, 'right_elbow_joint': 0.0}

--- WBC DEBUG STEP ---
num_envs: 1
navigate_cmd (vel_x, vel_y, yaw): [0.         0.00278792 0.00722656]
base_height_cmd (height): [0.75]
torso_orientation_rpy_cmd: [0. 0. 0.]
wbc_obs q (first 5): [-2.97415555e-01 -1.77485257e-04 -4.30998713e-04  7.25617230e-01
 -4.28201556e-01]
wbc_action q (first 5): [-0.25730857  0.01850024 -0.00518434  0.70295382  0.118751  ]
arm joint targets: {'left_shoulder_roll_joint': -0.019858213141560555, 'right_shoulder_roll_joint': 0.0, 'left_elbow_joint': 0.0, 'right_elbow_joint': 0.0}

--- WBC DEBUG STEP ---
num_envs: 1
navigate_cmd (vel_x, vel_y, yaw): [0.         0.0012558  0.00917969]
base_height_cmd (height): [0.75]
torso_orientation_rpy_cmd: [0. 0. 0.]
wbc_obs q (first 5): [-2.97415495e-01 -1.77475973e-04 -4.30782267e-04  7.25616634e-01
 -4.28201705e-01]
wbc_action q (first 5): [-0.25726357  0.01846786 -0.00537384  0.70290673  0.11875148]
arm joint targets: {'left_shoulder_roll_joint': -0.016596680507063866, 'right_shoulder_roll_joint': 0.0, 'left_elbow_joint': 0.0, 'right_elbow_joint': 0.0}

--- WBC DEBUG STEP ---
num_envs: 1
navigate_cmd (vel_x, vel_y, yaw): [0.         0.00097724 0.00429688]
base_height_cmd (height): [0.75]
torso_orientation_rpy_cmd: [0. 0. 0.]
wbc_obs q (first 5): [-2.97416210e-01 -1.77787093e-04 -4.30836633e-04  7.25617647e-01
 -4.28201526e-01]
wbc_action q (first 5): [-0.2572298   0.01853022 -0.00531313  0.70274854  0.11855449]
arm joint targets: {'left_shoulder_roll_joint': -0.013335148803889751, 'right_shoulder_roll_joint': 0.0, 'left_elbow_joint': 0.0, 'right_elbow_joint': 0.0}

--- WBC DEBUG STEP ---
num_envs: 1
navigate_cmd (vel_x, vel_y, yaw): [0.         0.00292721 0.00722656]
base_height_cmd (height): [0.75]
torso_orientation_rpy_cmd: [0. 0. 0.]
wbc_obs q (first 5): [-2.97415435e-01 -1.77285096e-04 -4.30737331e-04  7.25616395e-01
 -4.28200901e-01]
wbc_action q (first 5): [-0.25731209  0.01805204 -0.00532761  0.7026903   0.11835293]
arm joint targets: {'left_shoulder_roll_joint': -0.022032566368579865, 'right_shoulder_roll_joint': 0.0, 'left_elbow_joint': 0.0, 'right_elbow_joint': 0.0}

--- WBC DEBUG STEP ---
num_envs: 1
navigate_cmd (vel_x, vel_y, yaw): [0.         0.00160401 0.00332031]
base_height_cmd (height): [0.75]
torso_orientation_rpy_cmd: [0. 0. 0.]
wbc_obs q (first 5): [-2.97415346e-01 -1.77688475e-04 -4.31016088e-04  7.25616813e-01
 -4.28201526e-01]
wbc_action q (first 5): [-0.25731283  0.01841279 -0.00517271  0.70282388  0.11763205]
arm joint targets: {'left_shoulder_roll_joint': -0.012247972190380096, 'right_shoulder_roll_joint': 0.0, 'left_elbow_joint': 0.0, 'right_elbow_joint': 0.0}

--- WBC DEBUG STEP ---
num_envs: 1
navigate_cmd (vel_x, vel_y, yaw): [0.         0.00209151 0.00527344]
base_height_cmd (height): [0.75]
torso_orientation_rpy_cmd: [0. 0. 0.]
wbc_obs q (first 5): [-2.97415525e-01 -1.77971277e-04 -4.31644556e-04  7.25616813e-01
 -4.28201437e-01]
wbc_action q (first 5): [-0.25751144  0.01825507 -0.00523523  0.70275861  0.11746724]
arm joint targets: {'left_shoulder_roll_joint': -0.015509502962231636, 'right_shoulder_roll_joint': 0.0, 'left_elbow_joint': 0.0, 'right_elbow_joint': 0.0}

--- WBC DEBUG STEP ---
num_envs: 1
navigate_cmd (vel_x, vel_y, yaw): [0.         0.00139509 0.00625   ]
base_height_cmd (height): [0.7488281]
torso_orientation_rpy_cmd: [0. 0. 0.]
wbc_obs q (first 5): [-2.97416240e-01 -1.77262293e-04 -4.30595799e-04  7.25618184e-01
 -4.28201973e-01]
wbc_action q (first 5): [-0.25802094  0.0181716  -0.00540638  0.70380569  0.11658959]
arm joint targets: {'left_shoulder_roll_joint': -0.014422326348721981, 'right_shoulder_roll_joint': 0.0, 'left_elbow_joint': 0.0, 'right_elbow_joint': 0.0}

--- WBC DEBUG STEP ---
num_envs: 1
navigate_cmd (vel_x, vel_y, yaw): [0.         0.00167365 0.00527344]
base_height_cmd (height): [0.74912107]
torso_orientation_rpy_cmd: [0. 0. 0.]
wbc_obs q (first 5): [-2.97415942e-01 -1.77291877e-04 -4.30331129e-04  7.25617528e-01
 -4.28201497e-01]
wbc_action q (first 5): [-0.25831676  0.0182288  -0.00531617  0.70378828  0.11633842]
arm joint targets: {'left_shoulder_roll_joint': -0.014422326348721981, 'right_shoulder_roll_joint': 0.0, 'left_elbow_joint': 0.0, 'right_elbow_joint': 0.0}

--- WBC DEBUG STEP ---
num_envs: 1
navigate_cmd (vel_x, vel_y, yaw): [0.         0.0012558  0.00234375]
base_height_cmd (height): [0.7482422]
torso_orientation_rpy_cmd: [0. 0. 0.]
wbc_obs q (first 5): [-2.97416031e-01 -1.77636844e-04 -4.30847256e-04  7.25618362e-01
 -4.28202510e-01]
wbc_action q (first 5): [-0.25873357  0.01835004 -0.00526029  0.7046268   0.11554511]
arm joint targets: {'left_shoulder_roll_joint': -0.011160794645547867, 'right_shoulder_roll_joint': 0.0, 'left_elbow_joint': 0.0, 'right_elbow_joint': 0.0}

--- WBC DEBUG STEP ---
num_envs: 1
navigate_cmd (vel_x, vel_y, yaw): [0.         0.00055939 0.00527344]
base_height_cmd (height): [0.74912107]
torso_orientation_rpy_cmd: [0. 0. 0.]
wbc_obs q (first 5): [-2.97416300e-01 -1.77189737e-04 -4.30481829e-04  7.25618422e-01
 -4.28202391e-01]
wbc_action q (first 5): [-0.25878239  0.01839736 -0.00542192  0.70381665  0.11567356]
arm joint targets: {'left_shoulder_roll_joint': -0.010073617100715637, 'right_shoulder_roll_joint': 0.0, 'left_elbow_joint': 0.0, 'right_elbow_joint': 0.0}

--- WBC DEBUG STEP ---
num_envs: 1
navigate_cmd (vel_x, vel_y, yaw): [0.         0.00111652 0.00625   ]
base_height_cmd (height): [0.75]
torso_orientation_rpy_cmd: [0. 0. 0.]
wbc_obs q (first 5): [-2.97416180e-01 -1.77057867e-04 -4.30249464e-04  7.25618064e-01
 -4.28201765e-01]
wbc_action q (first 5): [-0.25828293  0.01834595 -0.0054833   0.70278859  0.11626996]
arm joint targets: {'left_shoulder_roll_joint': -0.025294099003076553, 'right_shoulder_roll_joint': 0.0, 'left_elbow_joint': 0.0, 'right_elbow_joint': 0.0}

--- WBC DEBUG STEP ---
num_envs: 1
navigate_cmd (vel_x, vel_y, yaw): [0.         0.00014153 0.00234375]
base_height_cmd (height): [0.7488281]
torso_orientation_rpy_cmd: [0. 0. 0.]
wbc_obs q (first 5): [-2.97415793e-01 -1.77459238e-04 -4.30694170e-04  7.25617826e-01
 -4.28201735e-01]
wbc_action q (first 5): [-0.25833258  0.01842213 -0.00562869  0.70367038  0.11522652]
arm joint targets: {'left_shoulder_roll_joint': -0.013335148803889751, 'right_shoulder_roll_joint': 0.0, 'left_elbow_joint': 0.0, 'right_elbow_joint': 0.0}

--- WBC DEBUG STEP ---
num_envs: 1
navigate_cmd (vel_x, vel_y, yaw): [0.         0.00035046 0.00625   ]
base_height_cmd (height): [0.74853516]
torso_orientation_rpy_cmd: [0. 0. 0.]
wbc_obs q (first 5): [-2.97415793e-01 -1.77610767e-04 -4.30768647e-04  7.25617409e-01
 -4.28201973e-01]
wbc_action q (first 5): [-0.25871232  0.0183135  -0.00570668  0.70402837  0.11490707]
arm joint targets: {'left_shoulder_roll_joint': -0.023119743913412094, 'right_shoulder_roll_joint': 0.0, 'left_elbow_joint': 0.0, 'right_elbow_joint': 0.0}

--- WBC DEBUG STEP ---
num_envs: 1
navigate_cmd (vel_x, vel_y, yaw): [ 0.         -0.00013703  0.00625   ]
base_height_cmd (height): [0.7488281]
torso_orientation_rpy_cmd: [0. 0. 0.]
wbc_obs q (first 5): [-2.97415942e-01 -1.76919159e-04 -4.29649343e-04  7.25618124e-01
 -4.28202152e-01]
wbc_action q (first 5): [-0.25897908  0.01839546 -0.00574933  0.70380938  0.11465518]
arm joint targets: {'left_shoulder_roll_joint': -0.024206921458244324, 'right_shoulder_roll_joint': 0.0, 'left_elbow_joint': 0.0, 'right_elbow_joint': 0.0}

--- WBC DEBUG STEP ---
num_envs: 1
navigate_cmd (vel_x, vel_y, yaw): [0.         0.00055939 0.00429688]
base_height_cmd (height): [0.75]
torso_orientation_rpy_cmd: [0. 0. 0.]
wbc_obs q (first 5): [-2.97416389e-01 -1.76869959e-04 -4.30283777e-04  7.25618422e-01
 -4.28202510e-01]
wbc_action q (first 5): [-0.25860602  0.0185573  -0.00549444  0.70274991  0.1149943 ]
arm joint targets: {'left_shoulder_roll_joint': -0.013335148803889751, 'right_shoulder_roll_joint': 0.0, 'left_elbow_joint': 0.0, 'right_elbow_joint': 0.0}

--- WBC DEBUG STEP ---
num_envs: 1
navigate_cmd (vel_x, vel_y, yaw): [0.         0.00160401 0.00429688]
base_height_cmd (height): [0.7488281]
torso_orientation_rpy_cmd: [0. 0. 0.]
wbc_obs q (first 5): [-2.97416031e-01 -1.78187314e-04 -4.31444816e-04  7.25617290e-01
 -4.28201765e-01]
wbc_action q (first 5): [-0.25860077  0.0182489  -0.00543512  0.7036258   0.11474846]
arm joint targets: {'left_shoulder_roll_joint': -0.022032566368579865, 'right_shoulder_roll_joint': 0.0, 'left_elbow_joint': 0.0, 'right_elbow_joint': 0.0}

--- WBC DEBUG STEP ---
num_envs: 1
navigate_cmd (vel_x, vel_y, yaw): [0.         0.00139509 0.00527344]
base_height_cmd (height): [0.7476562]
torso_orientation_rpy_cmd: [0. 0. 0.]
wbc_obs q (first 5): [-2.97416598e-01 -1.77198817e-04 -4.30573709e-04  7.25618482e-01
 -4.28201795e-01]
wbc_action q (first 5): [-0.25939405  0.01805889 -0.00552655  0.70490992  0.1134709 ]
arm joint targets: {'left_shoulder_roll_joint': -0.03399151563644409, 'right_shoulder_roll_joint': 0.0, 'left_elbow_joint': 0.0, 'right_elbow_joint': 0.0}

--- WBC DEBUG STEP ---
num_envs: 1
navigate_cmd (vel_x, vel_y, yaw): [0.0000000e+00 2.2504828e-06 6.2500001e-03]
base_height_cmd (height): [0.7482422]
torso_orientation_rpy_cmd: [0. 0. 0.]
wbc_obs q (first 5): [-2.97416419e-01 -1.77244292e-04 -4.30505548e-04  7.25618899e-01
 -4.28202391e-01]
wbc_action q (first 5): [-0.25977874  0.01846027 -0.00557028  0.70455217  0.11249818]
arm joint targets: {'left_shoulder_roll_joint': -0.029642807319760323, 'right_shoulder_roll_joint': 0.0, 'left_elbow_joint': 0.0, 'right_elbow_joint': 0.0}

--- WBC DEBUG STEP ---
num_envs: 1
navigate_cmd (vel_x, vel_y, yaw): [0.        0.0004201 0.00625  ]
base_height_cmd (height): [0.7488281]
torso_orientation_rpy_cmd: [0. 0. 0.]
wbc_obs q (first 5): [-2.97416121e-01 -1.77477821e-04 -4.31104738e-04  7.25618362e-01
 -4.28202212e-01]
wbc_action q (first 5): [-0.25970492  0.01844899 -0.0055559   0.70374554  0.11224462]
arm joint targets: {'left_shoulder_roll_joint': -0.03834022581577301, 'right_shoulder_roll_joint': 0.0, 'left_elbow_joint': 0.0, 'right_elbow_joint': 0.0}

--- WBC DEBUG STEP ---
num_envs: 1
navigate_cmd (vel_x, vel_y, yaw): [0.         0.00153437 0.00429688]
base_height_cmd (height): [0.7494141]
torso_orientation_rpy_cmd: [0. 0. 0.]
wbc_obs q (first 5): [-2.97415584e-01 -1.78017915e-04 -4.31217282e-04  7.25617409e-01
 -4.28201854e-01]
wbc_action q (first 5): [-0.25936592  0.01842751 -0.00540937  0.70314837  0.11199193]
arm joint targets: {'left_shoulder_roll_joint': -0.03290433809161186, 'right_shoulder_roll_joint': 0.0, 'left_elbow_joint': 0.0, 'right_elbow_joint': 0.0}

--- WBC DEBUG STEP ---
num_envs: 1
navigate_cmd (vel_x, vel_y, yaw): [0.         0.00153437 0.00820313]
base_height_cmd (height): [0.7488281]
torso_orientation_rpy_cmd: [0. 0. 0.]
wbc_obs q (first 5): [-2.97416180e-01 -1.77571215e-04 -4.30654211e-04  7.25617945e-01
 -4.28201735e-01]
wbc_action q (first 5): [-0.25960287  0.01818106 -0.00559725  0.70340312  0.11175261]
arm joint targets: {'left_shoulder_roll_joint': -0.03181716054677963, 'right_shoulder_roll_joint': 0.0, 'left_elbow_joint': 0.0, 'right_elbow_joint': 0.0}

--- WBC DEBUG STEP ---
num_envs: 1
navigate_cmd (vel_x, vel_y, yaw): [0.         0.00153437 0.00722656]
base_height_cmd (height): [0.7488281]
torso_orientation_rpy_cmd: [0. 0. 0.]
wbc_obs q (first 5): [-2.97415853e-01 -1.77823444e-04 -4.31001390e-04  7.25617230e-01
 -4.28201616e-01]
wbc_action q (first 5): [-0.25949839  0.01812677 -0.00550778  0.7034148   0.11147054]
arm joint targets: {'left_shoulder_roll_joint': -0.03616587072610855, 'right_shoulder_roll_joint': 0.0, 'left_elbow_joint': 0.0, 'right_elbow_joint': 0.0}

--- WBC DEBUG STEP ---
num_envs: 1
navigate_cmd (vel_x, vel_y, yaw): [ 0.         -0.00020668  0.00625   ]
base_height_cmd (height): [0.7488281]
torso_orientation_rpy_cmd: [0. 0. 0.]
wbc_obs q (first 5): [-2.97416240e-01 -1.77396112e-04 -4.30540676e-04  7.25617886e-01
 -4.28202152e-01]
wbc_action q (first 5): [-0.25958106  0.01830635 -0.00561739  0.70324755  0.11132927]
arm joint targets: {'left_shoulder_roll_joint': -0.03942740336060524, 'right_shoulder_roll_joint': 0.0, 'left_elbow_joint': 0.0, 'right_elbow_joint': 0.0}

--- WBC DEBUG STEP ---
num_envs: 1
navigate_cmd (vel_x, vel_y, yaw): [0.         0.00153437 0.00429688]
base_height_cmd (height): [0.7470703]
torso_orientation_rpy_cmd: [0. 0. 0.]
wbc_obs q (first 5): [-2.97416180e-01 -1.77517897e-04 -4.30882676e-04  7.25618243e-01
 -4.28202212e-01]
wbc_action q (first 5): [-0.26030102  0.01790153 -0.00555028  0.70489103  0.11007066]
arm joint targets: {'left_shoulder_roll_joint': -0.04921199753880501, 'right_shoulder_roll_joint': 0.0, 'left_elbow_joint': 0.0, 'right_elbow_joint': 0.0}

--- WBC DEBUG STEP ---
num_envs: 1
navigate_cmd (vel_x, vel_y, yaw): [ 0.         -0.00027632  0.00429688]
base_height_cmd (height): [0.74794924]
torso_orientation_rpy_cmd: [0. 0. 0.]
wbc_obs q (first 5): [-2.97415823e-01 -1.77145892e-04 -4.30206012e-04  7.25616872e-01
 -4.28201497e-01]
wbc_action q (first 5): [-0.26056141  0.01851286 -0.00542634  0.70434773  0.10932989]
arm joint targets: {'left_shoulder_roll_joint': -0.04921199753880501, 'right_shoulder_roll_joint': 0.0, 'left_elbow_joint': 0.0, 'right_elbow_joint': 0.0}

--- WBC DEBUG STEP ---
num_envs: 1
navigate_cmd (vel_x, vel_y, yaw): [0.        0.0004201 0.00625  ]
base_height_cmd (height): [0.7476562]
torso_orientation_rpy_cmd: [0. 0. 0.]
wbc_obs q (first 5): [-2.97415316e-01 -1.77016540e-04 -4.30040673e-04  7.25616395e-01
 -4.28201199e-01]
wbc_action q (first 5): [-0.26088959  0.01851988 -0.00534819  0.70454377  0.10870396]
arm joint targets: {'left_shoulder_roll_joint': -0.057909414172172546, 'right_shoulder_roll_joint': 0.0, 'left_elbow_joint': 0.0, 'right_elbow_joint': 0.0}

--- WBC DEBUG STEP ---
num_envs: 1
navigate_cmd (vel_x, vel_y, yaw): [ 0.         -0.00097274  0.00917969]
base_height_cmd (height): [0.7494141]
torso_orientation_rpy_cmd: [0. 0. 0.]
wbc_obs q (first 5): [-2.97416180e-01 -1.76811445e-04 -4.29637585e-04  7.25617766e-01
 -4.28201646e-01]
wbc_action q (first 5): [-0.26053485  0.01874213 -0.00560725  0.70259905  0.10903411]
arm joint targets: {'left_shoulder_roll_joint': -0.060083769261837006, 'right_shoulder_roll_joint': 0.0, 'left_elbow_joint': 0.0, 'right_elbow_joint': 0.0}

--- WBC DEBUG STEP ---
num_envs: 1
navigate_cmd (vel_x, vel_y, yaw): [0.         0.00195222 0.01015625]
base_height_cmd (height): [0.7488281]
torso_orientation_rpy_cmd: [0. 0. 0.]
wbc_obs q (first 5): [-2.97416180e-01 -1.77489448e-04 -4.31020424e-04  7.25618362e-01
 -4.28202122e-01]
wbc_action q (first 5): [-0.26030052  0.01813698 -0.00545811  0.70296812  0.10871573]
arm joint targets: {'left_shoulder_roll_joint': -0.05573505908250809, 'right_shoulder_roll_joint': 0.0, 'left_elbow_joint': 0.0, 'right_elbow_joint': 0.0}

--- WBC DEBUG STEP ---
num_envs: 1
navigate_cmd (vel_x, vel_y, yaw): [0.         0.00181294 0.00527344]
base_height_cmd (height): [0.74853516]
torso_orientation_rpy_cmd: [0. 0. 0.]
wbc_obs q (first 5): [-2.97415733e-01 -1.77756127e-04 -4.30766726e-04  7.25617290e-01
 -4.28201228e-01]
wbc_action q (first 5): [-0.26018727  0.01814799 -0.00529806  0.7031908   0.10816611]
arm joint targets: {'left_shoulder_roll_joint': -0.061170946806669235, 'right_shoulder_roll_joint': 0.0, 'left_elbow_joint': 0.0, 'right_elbow_joint': 0.0}

--- WBC DEBUG STEP ---
num_envs: 1
navigate_cmd (vel_x, vel_y, yaw): [0.        0.0012558 0.00625  ]
base_height_cmd (height): [0.7482422]
torso_orientation_rpy_cmd: [0. 0. 0.]
wbc_obs q (first 5): [-2.97416329e-01 -1.77271140e-04 -4.30410873e-04  7.25618362e-01
 -4.28201795e-01]
wbc_action q (first 5): [-0.26057261  0.01803781 -0.00534447  0.70350897  0.10773934]
arm joint targets: {'left_shoulder_roll_joint': -0.06443247944116592, 'right_shoulder_roll_joint': 0.0, 'left_elbow_joint': 0.0, 'right_elbow_joint': 0.0}

--- WBC DEBUG STEP ---
num_envs: 1
navigate_cmd (vel_x, vel_y, yaw): [0.         0.00139509 0.00429688]
base_height_cmd (height): [0.7476562]
torso_orientation_rpy_cmd: [0. 0. 0.]
wbc_obs q (first 5): [-2.97416180e-01 -1.77715003e-04 -4.30760381e-04  7.25617945e-01
 -4.28202242e-01]
wbc_action q (first 5): [-0.26083103  0.01820726 -0.00506294  0.70423484  0.10686217]
arm joint targets: {'left_shoulder_roll_joint': -0.06769400835037231, 'right_shoulder_roll_joint': 0.0, 'left_elbow_joint': 0.0, 'right_elbow_joint': 0.0}

--- WBC DEBUG STEP ---
num_envs: 1
navigate_cmd (vel_x, vel_y, yaw): [0.         0.00181294 0.00527344]
base_height_cmd (height): [0.7458984]
torso_orientation_rpy_cmd: [0. 0. 0.]
wbc_obs q (first 5): [-2.97415882e-01 -1.77829133e-04 -4.31607943e-04  7.25617826e-01
 -4.28201854e-01]
wbc_action q (first 5): [-0.26176095  0.017984   -0.00514498  0.70604241  0.10534604]
arm joint targets: {'left_shoulder_roll_joint': -0.06660683453083038, 'right_shoulder_roll_joint': 0.0, 'left_elbow_joint': 0.0, 'right_elbow_joint': 0.0}

--- WBC DEBUG STEP ---
num_envs: 1
navigate_cmd (vel_x, vel_y, yaw): [0.         0.00202186 0.00429688]
base_height_cmd (height): [0.7444336]
torso_orientation_rpy_cmd: [0. 0. 0.]
wbc_obs q (first 5): [-2.97415376e-01 -1.76980990e-04 -4.29825363e-04  7.25616574e-01
 -4.28201675e-01]
wbc_action q (first 5): [-0.26301214  0.01811943 -0.0050108   0.70781302  0.10370894]
arm joint targets: {'left_shoulder_roll_joint': -0.06551965326070786, 'right_shoulder_roll_joint': 0.0, 'left_elbow_joint': 0.0, 'right_elbow_joint': 0.0}

--- WBC DEBUG STEP ---
num_envs: 1
navigate_cmd (vel_x, vel_y, yaw): [0.         0.00083795 0.00234375]
base_height_cmd (height): [0.7458984]
torso_orientation_rpy_cmd: [0. 0. 0.]
wbc_obs q (first 5): [-2.97416776e-01 -1.77085429e-04 -4.29945212e-04  7.25619376e-01
 -4.28202659e-01]
wbc_action q (first 5): [-0.26320979  0.01847707 -0.0050507   0.70657563  0.10378878]
arm joint targets: {'left_shoulder_roll_joint': -0.07312989979982376, 'right_shoulder_roll_joint': 0.0, 'left_elbow_joint': 0.0, 'right_elbow_joint': 0.0}

--- WBC DEBUG STEP ---
num_envs: 1
navigate_cmd (vel_x, vel_y, yaw): [0.         0.00111652 0.00332031]
base_height_cmd (height): [0.7470703]
torso_orientation_rpy_cmd: [0. 0. 0.]
wbc_obs q (first 5): [-2.97416300e-01 -1.76456888e-04 -4.28752042e-04  7.25618184e-01
 -4.28201854e-01]
wbc_action q (first 5): [-0.26263431  0.01854112 -0.00502985  0.70532084  0.10428913]
arm joint targets: {'left_shoulder_roll_joint': -0.06986836344003677, 'right_shoulder_roll_joint': 0.0, 'left_elbow_joint': 0.0, 'right_elbow_joint': 0.0}

--- WBC DEBUG STEP ---
num_envs: 1
navigate_cmd (vel_x, vel_y, yaw): [0.         0.00181294 0.00429688]
base_height_cmd (height): [0.74560547]
torso_orientation_rpy_cmd: [0. 0. 0.]
wbc_obs q (first 5): [-2.97416210e-01 -1.76958478e-04 -4.29622654e-04  7.25617945e-01
 -4.28201586e-01]
wbc_action q (first 5): [-0.26276785  0.01832252 -0.00498205  0.70652378  0.10360806]
arm joint targets: {'left_shoulder_roll_joint': -0.06443247944116592, 'right_shoulder_roll_joint': 0.0, 'left_elbow_joint': 0.0, 'right_elbow_joint': 0.0}

--- WBC DEBUG STEP ---
num_envs: 1
navigate_cmd (vel_x, vel_y, yaw): [0.         0.00118616 0.00039063]
base_height_cmd (height): [0.7432617]
torso_orientation_rpy_cmd: [0. 0. 0.]
wbc_obs q (first 5): [-2.97416389e-01 -1.77001333e-04 -4.29898355e-04  7.25618780e-01
 -4.28202212e-01]
wbc_action q (first 5): [-0.2636694   0.01850872 -0.00483607  0.70901513  0.10206346]
arm joint targets: {'left_shoulder_roll_joint': -0.07204271852970123, 'right_shoulder_roll_joint': 0.0, 'left_elbow_joint': 0.0, 'right_elbow_joint': 0.0}

--- WBC DEBUG STEP ---
num_envs: 1
navigate_cmd (vel_x, vel_y, yaw): [0.         0.00153437 0.00234375]
base_height_cmd (height): [0.7453125]
torso_orientation_rpy_cmd: [0. 0. 0.]
wbc_obs q (first 5): [-2.97416210e-01 -1.76460220e-04 -4.28171828e-04  7.25617886e-01
 -4.28201824e-01]
wbc_action q (first 5): [-0.26400304  0.01881488 -0.00465794  0.70777953  0.10207127]
arm joint targets: {'left_shoulder_roll_joint': -0.07204271852970123, 'right_shoulder_roll_joint': 0.0, 'left_elbow_joint': 0.0, 'right_elbow_joint': 0.0}

--- WBC DEBUG STEP ---
num_envs: 1
navigate_cmd (vel_x, vel_y, yaw): [0.         0.00153437 0.00332031]
base_height_cmd (height): [0.74384767]
torso_orientation_rpy_cmd: [0. 0. 0.]
wbc_obs q (first 5): [-2.97416657e-01 -1.77026071e-04 -4.29482898e-04  7.25619614e-01
 -4.28202957e-01]
wbc_action q (first 5): [-0.26427895  0.01864359 -0.00475905  0.70888811  0.10133617]
arm joint targets: {'left_shoulder_roll_joint': -0.0709555447101593, 'right_shoulder_roll_joint': 0.0, 'left_elbow_joint': 0.0, 'right_elbow_joint': 0.0}

--- WBC DEBUG STEP ---
num_envs: 1
navigate_cmd (vel_x, vel_y, yaw): [ 0.         -0.0004156   0.00332031]
base_height_cmd (height): [0.7470703]
torso_orientation_rpy_cmd: [0. 0. 0.]
wbc_obs q (first 5): [-2.97415763e-01 -1.75410300e-04 -4.26594925e-04  7.25617707e-01
 -4.28201705e-01]
wbc_action q (first 5): [-0.26357433  0.01926012 -0.00483933  0.70594597  0.10305463]
arm joint targets: {'left_shoulder_roll_joint': -0.062258124351501465, 'right_shoulder_roll_joint': 0.0, 'left_elbow_joint': 0.0, 'right_elbow_joint': 0.0}

--- WBC DEBUG STEP ---
num_envs: 1
navigate_cmd (vel_x, vel_y, yaw): [0.         0.00111652 0.00527344]
base_height_cmd (height): [0.74384767]
torso_orientation_rpy_cmd: [0. 0. 0.]
wbc_obs q (first 5): [-2.97415704e-01 -1.76101312e-04 -4.27248160e-04  7.25617290e-01
 -4.28201914e-01]
wbc_action q (first 5): [-0.26389837  0.01871594 -0.00483614  0.70848846  0.10255139]
arm joint targets: {'left_shoulder_roll_joint': -0.0709555447101593, 'right_shoulder_roll_joint': 0.0, 'left_elbow_joint': 0.0, 'right_elbow_joint': 0.0}

--- WBC DEBUG STEP ---
num_envs: 1
navigate_cmd (vel_x, vel_y, yaw): [0.        0.0012558 0.00625  ]
base_height_cmd (height): [0.7435547]
torso_orientation_rpy_cmd: [0. 0. 0.]
wbc_obs q (first 5): [-2.97416896e-01 -1.76567512e-04 -4.28272353e-04  7.25619376e-01
 -4.28202778e-01]
wbc_action q (first 5): [-0.26450339  0.01869122 -0.00476085  0.7094242   0.10133232]
arm joint targets: {'left_shoulder_roll_joint': -0.06660683453083038, 'right_shoulder_roll_joint': 0.0, 'left_elbow_joint': 0.0, 'right_elbow_joint': 0.0}

--- WBC DEBUG STEP ---
num_envs: 1
navigate_cmd (vel_x, vel_y, yaw): [0.         0.00181294 0.00429688]
base_height_cmd (height): [0.7432617]
torso_orientation_rpy_cmd: [0. 0. 0.]
wbc_obs q (first 5): [-2.97417015e-01 -1.76595408e-04 -4.29178705e-04  7.25619733e-01
 -4.28202927e-01]
wbc_action q (first 5): [-0.26497462  0.01856394 -0.00477006  0.70977616  0.10053797]
arm joint targets: {'left_shoulder_roll_joint': -0.06551965326070786, 'right_shoulder_roll_joint': 0.0, 'left_elbow_joint': 0.0, 'right_elbow_joint': 0.0}
